Sample_ID,Date,Shift,Bank,Cell no,Chalcopyrite_Grade_pct,Cu_Feed_Grade_pct,Hydrocyclone_Split_pct,Feed_Solids_pct,Pulp_pH,Collector_Type,Collector_Dosage_g_per_t,Frother_Type,Frother_Dosage_g_per_t,Depressant_Dosage_g_per_t,pH_Regulator_Type,pH_Regulator_Dosage_g_per_t,Air_Flow_Rate_cm_per_s,Bubble_Size_mm,Impeller_Speed_rpm,Cell_Volume_m3,Feed_Rate_t_per_h,Residence_Time_min,Copper_Recovery_pct,Concentrate_Grade_pct,Tailings_Grade_pct
2025-01-01_Shift-A_Bank-1_Cell-01_0001,01-01-2025,Shift-A,Bank-1,Cell-01_0001,1.034,0.358,56.7,36.6,11.43,Sodium Isopropyl Xanthate (SIPX),45,Pine Oil,5,95,Lime (CaO),2435,1.12,2.11,154,176.9,146.6,34.63,91.74,23.96,0.032
2025-01-01_Shift-B_Bank-2_Cell-01_0002,01-01-2025,Shift-B,Bank-2,Cell-01_0002,2.193,0.759,73.3,43.2,9.16,Sodium Isopropyl Xanthate (SIPX),61.6,Pine Oil,19,122.7,Lime (CaO),808,1.02,1.63,163,165.2,103.8,57.16,96.19,21.03,0.037
2025-01-02_Shift-C_Bank-3_Cell-01_0003,02-01-2025,Shift-C,Bank-3,Cell-01_0003,2.375,0.822,64.8,25,11.16,Sodium Isopropyl Xanthate (SIPX),56.9,Pine Oil,23.5,5.6,Lime (CaO),1804,1.92,1.77,134,163.1,215.6,13.49,89.28,18.5,0.126
2025-01-02_Shift-A_Bank-4_Cell-01_0004,02-01-2025,Shift-A,Bank-4,Cell-01_0004,0.705,0.244,60.2,31.6,9.73,Sodium Isopropyl Xanthate (SIPX),8,Pine Oil,26.1,227.4,Lime (CaO),991,2.14,2.1,176,98.2,161,14.52,64.82,29.12,0.131
2025-01-02_Shift-B_Bank-1_Cell-02_0005,02-01-2025,Shift-B,Bank-1,Cell-02_0005,0.926,0.321,66.2,30.6,11.92,Sodium Isopropyl Xanthate (SIPX),55.8,Pine Oil,17.5,67.1,Lime (CaO),918,0.54,1.56,173,168.6,140.4,27.44,89.81,21.87,0.04
2025-01-02_Shift-C_Bank-2_Cell-02_0006,02-01-2025,Shift-C,Bank-2,Cell-02_0006,1.401,0.485,61.6,38.5,9.44,Sodium Isopropyl Xanthate (SIPX),20.4,Pine Oil,16.8,65.3,Lime (CaO),774,1.49,1.59,121,183.1,183.3,30.67,91.52,18.87,0.05
2025-01-03_Shift-A_Bank-3_Cell-02_0007,03-01-2025,Shift-A,Bank-3,Cell-02_0007,1.118,0.387,63.1,36.8,10.98,Sodium Isopropyl Xanthate (SIPX),53.4,Pine Oil,17,117.1,Lime (CaO),691,1.66,1.99,145,193.9,279,20.14,93.39,26.42,0.046
2025-01-03_Shift-B_Bank-4_Cell-02_0008,03-01-2025,Shift-B,Bank-4,Cell-02_0008,2.315,0.802,62.6,45,10.15,Sodium Isopropyl Xanthate (SIPX),16.5,Pine Oil,32.7,302.7,Lime (CaO),1310,2.05,1.68,128,86.8,115.9,28.44,80.1,20.14,0.242
2025-01-03_Shift-C_Bank-1_Cell-03_0009,03-01-2025,Shift-C,Bank-1,Cell-03_0009,1.645,0.57,69.6,30.8,11.61,Sodium Isopropyl Xanthate (SIPX),59.7,Pine Oil,26.7,126,Lime (CaO),2004,0.88,1.8,247,136.8,103.1,30.58,89.84,24.28,0.08
2025-01-04_Shift-A_Bank-2_Cell-03_0010,04-01-2025,Shift-A,Bank-2,Cell-03_0010,2.569,0.89,45,33.6,9.69,Sodium Isopropyl Xanthate (SIPX),46.8,Pine Oil,25.4,115.9,Lime (CaO),1156,1.41,1.67,239,89.4,202.5,11.36,74.34,23.78,0.334
2025-01-04_Shift-B_Bank-3_Cell-03_0011,04-01-2025,Shift-B,Bank-3,Cell-03_0011,1.947,0.674,47.7,38.1,10.49,Sodium Isopropyl Xanthate (SIPX),30.4,Pine Oil,32.6,91.7,Lime (CaO),1695,1.67,1.62,190,136,160.5,25.69,90.57,23.36,0.086
2025-01-04_Shift-C_Bank-4_Cell-03_0012,04-01-2025,Shift-C,Bank-4,Cell-03_0012,1.115,0.386,63.8,30.1,11.31,Sodium Isopropyl Xanthate (SIPX),28.4,Pine Oil,22.8,212.7,Lime (CaO),2387,1.36,1.79,155,160.6,227.7,15.77,87.93,29.58,0.051
2025-01-04_Shift-A_Bank-1_Cell-04_0013,04-01-2025,Shift-A,Bank-1,Cell-04_0013,1.868,0.647,55.9,29.7,11.17,Sodium Isopropyl Xanthate (SIPX),64.5,Pine Oil,31.1,146,Lime (CaO),1886,1.73,1.09,162,62.4,189.2,7.27,87.12,29.86,0.117
2025-01-05_Shift-B_Bank-2_Cell-04_0014,05-01-2025,Shift-B,Bank-2,Cell-04_0014,2.314,0.801,59.3,35,10.13,Sodium Isopropyl Xanthate (SIPX),65.2,Pine Oil,27.9,39.5,Lime (CaO),1133,1.2,1.39,149,66.1,170.2,10.51,93.58,22.87,0.075
2025-01-05_Shift-C_Bank-3_Cell-04_0015,05-01-2025,Shift-C,Bank-3,Cell-04_0015,1.567,0.543,45.6,22.4,8.75,Sodium Isopropyl Xanthate (SIPX),43,Pine Oil,10.5,128.9,Lime (CaO),1293,0.99,1.8,215,248,116.2,33.45,72.89,16.99,0.222
2025-01-05_Shift-A_Bank-4_Cell-04_0016,05-01-2025,Shift-A,Bank-4,Cell-04_0016,1.48,0.513,51.2,26.6,9.4,Sodium Isopropyl Xanthate (SIPX),44.3,Pine Oil,5,33.8,Lime (CaO),671,1.29,2.28,88,160.2,200.9,15.37,62.57,16.92,0.306
2025-01-06_Shift-B_Bank-1_Cell-05_0017,06-01-2025,Shift-B,Bank-1,Cell-05_0017,1.202,0.416,40,40.8,10.7,Sodium Isopropyl Xanthate (SIPX),15.3,Pine Oil,27.4,94.8,Lime (CaO),1255,1.54,1.51,154,156,178.4,29.03,86.16,24.22,0.073
2025-01-06_Shift-C_Bank-2_Cell-05_0018,06-01-2025,Shift-C,Bank-2,Cell-05_0018,2.674,0.926,60,35.1,10.27,Sodium Isopropyl Xanthate (SIPX),43.4,Pine Oil,27.9,154.1,Lime (CaO),1664,0.63,1.87,195,161.1,106.3,41.21,95.38,28.62,0.061
2025-01-06_Shift-A_Bank-3_Cell-05_0019,06-01-2025,Shift-A,Bank-3,Cell-05_0019,1.499,0.519,60.4,29,10.47,Sodium Isopropyl Xanthate (SIPX),57,Pine Oil,28.3,117.7,Lime (CaO),1760,1.12,1.33,133,179,141.5,27.11,95.14,27.03,0.037
2025-01-06_Shift-B_Bank-4_Cell-05_0020,06-01-2025,Shift-B,Bank-4,Cell-05_0020,1.337,0.463,58.4,32.1,11.39,Sodium Isopropyl Xanthate (SIPX),21.9,Pine Oil,19.3,29.3,Lime (CaO),2031,0.61,1.57,156,197,156.1,30.64,92.58,21.51,0.038
2025-01-07_Shift-C_Bank-1_Cell-06_0021,07-01-2025,Shift-C,Bank-1,Cell-06_0021,1.38,0.478,71.2,33.1,9.27,Sodium Isopropyl Xanthate (SIPX),55,Pine Oil,37.4,41.4,Lime (CaO),1237,1.19,1.49,188,74.9,261.5,7.22,67.41,16.88,0.244
2025-01-07_Shift-A_Bank-2_Cell-06_0022,07-01-2025,Shift-A,Bank-2,Cell-06_0022,2.001,0.693,72.2,36.8,10.18,Sodium Isopropyl Xanthate (SIPX),47.6,Pine Oil,19.9,120.2,Lime (CaO),540,1.95,1.83,223,212.9,222.5,27.69,94.53,26.22,0.056
2025-01-07_Shift-B_Bank-3_Cell-06_0023,07-01-2025,Shift-B,Bank-3,Cell-06_0023,1.865,0.646,60.6,25.9,10.58,Sodium Isopropyl Xanthate (SIPX),34.4,Pine Oil,27.8,282.2,Lime (CaO),2147,0.95,1.62,116,209.8,174,22.52,88.61,27.61,0.101
2025-01-07_Shift-C_Bank-4_Cell-06_0024,07-01-2025,Shift-C,Bank-4,Cell-06_0024,1.903,0.659,43.9,28.6,9.73,Sodium Isopropyl Xanthate (SIPX),61.4,Pine Oil,29.4,81.2,Lime (CaO),1082,1.75,1.58,113,146.8,211.7,14.6,80.97,22.51,0.176
2025-01-08_Shift-A_Bank-1_Cell-07_0025,08-01-2025,Shift-A,Bank-1,Cell-07_0025,3.933,1.362,66.7,32.5,11.26,Sodium Isopropyl Xanthate (SIPX),52.2,Pine Oil,21.1,118.4,Lime (CaO),758,2.06,1.85,107,40,164,6.01,70.53,30.46,0.622
2025-01-08_Shift-B_Bank-2_Cell-07_0026,08-01-2025,Shift-B,Bank-2,Cell-07_0026,1.349,0.467,64.6,36,10.68,Sodium Isopropyl Xanthate (SIPX),75.1,Pine Oil,18.1,52.8,Lime (CaO),1669,1.51,1.8,109,90.3,208.4,12.16,88.22,23.14,0.069
2025-01-08_Shift-C_Bank-3_Cell-07_0027,08-01-2025,Shift-C,Bank-3,Cell-07_0027,1.29,0.447,70.3,26.6,12.1,Sodium Isopropyl Xanthate (SIPX),71.9,Pine Oil,10.5,158.8,Lime (CaO),1798,1.81,2.12,128,174.9,197.6,17.05,76.27,21.93,0.149
2025-01-09_Shift-A_Bank-4_Cell-07_0028,09-01-2025,Shift-A,Bank-4,Cell-07_0028,2.571,0.89,53.8,35.5,10.75,Sodium Isopropyl Xanthate (SIPX),34.6,Pine Oil,28.1,123.3,Lime (CaO),1722,1.46,1.5,166,146.4,205.6,19.67,94.45,32.63,0.079
2025-01-09_Shift-B_Bank-1_Cell-08_0029,09-01-2025,Shift-B,Bank-1,Cell-08_0029,1.525,0.528,68.4,33.7,9.53,Sodium Isopropyl Xanthate (SIPX),40.5,Pine Oil,45,56.9,Lime (CaO),736,1.62,1.13,129,242.4,189.6,33.04,94.78,23.36,0.04
2025-01-09_Shift-C_Bank-2_Cell-08_0030,09-01-2025,Shift-C,Bank-2,Cell-08_0030,1.132,0.392,54.1,28.7,9.35,Sodium Isopropyl Xanthate (SIPX),31.5,Pine Oil,12.3,60.9,Lime (CaO),904,1.21,2,236,131.1,204.7,13.5,67.53,18.71,0.212
2025-01-09_Shift-A_Bank-3_Cell-08_0031,09-01-2025,Shift-A,Bank-3,Cell-08_0031,2.103,0.728,74.9,32.6,11.06,Sodium Isopropyl Xanthate (SIPX),59.6,Pine Oil,22.2,49.6,Lime (CaO),1851,1.53,1.38,131,254.7,213.5,29.55,94.45,23.57,0.06
2025-01-10_Shift-B_Bank-4_Cell-08_0032,10-01-2025,Shift-B,Bank-4,Cell-08_0032,2.186,0.757,59.8,39.6,11.4,Sodium Isopropyl Xanthate (SIPX),84.4,Pine Oil,15.2,71.8,Lime (CaO),2250,1.52,1.52,231,97.4,268.8,11.53,84.75,20.74,0.149
2025-01-10_Shift-C_Bank-1_Cell-09_0033,10-01-2025,Shift-C,Bank-1,Cell-09_0033,2.01,0.696,69.1,32.4,10.66,Sodium Isopropyl Xanthate (SIPX),44.9,Pine Oil,20.4,65.9,Lime (CaO),1531,1.39,1.59,179,79.4,228.1,8.54,90.1,27.4,0.085
2025-01-10_Shift-A_Bank-2_Cell-09_0034,10-01-2025,Shift-A,Bank-2,Cell-09_0034,1.21,0.419,64,28.4,8.64,Sodium Isopropyl Xanthate (SIPX),21.8,Pine Oil,20.4,56.9,Lime (CaO),373,1.42,1.76,166,129.8,270.1,10.01,74.47,18.73,0.156
2025-01-11_Shift-B_Bank-3_Cell-09_0035,11-01-2025,Shift-B,Bank-3,Cell-09_0035,1.764,0.611,61.1,30.4,9.48,Sodium Isopropyl Xanthate (SIPX),21.8,Pine Oil,18.7,18.6,Lime (CaO),1162,1.09,1.75,180,113.6,159.1,16.21,88.68,16.56,0.102
2025-01-11_Shift-C_Bank-4_Cell-09_0036,11-01-2025,Shift-C,Bank-4,Cell-09_0036,1.68,0.582,73.6,34,10.94,Sodium Isopropyl Xanthate (SIPX),60,Pine Oil,11.5,32.1,Lime (CaO),2803,1.57,1.99,180,132.5,116.7,29.67,94.34,22.12,0.023
2025-01-11_Shift-A_Bank-1_Cell-10_0037,11-01-2025,Shift-A,Bank-1,Cell-10_0037,1.754,0.607,60,31.1,10.42,Sodium Isopropyl Xanthate (SIPX),44.9,Pine Oil,38.3,175.3,Lime (CaO),1932,1.53,1.32,236,188.3,183.5,23.89,92.23,30.53,0.06
2025-01-11_Shift-B_Bank-2_Cell-10_0038,11-01-2025,Shift-B,Bank-2,Cell-10_0038,2.307,0.799,46.9,35.5,7.84,Sodium Isopropyl Xanthate (SIPX),61.8,Pine Oil,26.7,58.2,Lime (CaO),267,1.27,1.81,185,148.4,179.6,22.82,86.46,16.65,0.16
2025-01-12_Shift-C_Bank-3_Cell-10_0039,12-01-2025,Shift-C,Bank-3,Cell-10_0039,1.758,0.609,55.2,35.7,11.58,Sodium Isopropyl Xanthate (SIPX),36.4,Pine Oil,22,72.8,Lime (CaO),1886,1.73,1.87,186,149.6,257.1,16.19,89.1,20.98,0.068
2025-01-12_Shift-A_Bank-4_Cell-10_0040,12-01-2025,Shift-A,Bank-4,Cell-10_0040,2.128,0.737,66.7,37.6,10.53,Sodium Isopropyl Xanthate (SIPX),61,Pine Oil,30.8,63.2,Lime (CaO),1794,1.88,1.63,149,152.8,138,32.97,96.98,24.7,0.032
2025-01-12_Shift-B_Bank-1_Cell-11_0041,12-01-2025,Shift-B,Bank-1,Cell-11_0041,1.646,0.57,65.4,40.4,9.62,Sodium Isopropyl Xanthate (SIPX),43.2,Pine Oil,28.2,215.8,Lime (CaO),1053,1.73,1.8,197,40,186.4,7.03,69.73,23.05,0.27
2025-01-13_Shift-C_Bank-2_Cell-11_0042,13-01-2025,Shift-C,Bank-2,Cell-11_0042,1.807,0.626,48.7,38.2,11.35,Sodium Isopropyl Xanthate (SIPX),32.8,Pine Oil,26.5,48.7,Lime (CaO),1423,1.01,1.33,129,77.3,208.6,11.24,78.36,21.22,0.193
2025-01-13_Shift-A_Bank-3_Cell-11_0043,13-01-2025,Shift-A,Bank-3,Cell-11_0043,2.086,0.722,55.8,28.1,9.76,Sodium Isopropyl Xanthate (SIPX),38.8,Pine Oil,30.2,45.9,Lime (CaO),1003,1.49,1.5,169,131.5,194.6,13.93,90.14,18.48,0.088
2025-01-13_Shift-B_Bank-4_Cell-11_0044,13-01-2025,Shift-B,Bank-4,Cell-11_0044,0.868,0.3,57.1,28.3,9.75,Sodium Isopropyl Xanthate (SIPX),24.5,Pine Oil,25.2,125.2,Lime (CaO),1218,1.07,1.64,260,109.5,182.1,12.49,67.98,24.99,0.14
2025-01-13_Shift-C_Bank-1_Cell-12_0045,13-01-2025,Shift-C,Bank-1,Cell-12_0045,1.399,0.484,58.9,32.6,10.74,Sodium Isopropyl Xanthate (SIPX),81.8,Pine Oil,30,100,Lime (CaO),1065,1.49,1.62,80,138.9,206.5,16.65,88.19,27.12,0.057
2025-01-14_Shift-A_Bank-2_Cell-12_0046,14-01-2025,Shift-A,Bank-2,Cell-12_0046,1.313,0.455,50.3,30.7,12.09,Sodium Isopropyl Xanthate (SIPX),44.3,Pine Oil,30.8,127.5,Lime (CaO),2805,1.07,1.23,174,217.4,239.6,20.78,90.52,20.94,0.055
2025-01-14_Shift-B_Bank-3_Cell-12_0047,14-01-2025,Shift-B,Bank-3,Cell-12_0047,1.223,0.424,56.7,27.1,11.94,Sodium Isopropyl Xanthate (SIPX),57.6,Pine Oil,25.5,122.2,Lime (CaO),2003,1.99,1.74,175,146.4,260.6,11.05,78.94,19.37,0.132
2025-01-14_Shift-C_Bank-4_Cell-12_0048,14-01-2025,Shift-C,Bank-4,Cell-12_0048,1.425,0.494,55.8,30.7,10.74,Sodium Isopropyl Xanthate (SIPX),36.3,Pine Oil,22,161.4,Lime (CaO),1130,1.78,1.83,156,86.5,191.5,10.37,88.21,31.42,0.07
2025-01-15_Shift-A_Bank-1_Cell-01_0049,15-01-2025,Shift-A,Bank-1,Cell-01_0049,2.998,1.038,68.6,30.5,10.84,Sodium Isopropyl Xanthate (SIPX),27.1,Pine Oil,37.8,28.6,Lime (CaO),2115,1.93,1.57,157,111.9,152.5,16.73,90.14,21.02,0.148
2025-01-15_Shift-B_Bank-2_Cell-01_0050,15-01-2025,Shift-B,Bank-2,Cell-01_0050,2.403,0.832,60.8,31.4,9.21,Sodium Isopropyl Xanthate (SIPX),65.8,Pine Oil,27.5,46.1,Lime (CaO),736,1.34,1.69,155,223.6,140.4,37.52,96.22,19.05,0.041
2025-01-15_Shift-C_Bank-3_Cell-01_0051,15-01-2025,Shift-C,Bank-3,Cell-01_0051,0.789,0.273,58.7,39.1,11.01,Sodium Isopropyl Xanthate (SIPX),36.6,Pine Oil,27.7,13.3,Lime (CaO),1396,1.27,1.56,173,178.6,272.4,20.57,93.44,17.07,0.02
2025-01-15_Shift-A_Bank-4_Cell-01_0052,15-01-2025,Shift-A,Bank-4,Cell-01_0052,1.39,0.481,63.2,34,9.7,Sodium Isopropyl Xanthate (SIPX),30.3,Pine Oil,18.5,121.6,Lime (CaO),1828,2.18,2.11,146,75,251.8,7.79,69.53,25.17,0.229
2025-01-16_Shift-B_Bank-1_Cell-02_0053,16-01-2025,Shift-B,Bank-1,Cell-02_0053,1.713,0.593,55.1,45,10.7,Sodium Isopropyl Xanthate (SIPX),48.8,Pine Oil,16.7,116.9,Lime (CaO),1240,1.38,1.77,242,164.7,258.5,24.21,88.4,17.38,0.105
2025-01-16_Shift-C_Bank-2_Cell-02_0054,16-01-2025,Shift-C,Bank-2,Cell-02_0054,2.047,0.709,52.3,33.9,10.18,Sodium Isopropyl Xanthate (SIPX),55,Pine Oil,20.8,86.4,Lime (CaO),541,0.88,1.74,155,168.4,221.5,19.76,93.95,27.88,0.051
2025-01-16_Shift-A_Bank-3_Cell-02_0055,16-01-2025,Shift-A,Bank-3,Cell-02_0055,2.157,0.747,54,31.5,10.88,Sodium Isopropyl Xanthate (SIPX),75.6,Pine Oil,19.6,163.3,Lime (CaO),1199,1.87,1.98,187,151.2,92.8,38.6,98.56,30.65,0.02
2025-01-17_Shift-B_Bank-4_Cell-02_0056,17-01-2025,Shift-B,Bank-4,Cell-02_0056,2.233,0.773,56.6,33,10.51,Sodium Isopropyl Xanthate (SIPX),52.4,Pine Oil,10.9,46.4,Lime (CaO),1499,1.51,1.91,140,122.6,142.2,21.69,96.99,23.99,0.034
2025-01-17_Shift-C_Bank-1_Cell-03_0057,17-01-2025,Shift-C,Bank-1,Cell-03_0057,1.382,0.479,52.1,34.3,7.8,Sodium Isopropyl Xanthate (SIPX),57.6,Pine Oil,18.1,135.1,Lime (CaO),280,2.08,2.03,200,132.6,204.1,17.17,71.45,15.31,0.211
2025-01-17_Shift-A_Bank-2_Cell-03_0058,17-01-2025,Shift-A,Bank-2,Cell-03_0058,2.294,0.794,68.2,43.8,11.01,Sodium Isopropyl Xanthate (SIPX),25.2,Pine Oil,35.4,82.1,Lime (CaO),2222,1.44,1.52,181,95,175.5,19.81,88.8,19.17,0.117
2025-01-17_Shift-B_Bank-3_Cell-03_0059,17-01-2025,Shift-B,Bank-3,Cell-03_0059,1.476,0.511,48.5,28.6,10.82,Sodium Isopropyl Xanthate (SIPX),28.7,Pine Oil,29,15.5,Lime (CaO),1662,2.09,1.94,126,215.6,218.2,20.78,84.43,17.9,0.11
2025-01-18_Shift-C_Bank-4_Cell-03_0060,18-01-2025,Shift-C,Bank-4,Cell-03_0060,0.936,0.324,62.2,37.5,10.3,Sodium Isopropyl Xanthate (SIPX),26.5,Pine Oil,5,164.4,Lime (CaO),973,0.8,2.42,136,192.4,182.2,31.27,81.36,29.38,0.08
2025-01-18_Shift-A_Bank-1_Cell-04_0061,18-01-2025,Shift-A,Bank-1,Cell-04_0061,0.994,0.344,60.1,34.1,11.96,Sodium Isopropyl Xanthate (SIPX),22,Pine Oil,29.8,113.9,Lime (CaO),2880,1.2,1.64,229,136.3,133.9,26.65,89.18,23.45,0.056
2025-01-18_Shift-B_Bank-2_Cell-04_0062,18-01-2025,Shift-B,Bank-2,Cell-04_0062,1.087,0.377,64.9,24.8,10.7,Sodium Isopropyl Xanthate (SIPX),60.3,Pine Oil,19,131.7,Lime (CaO),1396,1.08,1.68,136,166.9,230.7,12.82,82.93,22.76,0.089
2025-01-18_Shift-C_Bank-3_Cell-04_0063,18-01-2025,Shift-C,Bank-3,Cell-04_0063,1.972,0.683,61.9,37,10.82,Sodium Isopropyl Xanthate (SIPX),51.2,Pine Oil,28.1,41.3,Lime (CaO),1374,0.53,1.64,189,168.7,213.7,23,91.13,20.36,0.076
2025-01-19_Shift-A_Bank-4_Cell-04_0064,19-01-2025,Shift-A,Bank-4,Cell-04_0064,1.699,0.588,49.6,39.6,11.39,Sodium Isopropyl Xanthate (SIPX),47.4,Pine Oil,23.9,105.1,Lime (CaO),1522,1.82,1.81,129,262.5,178.5,46.84,98.56,22.96,0.022
2025-01-19_Shift-B_Bank-1_Cell-05_0065,19-01-2025,Shift-B,Bank-1,Cell-05_0065,2.138,0.74,51.3,28.5,10.74,Sodium Isopropyl Xanthate (SIPX),8,Pine Oil,22.3,77.6,Lime (CaO),1026,1.22,1.78,203,191.9,222.7,18.07,81.85,25.08,0.209
2025-01-19_Shift-C_Bank-2_Cell-05_0066,19-01-2025,Shift-C,Bank-2,Cell-05_0066,1.71,0.592,70.7,24,8.08,Sodium Isopropyl Xanthate (SIPX),29.9,Pine Oil,23.8,101.8,Lime (CaO),253,1.61,1.39,128,151.8,251.2,10.3,68.32,15.87,0.279
2025-01-20_Shift-A_Bank-3_Cell-05_0067,20-01-2025,Shift-A,Bank-3,Cell-05_0067,2.081,0.721,43.2,26.5,9.95,Sodium Isopropyl Xanthate (SIPX),82.9,Pine Oil,36.1,242.4,Lime (CaO),1373,1.7,1.68,138,129.1,197,12.54,70.14,23.46,0.344
2025-01-20_Shift-B_Bank-4_Cell-05_0068,20-01-2025,Shift-B,Bank-4,Cell-05_0068,1.405,0.487,64.9,38.4,11.12,Sodium Isopropyl Xanthate (SIPX),19.9,Pine Oil,23.8,196.5,Lime (CaO),1590,1.26,1.95,144,216.4,250.9,26.43,93.1,30.2,0.047
2025-01-20_Shift-C_Bank-1_Cell-06_0069,20-01-2025,Shift-C,Bank-1,Cell-06_0069,1.938,0.671,72.1,30.6,10.06,Sodium Isopropyl Xanthate (SIPX),31.4,Pine Oil,33.8,71.3,Lime (CaO),756,1.13,1.53,180,181.3,103.8,39.88,94.43,26.41,0.05
2025-01-20_Shift-A_Bank-2_Cell-06_0070,20-01-2025,Shift-A,Bank-2,Cell-06_0070,1.212,0.42,60.7,27.2,11.16,Sodium Isopropyl Xanthate (SIPX),8,Pine Oil,32.5,121.5,Lime (CaO),909,1.49,1.56,168,110.2,211.1,10.34,72.69,24.12,0.173
2025-01-21_Shift-B_Bank-3_Cell-06_0071,21-01-2025,Shift-B,Bank-3,Cell-06_0071,1.363,0.472,56,30.3,11.62,Sodium Isopropyl Xanthate (SIPX),26.2,Pine Oil,7.9,160.5,Lime (CaO),1942,1.43,1.98,164,190.2,150.5,28.52,92.86,25.11,0.04
2025-01-21_Shift-C_Bank-4_Cell-06_0072,21-01-2025,Shift-C,Bank-4,Cell-06_0072,0.968,0.335,61,30.6,10.12,Sodium Isopropyl Xanthate (SIPX),26.7,Pine Oil,34,80,Lime (CaO),1013,1.16,1.55,122,49.4,243.3,4.63,61.54,24.46,0.206
2025-01-21_Shift-A_Bank-1_Cell-07_0073,21-01-2025,Shift-A,Bank-1,Cell-07_0073,1.963,0.68,48.2,36.8,10.84,Sodium Isopropyl Xanthate (SIPX),21.3,Pine Oil,19.9,60.2,Lime (CaO),1508,0.95,1.83,189,105.7,230.9,13.26,78.38,23.37,0.213
2025-01-22_Shift-B_Bank-2_Cell-07_0074,22-01-2025,Shift-B,Bank-2,Cell-07_0074,1.314,0.455,42.1,27,10.88,Sodium Isopropyl Xanthate (SIPX),60,Pine Oil,30.4,104.1,Lime (CaO),1730,1.54,1.63,196,167.4,97.7,33.53,93.21,24.8,0.043
2025-01-22_Shift-C_Bank-3_Cell-07_0075,22-01-2025,Shift-C,Bank-3,Cell-07_0075,1.608,0.557,70,28.3,11.83,Sodium Isopropyl Xanthate (SIPX),58.8,Pine Oil,15.2,186.9,Lime (CaO),2744,1.22,1.93,164,57.6,222.9,5.36,65.66,25.02,0.296
2025-01-22_Shift-A_Bank-4_Cell-07_0076,22-01-2025,Shift-A,Bank-4,Cell-07_0076,1.93,0.668,58.1,38,9.96,Sodium Isopropyl Xanthate (SIPX),33.7,Pine Oil,41.8,62.8,Lime (CaO),1248,1.35,1.4,232,137,156.7,26.41,89.81,22.14,0.105
2025-01-22_Shift-B_Bank-1_Cell-08_0077,22-01-2025,Shift-B,Bank-1,Cell-08_0077,2.116,0.733,50.2,39.4,11.21,Sodium Isopropyl Xanthate (SIPX),49.9,Pine Oil,15.4,229.2,Lime (CaO),2255,1.26,1.66,159,173.6,151.6,36.3,96.25,26,0.038
2025-01-23_Shift-C_Bank-2_Cell-08_0078,23-01-2025,Shift-C,Bank-2,Cell-08_0078,1.535,0.532,50,29.5,11.87,Sodium Isopropyl Xanthate (SIPX),22.8,Pine Oil,34.3,43.4,Lime (CaO),1703,1.57,1.56,129,175.8,116.8,32.93,91.85,19.54,0.06
2025-01-23_Shift-A_Bank-3_Cell-08_0079,23-01-2025,Shift-A,Bank-3,Cell-08_0079,1.339,0.464,60.5,37.9,10.63,Sodium Isopropyl Xanthate (SIPX),40,Pine Oil,25.1,54.7,Lime (CaO),1414,1.68,1.96,187,226,174.5,38.9,95.43,22.48,0.03
2025-01-23_Shift-B_Bank-4_Cell-08_0080,23-01-2025,Shift-B,Bank-4,Cell-08_0080,1.547,0.536,55.8,28.9,10.12,Sodium Isopropyl Xanthate (SIPX),36.7,Pine Oil,20.2,156.1,Lime (CaO),1321,2.28,2,122,153.9,181.8,18.05,83.37,25.02,0.113
2025-01-24_Shift-C_Bank-1_Cell-09_0081,24-01-2025,Shift-C,Bank-1,Cell-09_0081,0.788,0.273,65.2,42.5,11.12,Sodium Isopropyl Xanthate (SIPX),54.4,Pine Oil,23.6,13.4,Lime (CaO),1127,1.77,1.97,157,132.1,226.7,20.45,92.13,16.83,0.024
2025-01-24_Shift-A_Bank-2_Cell-09_0082,24-01-2025,Shift-A,Bank-2,Cell-09_0082,0.871,0.302,65.8,27.1,11.23,Sodium Isopropyl Xanthate (SIPX),64.3,Pine Oil,12.3,89.1,Lime (CaO),1878,2.12,1.96,142,87.2,202.4,8.49,69.11,22.84,0.129
2025-01-24_Shift-B_Bank-3_Cell-09_0083,24-01-2025,Shift-B,Bank-3,Cell-09_0083,0.918,0.318,64.7,39.9,10.06,Sodium Isopropyl Xanthate (SIPX),63.8,Pine Oil,23.9,71,Lime (CaO),1233,1.11,1.64,138,131.5,141.2,29.99,93.86,19.94,0.026
2025-01-24_Shift-C_Bank-4_Cell-09_0084,24-01-2025,Shift-C,Bank-4,Cell-09_0084,1.052,0.364,64,29.6,10.71,Sodium Isopropyl Xanthate (SIPX),30.8,Pine Oil,14.3,237.6,Lime (CaO),1724,0.78,1.75,155,184,201,20.06,84.39,30.38,0.082
2025-01-25_Shift-A_Bank-1_Cell-10_0085,25-01-2025,Shift-A,Bank-1,Cell-10_0085,1.094,0.379,52.9,36.1,12.2,Sodium Isopropyl Xanthate (SIPX),45.2,Pine Oil,32.3,40.7,Lime (CaO),2221,1.81,1.82,207,162.7,147,31.19,89.1,17.16,0.065
2025-01-25_Shift-B_Bank-2_Cell-10_0086,25-01-2025,Shift-B,Bank-2,Cell-10_0086,2.761,0.956,71.6,30.3,10.44,Sodium Isopropyl Xanthate (SIPX),33.2,Pine Oil,10.7,71.6,Lime (CaO),2190,1.96,2.26,178,211.3,218.7,21.79,90.7,28.09,0.113
2025-01-25_Shift-C_Bank-3_Cell-10_0087,25-01-2025,Shift-C,Bank-3,Cell-10_0087,1.378,0.477,72.7,37.1,10.35,Sodium Isopropyl Xanthate (SIPX),35.9,Pine Oil,31.7,182.3,Lime (CaO),1814,0.4,1.75,155,153.6,210.5,21.3,79.97,25.54,0.142
2025-01-26_Shift-A_Bank-4_Cell-10_0088,26-01-2025,Shift-A,Bank-4,Cell-10_0088,1.081,0.374,59.3,32.6,10.29,Sodium Isopropyl Xanthate (SIPX),51.5,Pine Oil,19.1,53,Lime (CaO),1378,1.59,1.77,179,115.1,156.5,18.23,93.16,24.63,0.022
2025-01-26_Shift-B_Bank-1_Cell-11_0089,26-01-2025,Shift-B,Bank-1,Cell-11_0089,1.468,0.508,73.5,33.2,10.58,Sodium Isopropyl Xanthate (SIPX),49.1,Pine Oil,30.7,188.1,Lime (CaO),1236,0.8,1.62,80,146.5,197.9,18.77,77.51,31.69,0.177
2025-01-26_Shift-C_Bank-2_Cell-11_0090,26-01-2025,Shift-C,Bank-2,Cell-11_0090,1.074,0.372,66.3,36.9,9.4,Sodium Isopropyl Xanthate (SIPX),41.3,Pine Oil,22.5,297.3,Lime (CaO),939,1.75,1.61,92,126.9,126.7,29.11,87.09,24.99,0.078
2025-01-26_Shift-A_Bank-3_Cell-11_0091,26-01-2025,Shift-A,Bank-3,Cell-11_0091,1.388,0.481,63.7,33.7,11.63,Sodium Isopropyl Xanthate (SIPX),90,Pine Oil,13.5,197.3,Lime (CaO),1565,1.52,1.88,159,188,144.6,33.55,95.97,27.86,0.027
2025-01-27_Shift-B_Bank-4_Cell-11_0092,27-01-2025,Shift-B,Bank-4,Cell-11_0092,2.277,0.789,60.1,26.3,9.32,Sodium Isopropyl Xanthate (SIPX),69.5,Pine Oil,40.6,60.4,Lime (CaO),397,1.61,1.64,175,101.3,191.6,10.03,78.83,16.28,0.237
2025-01-27_Shift-C_Bank-1_Cell-12_0093,27-01-2025,Shift-C,Bank-1,Cell-12_0093,0.775,0.268,58.7,28.8,9.99,Sodium Isopropyl Xanthate (SIPX),33,Pine Oil,23.8,86.4,Lime (CaO),1053,1.87,1.68,148,134.6,202.1,14.1,88.08,23.82,0.045
2025-01-27_Shift-A_Bank-2_Cell-12_0094,27-01-2025,Shift-A,Bank-2,Cell-12_0094,1.92,0.665,64.4,34.2,10.49,Sodium Isopropyl Xanthate (SIPX),41.1,Pine Oil,23.3,42.2,Lime (CaO),1660,1.63,1.81,223,60.7,115.1,13.89,89.65,24.61,0.096
2025-01-28_Shift-B_Bank-3_Cell-12_0095,28-01-2025,Shift-B,Bank-3,Cell-12_0095,1.768,0.612,59.9,39.3,12.29,Sodium Isopropyl Xanthate (SIPX),42.1,Pine Oil,20.4,48.2,Lime (CaO),2444,0.83,1.81,183,178.5,141.4,39.88,93.92,15.35,0.046
2025-01-28_Shift-C_Bank-4_Cell-12_0096,28-01-2025,Shift-C,Bank-4,Cell-12_0096,1.247,0.432,61.6,41.4,10,Sodium Isopropyl Xanthate (SIPX),48.6,Pine Oil,34.6,46.3,Lime (CaO),1292,1.39,1.4,156,209.8,173.2,41.02,97.15,18.02,0.025
2025-01-28_Shift-A_Bank-1_Cell-01_0097,28-01-2025,Shift-A,Bank-1,Cell-01_0097,1.649,0.571,56.2,34.5,9.88,Sodium Isopropyl Xanthate (SIPX),53.9,Pine Oil,10.1,96.3,Lime (CaO),1290,1.72,2.27,224,189,152.6,32.94,91.16,26.35,0.084
2025-01-28_Shift-B_Bank-2_Cell-01_0098,28-01-2025,Shift-B,Bank-2,Cell-01_0098,1.281,0.444,66.5,36.9,11.98,Sodium Isopropyl Xanthate (SIPX),72.1,Pine Oil,17.9,88.9,Lime (CaO),2410,2.04,2.05,184,190.3,196.5,28.11,93.36,22.07,0.044
2025-01-29_Shift-C_Bank-3_Cell-01_0099,29-01-2025,Shift-C,Bank-3,Cell-01_0099,1.764,0.611,85,29.5,7.8,Sodium Isopropyl Xanthate (SIPX),22.4,Pine Oil,35.9,141.9,Lime (CaO),298,0.93,1.51,136,183.6,201.3,19.95,60.4,16.72,0.384
2025-01-29_Shift-A_Bank-4_Cell-01_0100,29-01-2025,Shift-A,Bank-4,Cell-01_0100,1.615,0.559,46.9,32.2,9.45,Sodium Isopropyl Xanthate (SIPX),25.7,Pine Oil,31.5,99.8,Lime (CaO),986,1.17,1.74,144,179.5,178.5,24.5,89.33,23.01,0.088
2025-01-29_Shift-B_Bank-1_Cell-02_0101,29-01-2025,Shift-B,Bank-1,Cell-02_0101,3.135,1.086,64.8,28.7,12.3,Sodium Isopropyl Xanthate (SIPX),37.3,Pine Oil,21.7,133.2,Lime (CaO),3106,1.08,1.65,110,182.6,202.3,19.07,88.69,18.61,0.185
2025-01-30_Shift-C_Bank-2_Cell-02_0102,30-01-2025,Shift-C,Bank-2,Cell-02_0102,1.447,0.501,55.5,26.5,10.96,Sodium Isopropyl Xanthate (SIPX),38.1,Pine Oil,36.4,147.1,Lime (CaO),1663,1.26,1.22,163,118.5,128.1,17.73,91.02,27.64,0.067
2025-01-30_Shift-A_Bank-3_Cell-02_0103,30-01-2025,Shift-A,Bank-3,Cell-02_0103,1.041,0.36,66.9,34.7,9.35,Sodium Isopropyl Xanthate (SIPX),82,Pine Oil,30.7,61.2,Lime (CaO),933,1.62,1.8,125,140.4,159.8,23.57,95.08,18.73,0.021
2025-01-30_Shift-B_Bank-4_Cell-02_0104,30-01-2025,Shift-B,Bank-4,Cell-02_0104,1.725,0.597,62.4,34,10.36,Sodium Isopropyl Xanthate (SIPX),64,Pine Oil,21.6,78.8,Lime (CaO),1417,1.26,1.72,152,153.4,256,15.62,93.14,26.02,0.047
2025-01-30_Shift-C_Bank-1_Cell-03_0105,30-01-2025,Shift-C,Bank-1,Cell-03_0105,1.755,0.608,68.5,36.6,10.46,Sodium Isopropyl Xanthate (SIPX),63,Pine Oil,22.5,350,Lime (CaO),1269,1.72,1.87,175,133.9,259.2,14.82,87.91,32.15,0.092
2025-01-31_Shift-A_Bank-2_Cell-03_0106,31-01-2025,Shift-A,Bank-2,Cell-03_0106,2.832,0.981,72,35.8,11.2,Sodium Isopropyl Xanthate (SIPX),41.2,Pine Oil,27,57.4,Lime (CaO),1599,1.9,1.59,90,74.8,228.8,9.14,74.28,23.66,0.363
2025-01-31_Shift-B_Bank-3_Cell-03_0107,31-01-2025,Shift-B,Bank-3,Cell-03_0107,1.859,0.644,71.6,35.9,10.77,Sodium Isopropyl Xanthate (SIPX),19.9,Pine Oil,24,30.4,Lime (CaO),1261,0.98,1.47,146,161,106,42.53,95.93,20.91,0.029
2025-01-31_Shift-C_Bank-4_Cell-03_0108,31-01-2025,Shift-C,Bank-4,Cell-03_0108,0.971,0.336,75.5,35.1,11.15,Sodium Isopropyl Xanthate (SIPX),54.8,Pine Oil,8.8,50.4,Lime (CaO),1470,2.07,2.06,146,150.4,175.7,23.33,81.7,22.65,0.096
2025-01-31_Shift-A_Bank-1_Cell-04_0109,31-01-2025,Shift-A,Bank-1,Cell-04_0109,1.223,0.424,65.2,29.2,9.74,Sodium Isopropyl Xanthate (SIPX),69.1,Pine Oil,22.3,91.2,Lime (CaO),1169,2.1,1.75,155,280,301.1,20.08,92.45,20.95,0.041
2025-02-01_Shift-B_Bank-2_Cell-04_0110,01-02-2025,Shift-B,Bank-2,Cell-04_0110,1.358,0.47,51.6,36.5,8.73,Sodium Isopropyl Xanthate (SIPX),43.4,Pine Oil,33.3,84.8,Lime (CaO),547,1.13,1.08,110,171.4,224.3,21.84,85.59,18.84,0.091
2025-02-01_Shift-C_Bank-3_Cell-04_0111,01-02-2025,Shift-C,Bank-3,Cell-04_0111,1.457,0.505,61.9,29.8,9.28,Sodium Isopropyl Xanthate (SIPX),19.5,Pine Oil,19.7,118.7,Lime (CaO),937,1.45,1.79,153,181.4,188.9,21.2,93.56,20.56,0.047
2025-02-01_Shift-A_Bank-4_Cell-04_0112,01-02-2025,Shift-A,Bank-4,Cell-04_0112,0.863,0.299,64.4,30.3,10.7,Sodium Isopropyl Xanthate (SIPX),59.2,Pine Oil,32.6,178,Lime (CaO),1088,1.81,1.38,169,201.4,134.8,33.68,96.26,30.62,0.022
2025-02-02_Shift-B_Bank-1_Cell-05_0113,02-02-2025,Shift-B,Bank-1,Cell-05_0113,1.044,0.362,71.2,27.2,9.26,Sodium Isopropyl Xanthate (SIPX),45.6,Pine Oil,23.6,40.5,Lime (CaO),1037,2,1.91,181,152.7,80,37.66,92.89,18.64,0.028
2025-02-02_Shift-C_Bank-2_Cell-05_0114,02-02-2025,Shift-C,Bank-2,Cell-05_0114,1.825,0.632,47,39.6,7.8,Sodium Isopropyl Xanthate (SIPX),26.9,Pine Oil,40.2,78.1,Lime (CaO),135,1.25,1.17,191,229.8,249,29.41,77.65,17.24,0.202
2025-02-02_Shift-A_Bank-3_Cell-05_0115,02-02-2025,Shift-A,Bank-3,Cell-05_0115,2.275,0.788,70.3,38.5,9.41,Sodium Isopropyl Xanthate (SIPX),8.5,Pine Oil,30,27.7,Lime (CaO),1162,1.43,1.64,141,211.6,161.6,40.24,94.45,13.98,0.069
2025-02-02_Shift-B_Bank-4_Cell-05_0116,02-02-2025,Shift-B,Bank-4,Cell-05_0116,3.701,1.282,62.1,35.8,9.95,Sodium Isopropyl Xanthate (SIPX),43.5,Pine Oil,20.3,17,Lime (CaO),1152,1.41,1.71,105,109.1,104.1,29.23,96.57,18.4,0.043
2025-02-03_Shift-C_Bank-1_Cell-06_0117,03-02-2025,Shift-C,Bank-1,Cell-06_0117,5.44,1.884,60.3,43.3,9.82,Sodium Isopropyl Xanthate (SIPX),72.1,Pine Oil,26.2,99,Lime (CaO),586,1.18,1.55,213,165.4,210.1,28.3,93.39,19.02,0.18
2025-02-03_Shift-A_Bank-2_Cell-06_0118,03-02-2025,Shift-A,Bank-2,Cell-06_0118,1.904,0.659,49.5,32,11.84,Sodium Isopropyl Xanthate (SIPX),76.1,Pine Oil,20.8,37.9,Lime (CaO),1987,1.76,1.77,180,75.7,209.3,8.75,77.5,19.37,0.216
2025-02-03_Shift-B_Bank-3_Cell-06_0119,03-02-2025,Shift-B,Bank-3,Cell-06_0119,1.056,0.366,66.3,45,9.82,Sodium Isopropyl Xanthate (SIPX),52.4,Pine Oil,31.7,88.3,Lime (CaO),1026,1.6,1.89,129,223,225.3,37.61,94.75,16.79,0.027
2025-02-04_Shift-C_Bank-4_Cell-06_0120,04-02-2025,Shift-C,Bank-4,Cell-06_0120,0.653,0.226,41.5,31.8,11.24,Sodium Isopropyl Xanthate (SIPX),81.3,Pine Oil,12,101.7,Lime (CaO),1571,1.51,1.78,176,160.8,241.3,15.99,76.65,24.48,0.086
2025-02-04_Shift-A_Bank-1_Cell-07_0121,04-02-2025,Shift-A,Bank-1,Cell-07_0121,1.79,0.62,67.5,34.3,10.38,Sodium Isopropyl Xanthate (SIPX),45.2,Pine Oil,16.6,20.2,Lime (CaO),1083,1.6,1.84,206,214.7,147.7,38.42,96.32,18.23,0.031
2025-02-04_Shift-B_Bank-2_Cell-07_0122,04-02-2025,Shift-B,Bank-2,Cell-07_0122,1.137,0.394,49.3,30.9,10.36,Sodium Isopropyl Xanthate (SIPX),63.2,Pine Oil,28.1,112.4,Lime (CaO),1275,1.71,1.73,231,144.8,149.8,22.39,90.05,26.58,0.05
2025-02-04_Shift-C_Bank-3_Cell-07_0123,04-02-2025,Shift-C,Bank-3,Cell-07_0123,1.344,0.465,62.5,34.9,9.61,Sodium Isopropyl Xanthate (SIPX),37.9,Pine Oil,35,172.6,Lime (CaO),964,1.7,1.3,175,60.9,175.3,9.39,83.15,26.25,0.123
2025-02-05_Shift-A_Bank-4_Cell-07_0124,05-02-2025,Shift-A,Bank-4,Cell-07_0124,1.237,0.428,61,37.3,10.34,Sodium Isopropyl Xanthate (SIPX),36.7,Pine Oil,5,129.9,Lime (CaO),605,1.1,1.79,205,276.6,227.8,35.8,92.41,26.22,0.044
2025-02-05_Shift-B_Bank-1_Cell-08_0125,05-02-2025,Shift-B,Bank-1,Cell-08_0125,1.508,0.522,71.9,32.4,9.67,Sodium Isopropyl Xanthate (SIPX),33.8,Pine Oil,36.4,41.3,Lime (CaO),1427,1.83,1.39,119,156.3,93.3,41.15,95.85,18.4,0.056
2025-02-05_Shift-C_Bank-2_Cell-08_0126,05-02-2025,Shift-C,Bank-2,Cell-08_0126,2.504,0.867,60.5,42.2,10.56,Sodium Isopropyl Xanthate (SIPX),8.9,Pine Oil,22.7,84.4,Lime (CaO),1277,1.56,1.79,164,102,195.9,18.11,88.63,21.84,0.123
2025-02-06_Shift-A_Bank-3_Cell-08_0127,06-02-2025,Shift-A,Bank-3,Cell-08_0127,1.497,0.518,57.7,34.4,9.5,Sodium Isopropyl Xanthate (SIPX),34.5,Pine Oil,5,79.2,Lime (CaO),678,1.55,2.01,178,247.7,231,28.43,91.96,22.91,0.063
2025-02-06_Shift-B_Bank-4_Cell-08_0128,06-02-2025,Shift-B,Bank-4,Cell-08_0128,1.036,0.359,72.8,28.3,11.34,Sodium Isopropyl Xanthate (SIPX),31.6,Pine Oil,10.2,29.1,Lime (CaO),2063,1.59,2.08,226,140.3,222.6,13.07,69.81,17.26,0.165
2025-02-06_Shift-C_Bank-1_Cell-09_0129,06-02-2025,Shift-C,Bank-1,Cell-09_0129,0.792,0.274,66.6,35.2,10.81,Sodium Isopropyl Xanthate (SIPX),24.8,Pine Oil,23.8,46.9,Lime (CaO),1006,1.9,1.65,174,145.2,238.9,16.58,88.71,21.43,0.048
2025-02-06_Shift-A_Bank-2_Cell-09_0130,06-02-2025,Shift-A,Bank-2,Cell-09_0130,1.304,0.452,58.7,32.3,9.97,Sodium Isopropyl Xanthate (SIPX),42.3,Pine Oil,23.4,74.2,Lime (CaO),1314,1.01,1.64,129,161.4,80,49.36,96.71,23.62,0.02
2025-02-07_Shift-B_Bank-3_Cell-09_0131,07-02-2025,Shift-B,Bank-3,Cell-09_0131,1.564,0.542,60,29.8,10.54,Sodium Isopropyl Xanthate (SIPX),77.7,Pine Oil,29.7,100.7,Lime (CaO),1339,2.01,1.45,117,96.7,264.2,8.1,80.69,26.97,0.152
2025-02-07_Shift-C_Bank-4_Cell-09_0132,07-02-2025,Shift-C,Bank-4,Cell-09_0132,3.362,1.164,48.7,29,10.32,Sodium Isopropyl Xanthate (SIPX),83.7,Pine Oil,19.1,57.1,Lime (CaO),1158,1.46,1.8,228,116.8,205.2,12.16,84.81,20.83,0.26
2025-02-07_Shift-A_Bank-1_Cell-10_0133,07-02-2025,Shift-A,Bank-1,Cell-10_0133,1.69,0.585,65.3,45,9.58,Sodium Isopropyl Xanthate (SIPX),16.1,Pine Oil,14,15.1,Lime (CaO),789,1.24,1.89,185,235.5,251.4,35.59,90.69,17.64,0.069
2025-02-08_Shift-B_Bank-2_Cell-10_0134,08-02-2025,Shift-B,Bank-2,Cell-10_0134,1.297,0.449,68.4,25.4,9.81,Sodium Isopropyl Xanthate (SIPX),27.4,Pine Oil,24.3,242.2,Lime (CaO),1098,1.03,1.46,152,109.8,109.3,18.31,86.11,24.76,0.076
2025-02-08_Shift-C_Bank-3_Cell-10_0135,08-02-2025,Shift-C,Bank-3,Cell-10_0135,0.973,0.337,63.1,29.4,9.5,Sodium Isopropyl Xanthate (SIPX),63.8,Pine Oil,26.1,113,Lime (CaO),918,0.72,1.57,175,128.3,272.2,10.24,76.11,23.92,0.122
2025-02-08_Shift-A_Bank-4_Cell-10_0136,08-02-2025,Shift-A,Bank-4,Cell-10_0136,1.067,0.369,82.3,32.7,8.86,Sodium Isopropyl Xanthate (SIPX),51.2,Pine Oil,16.9,98.8,Lime (CaO),676,1.73,1.65,127,201.5,147.4,34.01,87.05,19.52,0.078
2025-02-08_Shift-B_Bank-1_Cell-11_0137,08-02-2025,Shift-B,Bank-1,Cell-11_0137,1.18,0.409,52.6,35.8,10.06,Sodium Isopropyl Xanthate (SIPX),34.5,Pine Oil,32.1,46.3,Lime (CaO),1126,2.28,1.72,180,55.2,175.7,8.77,68.56,19,0.187
2025-02-09_Shift-C_Bank-2_Cell-11_0138,09-02-2025,Shift-C,Bank-2,Cell-11_0138,3.912,1.355,61.1,35.9,10.94,Sodium Isopropyl Xanthate (SIPX),47.3,Pine Oil,18.4,62,Lime (CaO),2090,0.77,2,120,162.2,214.3,21.19,93.08,25.8,0.114
2025-02-09_Shift-A_Bank-3_Cell-11_0139,09-02-2025,Shift-A,Bank-3,Cell-11_0139,1.133,0.392,77.3,36.5,9.74,Sodium Isopropyl Xanthate (SIPX),37.4,Pine Oil,16.2,13.9,Lime (CaO),639,1.05,1.76,151,268.2,225.6,34.05,90.8,16.46,0.058
2025-02-09_Shift-B_Bank-4_Cell-11_0140,09-02-2025,Shift-B,Bank-4,Cell-11_0140,2.275,0.788,72.1,29.6,12.3,Sodium Isopropyl Xanthate (SIPX),75.1,Pine Oil,19.1,43.8,Lime (CaO),2121,1.77,1.6,141,247.5,239.6,22.7,93.68,16.85,0.054
2025-02-10_Shift-C_Bank-1_Cell-12_0141,10-02-2025,Shift-C,Bank-1,Cell-12_0141,1.095,0.379,56.1,34.8,11.24,Sodium Isopropyl Xanthate (SIPX),55.8,Pine Oil,33.7,109.1,Lime (CaO),1314,1.43,1.33,80,177.5,200.3,23.81,90.34,29.2,0.055
2025-02-10_Shift-A_Bank-2_Cell-12_0142,10-02-2025,Shift-A,Bank-2,Cell-12_0142,2.366,0.819,63.9,28.4,11.64,Sodium Isopropyl Xanthate (SIPX),58.1,Pine Oil,22.8,99.3,Lime (CaO),1516,1.8,1.5,152,213.2,141.5,31.47,96.55,23.33,0.034
2025-02-10_Shift-B_Bank-3_Cell-12_0143,10-02-2025,Shift-B,Bank-3,Cell-12_0143,1.881,0.651,62,29.8,11.16,Sodium Isopropyl Xanthate (SIPX),8,Pine Oil,17.7,53,Lime (CaO),1928,1.41,1.57,131,212.7,222.5,21.13,89.29,22.07,0.092
2025-02-10_Shift-C_Bank-4_Cell-12_0144,10-02-2025,Shift-C,Bank-4,Cell-12_0144,1.498,0.519,64.4,28.2,12.16,Sodium Isopropyl Xanthate (SIPX),44.8,Pine Oil,32.3,79.1,Lime (CaO),1783,1.21,1.58,157,144,223.2,13.34,84.89,20.92,0.122
2025-02-11_Shift-A_Bank-1_Cell-01_0145,11-02-2025,Shift-A,Bank-1,Cell-01_0145,1.573,0.545,56.1,26.8,9.65,Sodium Isopropyl Xanthate (SIPX),83.5,Pine Oil,43.3,88.9,Lime (CaO),658,1.36,1.01,165,194.4,106.5,35.49,94.22,19.73,0.047
2025-02-11_Shift-B_Bank-2_Cell-01_0146,11-02-2025,Shift-B,Bank-2,Cell-01_0146,1.215,0.421,61.2,38.5,7.97,Sodium Isopropyl Xanthate (SIPX),69.9,Pine Oil,25.9,55.3,Lime (CaO),455,0.45,1.66,232,235.9,255.3,28.4,75.86,15.59,0.154
2025-02-11_Shift-C_Bank-3_Cell-01_0147,11-02-2025,Shift-C,Bank-3,Cell-01_0147,1.93,0.668,48.4,36.6,9.98,Sodium Isopropyl Xanthate (SIPX),12.8,Pine Oil,35.1,117.4,Lime (CaO),1479,0.97,1.42,177,89.3,80,32.05,89.94,24.69,0.074
2025-02-11_Shift-A_Bank-4_Cell-01_0148,11-02-2025,Shift-A,Bank-4,Cell-01_0148,0.956,0.331,65.8,33.2,10.54,Sodium Isopropyl Xanthate (SIPX),24.4,Pine Oil,18.5,63.7,Lime (CaO),917,1.95,1.94,184,167.4,160.8,26.36,96.16,23.87,0.02
2025-02-12_Shift-B_Bank-1_Cell-02_0149,12-02-2025,Shift-B,Bank-1,Cell-02_0149,0.935,0.324,60.1,37,10.66,Sodium Isopropyl Xanthate (SIPX),76.8,Pine Oil,24.2,30.8,Lime (CaO),1609,2.04,1.68,198,155,222.5,20.32,93.57,19.61,0.025
2025-02-12_Shift-C_Bank-2_Cell-02_0150,12-02-2025,Shift-C,Bank-2,Cell-02_0150,1.72,0.596,48.3,23.8,11.65,Sodium Isopropyl Xanthate (SIPX),50.4,Pine Oil,12.5,60.3,Lime (CaO),1800,1.64,2.04,182,150.7,213.5,11.93,72.81,16.75,0.246
2025-02-12_Shift-A_Bank-3_Cell-02_0151,12-02-2025,Shift-A,Bank-3,Cell-02_0151,3.106,1.075,70.4,37.5,10.76,Sodium Isopropyl Xanthate (SIPX),32.2,Pine Oil,22.2,57.2,Lime (CaO),2140,0.5,1.57,176,161.1,188.3,25.36,92.62,21.05,0.121
2025-02-13_Shift-B_Bank-4_Cell-02_0152,13-02-2025,Shift-B,Bank-4,Cell-02_0152,1.711,0.593,65.1,33.9,11.16,Sodium Isopropyl Xanthate (SIPX),46.6,Pine Oil,18.4,52.9,Lime (CaO),1988,1.18,1.7,192,165.1,210.7,20.4,96.72,23.79,0.021
2025-02-13_Shift-C_Bank-1_Cell-03_0153,13-02-2025,Shift-C,Bank-1,Cell-03_0153,1.522,0.527,55.8,36.3,9.51,Sodium Isopropyl Xanthate (SIPX),8,Pine Oil,20.4,21.1,Lime (CaO),1090,2.01,1.81,80,203.7,186,31.06,78.69,15.65,0.155
2025-02-13_Shift-A_Bank-2_Cell-03_0154,13-02-2025,Shift-A,Bank-2,Cell-03_0154,1.804,0.625,59.6,35,9.36,Sodium Isopropyl Xanthate (SIPX),26.5,Pine Oil,17.3,202.5,Lime (CaO),756,2.13,2.12,244,172.9,222.8,21,76.07,22.81,0.235
2025-02-13_Shift-B_Bank-3_Cell-03_0155,13-02-2025,Shift-B,Bank-3,Cell-03_0155,2.769,0.959,49.2,27.9,11.93,Sodium Isopropyl Xanthate (SIPX),46.7,Pine Oil,21.4,196.2,Lime (CaO),2374,2.02,1.96,225,141.5,290.5,9.92,64.37,24.52,0.54
2025-02-14_Shift-C_Bank-4_Cell-03_0156,14-02-2025,Shift-C,Bank-4,Cell-03_0156,1.754,0.608,53.3,25.2,10.5,Sodium Isopropyl Xanthate (SIPX),61.2,Pine Oil,28.8,77.1,Lime (CaO),877,1.35,1.13,173,109.7,128.3,15.43,94.68,21.76,0.047
2025-02-14_Shift-A_Bank-1_Cell-04_0157,14-02-2025,Shift-A,Bank-1,Cell-04_0157,1.346,0.466,57.4,29.3,9.81,Sodium Isopropyl Xanthate (SIPX),11.1,Pine Oil,22.9,100.4,Lime (CaO),1513,0.9,1.71,111,127.3,80,34.47,88.61,26.16,0.084
2025-02-14_Shift-B_Bank-2_Cell-04_0158,14-02-2025,Shift-B,Bank-2,Cell-04_0158,2.546,0.882,72.4,35.9,9.81,Sodium Isopropyl Xanthate (SIPX),39.1,Pine Oil,7.2,116,Lime (CaO),1219,1.43,1.72,211,162.5,170.9,26.67,90.81,25.6,0.123
2025-02-15_Shift-C_Bank-3_Cell-04_0159,15-02-2025,Shift-C,Bank-3,Cell-04_0159,1.916,0.663,56.6,36.6,9.78,Sodium Isopropyl Xanthate (SIPX),64.2,Pine Oil,17.3,78,Lime (CaO),746,1.46,1.73,139,116.1,167.7,19.87,94.76,24.14,0.036
2025-02-15_Shift-A_Bank-4_Cell-04_0160,15-02-2025,Shift-A,Bank-4,Cell-04_0160,3.05,1.056,67.4,25.9,9.73,Sodium Isopropyl Xanthate (SIPX),19.9,Pine Oil,10.3,105.3,Lime (CaO),1315,2.11,2.13,185,195.4,172.6,21.09,81,20.79,0.285
2025-02-15_Shift-B_Bank-1_Cell-05_0161,15-02-2025,Shift-B,Bank-1,Cell-05_0161,1.728,0.598,57.4,27.9,9.18,Sodium Isopropyl Xanthate (SIPX),50.1,Pine Oil,26.2,127.1,Lime (CaO),1497,1.55,1.54,116,170.6,147.4,23.62,91.68,20.54,0.073
2025-02-15_Shift-C_Bank-2_Cell-05_0162,15-02-2025,Shift-C,Bank-2,Cell-05_0162,0.957,0.331,64.1,29.2,8.97,Sodium Isopropyl Xanthate (SIPX),47.2,Pine Oil,28.5,95.5,Lime (CaO),598,1.46,1.63,250,204.9,230.1,19.23,82.85,16.96,0.079
2025-02-16_Shift-A_Bank-3_Cell-05_0163,16-02-2025,Shift-A,Bank-3,Cell-05_0163,0.901,0.312,60.8,31.1,10.21,Sodium Isopropyl Xanthate (SIPX),76.9,Pine Oil,26.3,142,Lime (CaO),1487,1.48,1.71,110,119.3,126.5,22.05,93.63,26.62,0.024
2025-02-16_Shift-B_Bank-4_Cell-05_0164,16-02-2025,Shift-B,Bank-4,Cell-05_0164,3.201,1.108,69.4,25.9,9.84,Sodium Isopropyl Xanthate (SIPX),41.9,Pine Oil,16.9,51.5,Lime (CaO),998,1.62,1.68,168,110.1,210.7,9.75,85.48,19.32,0.224
2025-02-16_Shift-C_Bank-1_Cell-06_0165,16-02-2025,Shift-C,Bank-1,Cell-06_0165,3.3,1.143,57.5,25.6,11.45,Sodium Isopropyl Xanthate (SIPX),42.9,Pine Oil,26.2,84.3,Lime (CaO),1891,1.71,1.52,84,204.5,219.4,17.15,88.34,19.98,0.193
2025-02-17_Shift-A_Bank-2_Cell-06_0166,17-02-2025,Shift-A,Bank-2,Cell-06_0166,1.484,0.514,48.6,28.7,10.68,Sodium Isopropyl Xanthate (SIPX),61.4,Pine Oil,19.8,350,Lime (CaO),820,1.15,1.73,163,156.2,204.6,16.15,81.28,30.73,0.142
2025-02-17_Shift-B_Bank-3_Cell-06_0167,17-02-2025,Shift-B,Bank-3,Cell-06_0167,2.956,1.024,57.5,26.9,9.69,Sodium Isopropyl Xanthate (SIPX),42,Pine Oil,30.7,97,Lime (CaO),989,2.03,1.61,208,183.5,233.7,15.3,86.43,22.2,0.186
2025-02-17_Shift-C_Bank-4_Cell-06_0168,17-02-2025,Shift-C,Bank-4,Cell-06_0168,1.099,0.381,65.5,38.5,10.74,Sodium Isopropyl Xanthate (SIPX),43.5,Pine Oil,32.5,87.4,Lime (CaO),716,2.14,1.45,208,89.7,174.1,15.83,83.57,24.97,0.091
2025-02-17_Shift-A_Bank-1_Cell-07_0169,17-02-2025,Shift-A,Bank-1,Cell-07_0169,2.096,0.726,58,26.2,11.08,Sodium Isopropyl Xanthate (SIPX),61.3,Pine Oil,18.5,156.8,Lime (CaO),1507,0.65,1.71,126,216.5,212.4,19.3,87.92,27.71,0.13
2025-02-18_Shift-B_Bank-2_Cell-07_0170,18-02-2025,Shift-B,Bank-2,Cell-07_0170,1.356,0.469,82.2,31.9,10.31,Sodium Isopropyl Xanthate (SIPX),56,Pine Oil,34.6,136.5,Lime (CaO),1950,1.2,1.33,154,130.3,217.6,14.43,81.21,31.57,0.11
2025-02-18_Shift-C_Bank-3_Cell-07_0171,18-02-2025,Shift-C,Bank-3,Cell-07_0171,1.597,0.553,47.2,38.3,11.43,Sodium Isopropyl Xanthate (SIPX),32.5,Pine Oil,19.6,16.4,Lime (CaO),1647,1.86,2.17,155,231.6,230.9,30.61,90.97,18.93,0.067
2025-02-18_Shift-A_Bank-4_Cell-07_0172,18-02-2025,Shift-A,Bank-4,Cell-07_0172,1.494,0.517,63.7,30.8,10.41,Sodium Isopropyl Xanthate (SIPX),48.5,Pine Oil,29.9,21.8,Lime (CaO),1339,1.45,1.44,184,86,111.2,17.83,94.99,18.52,0.027
2025-02-19_Shift-B_Bank-1_Cell-08_0173,19-02-2025,Shift-B,Bank-1,Cell-08_0173,1.844,0.638,52.4,30,11.15,Sodium Isopropyl Xanthate (SIPX),72.8,Pine Oil,19.4,22.8,Lime (CaO),1392,0.9,1.67,179,165.2,181.6,20.31,91.3,17.65,0.075
2025-02-19_Shift-C_Bank-2_Cell-08_0174,19-02-2025,Shift-C,Bank-2,Cell-08_0174,2.89,1.001,57.8,39.1,9.93,Sodium Isopropyl Xanthate (SIPX),31,Pine Oil,22,117.3,Lime (CaO),951,1.63,1.54,192,141.1,141,31.3,94.25,24.76,0.081
2025-02-19_Shift-A_Bank-3_Cell-08_0175,19-02-2025,Shift-A,Bank-3,Cell-08_0175,2.097,0.726,42.2,38.7,10.65,Sodium Isopropyl Xanthate (SIPX),42.5,Pine Oil,21.3,39.1,Lime (CaO),1183,1.36,1.75,190,181.6,223.4,25.16,92.56,17.97,0.071
2025-02-19_Shift-B_Bank-4_Cell-08_0176,19-02-2025,Shift-B,Bank-4,Cell-08_0176,0.676,0.234,64,35.2,11.09,Sodium Isopropyl Xanthate (SIPX),44.9,Pine Oil,24.8,75.9,Lime (CaO),1247,1.19,1.49,131,57.7,177.4,8.88,80.44,26.41,0.066
2025-02-20_Shift-C_Bank-1_Cell-09_0177,20-02-2025,Shift-C,Bank-1,Cell-09_0177,1.568,0.543,78.2,31.2,10.95,Sodium Isopropyl Xanthate (SIPX),16.6,Pine Oil,20.3,173.8,Lime (CaO),1797,1.44,1.88,180,136,156.5,20.37,86.98,30.7,0.085
2025-02-20_Shift-A_Bank-2_Cell-09_0178,20-02-2025,Shift-A,Bank-2,Cell-09_0178,1.123,0.389,58.1,35.5,10.8,Sodium Isopropyl Xanthate (SIPX),71.4,Pine Oil,39.8,121,Lime (CaO),1166,1.21,1.36,226,203,217.5,25.76,93.6,25.47,0.024
2025-02-20_Shift-B_Bank-3_Cell-09_0179,20-02-2025,Shift-B,Bank-3,Cell-09_0179,1.106,0.383,70.7,38.3,9.63,Sodium Isopropyl Xanthate (SIPX),64.5,Pine Oil,18.9,144.7,Lime (CaO),948,1.35,1.7,184,106.6,255.6,12.72,85.76,22.82,0.072
2025-02-21_Shift-C_Bank-4_Cell-09_0180,21-02-2025,Shift-C,Bank-4,Cell-09_0180,1.391,0.482,60.6,30.1,10.92,Sodium Isopropyl Xanthate (SIPX),34.8,Pine Oil,15.9,286.7,Lime (CaO),1624,1.29,1.86,191,188.4,271.6,15.57,86.43,31.59,0.1
2025-02-21_Shift-A_Bank-1_Cell-10_0181,21-02-2025,Shift-A,Bank-1,Cell-10_0181,2.351,0.814,57.1,33.2,10.81,Sodium Isopropyl Xanthate (SIPX),34.7,Pine Oil,18.9,87.9,Lime (CaO),1377,1.22,1.72,221,138,236,14.82,91.51,27.56,0.098
2025-02-21_Shift-B_Bank-2_Cell-10_0182,21-02-2025,Shift-B,Bank-2,Cell-10_0182,0.917,0.317,42.7,32.7,9.87,Sodium Isopropyl Xanthate (SIPX),67.8,Pine Oil,33.3,29.3,Lime (CaO),759,2.2,1.93,193,130.6,200.7,16.15,70.45,20.1,0.149
2025-02-21_Shift-C_Bank-3_Cell-10_0183,21-02-2025,Shift-C,Bank-3,Cell-10_0183,1.621,0.561,67.4,36.7,11.45,Sodium Isopropyl Xanthate (SIPX),63.9,Pine Oil,37.3,40.3,Lime (CaO),1834,0.76,1.39,169,211.2,274,22.19,87.58,18.32,0.099
2025-02-22_Shift-A_Bank-4_Cell-10_0184,22-02-2025,Shift-A,Bank-4,Cell-10_0184,1.306,0.452,61,27.7,9.56,Sodium Isopropyl Xanthate (SIPX),49.8,Pine Oil,17.7,40,Lime (CaO),1323,1.6,1.78,181,94,201.1,9.44,83.85,17.92,0.1
2025-02-22_Shift-B_Bank-1_Cell-11_0185,22-02-2025,Shift-B,Bank-1,Cell-11_0185,1.394,0.483,53.4,38.3,9.85,Sodium Isopropyl Xanthate (SIPX),59.7,Pine Oil,17.5,47.7,Lime (CaO),1265,1.35,1.71,137,127.9,168,23.21,94.57,18.65,0.032
2025-02-22_Shift-C_Bank-2_Cell-11_0186,22-02-2025,Shift-C,Bank-2,Cell-11_0186,2.438,0.844,63.1,35.4,11.95,Sodium Isopropyl Xanthate (SIPX),40.8,Pine Oil,13.6,65.9,Lime (CaO),1691,0.85,1.78,150,191.6,158.9,33.18,94.86,22.67,0.06
2025-02-22_Shift-A_Bank-3_Cell-11_0187,22-02-2025,Shift-A,Bank-3,Cell-11_0187,2.006,0.695,57,26.2,11.23,Sodium Isopropyl Xanthate (SIPX),45.8,Pine Oil,35.8,102.8,Lime (CaO),1672,1.11,1.44,114,90.9,157.6,10.87,76.27,22.69,0.229
2025-02-23_Shift-B_Bank-4_Cell-11_0188,23-02-2025,Shift-B,Bank-4,Cell-11_0188,2.806,0.972,57.5,39.3,10.06,Sodium Isopropyl Xanthate (SIPX),34.1,Pine Oil,34.1,25.4,Lime (CaO),482,1.58,1.57,222,235.2,189.7,39.1,96,17.22,0.059
2025-02-23_Shift-C_Bank-1_Cell-12_0189,23-02-2025,Shift-C,Bank-1,Cell-12_0189,1.499,0.519,67.2,44.6,10.67,Sodium Isopropyl Xanthate (SIPX),62.3,Pine Oil,23,29.9,Lime (CaO),1568,1.09,1.56,182,139.6,211.3,24.8,93.28,17.79,0.041
2025-02-23_Shift-A_Bank-2_Cell-12_0190,23-02-2025,Shift-A,Bank-2,Cell-12_0190,1.194,0.414,50.6,38.2,10.55,Sodium Isopropyl Xanthate (SIPX),33.5,Pine Oil,11.4,126.4,Lime (CaO),1294,1.56,1.93,130,192,124.9,46.71,93.66,28.48,0.032
2025-02-24_Shift-B_Bank-3_Cell-12_0191,24-02-2025,Shift-B,Bank-3,Cell-12_0191,1.456,0.504,70.9,40.4,7.8,Sodium Isopropyl Xanthate (SIPX),72.7,Pine Oil,12.2,57.4,Lime (CaO),268,2.18,2.16,175,191.9,169.3,37.13,81.8,18.33,0.132
2025-02-24_Shift-C_Bank-4_Cell-12_0192,24-02-2025,Shift-C,Bank-4,Cell-12_0192,1.772,0.613,50.1,33.4,9.54,Sodium Isopropyl Xanthate (SIPX),40.3,Pine Oil,25.5,43.5,Lime (CaO),804,1.52,1.67,209,142.7,199.8,18.26,89.22,17.58,0.09
2025-02-24_Shift-A_Bank-1_Cell-01_0193,24-02-2025,Shift-A,Bank-1,Cell-01_0193,1.723,0.597,56.4,24.4,10.35,Sodium Isopropyl Xanthate (SIPX),46.4,Pine Oil,28.9,71.6,Lime (CaO),1211,0.84,1.27,203,127,219.6,10.02,77.65,21.02,0.187
2025-02-24_Shift-B_Bank-2_Cell-01_0194,24-02-2025,Shift-B,Bank-2,Cell-01_0194,1.015,0.351,78.3,23.4,10.06,Sodium Isopropyl Xanthate (SIPX),59.7,Pine Oil,5.4,193.2,Lime (CaO),1455,1.09,1.89,130,147.9,188.8,12.96,61.17,21.72,0.214
2025-02-25_Shift-C_Bank-3_Cell-01_0195,25-02-2025,Shift-C,Bank-3,Cell-01_0195,1.761,0.61,62.8,29.9,11.47,Sodium Isopropyl Xanthate (SIPX),40.6,Pine Oil,38.6,131.8,Lime (CaO),1465,1.3,1.35,180,102.7,133,17.15,91.07,26.79,0.056
2025-02-25_Shift-A_Bank-4_Cell-01_0196,25-02-2025,Shift-A,Bank-4,Cell-01_0196,4.606,1.595,54,28.2,10.09,Sodium Isopropyl Xanthate (SIPX),45.5,Pine Oil,22,236.4,Lime (CaO),1076,1.51,1.54,131,92.2,148.1,12.9,89.99,30.59,0.21
2025-02-25_Shift-B_Bank-1_Cell-02_0197,25-02-2025,Shift-B,Bank-1,Cell-02_0197,1.118,0.387,62.6,36.2,10.71,Sodium Isopropyl Xanthate (SIPX),34.1,Pine Oil,29.8,250,Lime (CaO),1751,2.18,1.57,201,114.7,213.5,15.21,81.01,31.56,0.111
2025-02-26_Shift-C_Bank-2_Cell-02_0198,26-02-2025,Shift-C,Bank-2,Cell-02_0198,1.418,0.491,62.3,25.4,10.09,Sodium Isopropyl Xanthate (SIPX),43.7,Pine Oil,14.2,262.6,Lime (CaO),1228,1.45,1.79,207,167,200.6,15.19,83.25,24.87,0.12
2025-02-26_Shift-A_Bank-3_Cell-02_0199,26-02-2025,Shift-A,Bank-3,Cell-02_0199,0.865,0.3,61.2,30.7,10.25,Sodium Isopropyl Xanthate (SIPX),46.2,Pine Oil,21.4,26.1,Lime (CaO),1419,0.97,1.52,231,140.3,151,21.3,89.05,21.47,0.039
2025-02-26_Shift-B_Bank-4_Cell-02_0200,26-02-2025,Shift-B,Bank-4,Cell-02_0200,1.248,0.432,61.7,40.9,10.12,Sodium Isopropyl Xanthate (SIPX),61.6,Pine Oil,22.8,19.9,Lime (CaO),1561,1.93,1.93,212,142.4,179.1,26.43,94.99,15.83,0.033
2025-02-26_Shift-C_Bank-1_Cell-03_0201,26-02-2025,Shift-C,Bank-1,Cell-03_0201,1.827,0.633,60.2,27.4,12.3,Sodium Isopropyl Xanthate (SIPX),44.2,Pine Oil,15.4,37.8,Lime (CaO),1796,1.98,2.06,231,218.7,259.5,16.82,75.52,14.43,0.224
2025-02-27_Shift-A_Bank-2_Cell-03_0202,27-02-2025,Shift-A,Bank-2,Cell-03_0202,2.655,0.919,49.7,37.5,8.27,Sodium Isopropyl Xanthate (SIPX),78.5,Pine Oil,15.3,181.1,Lime (CaO),677,1.55,1.85,217,145.9,215,20.13,78.4,16.44,0.297
2025-02-27_Shift-B_Bank-3_Cell-03_0203,27-02-2025,Shift-B,Bank-3,Cell-03_0203,1.178,0.408,57.6,30.5,10.03,Sodium Isopropyl Xanthate (SIPX),43.2,Pine Oil,37.6,72.6,Lime (CaO),1230,1.35,1.31,221,132.9,182.5,16.56,87.5,23.84,0.06
2025-02-27_Shift-C_Bank-4_Cell-03_0204,27-02-2025,Shift-C,Bank-4,Cell-03_0204,1.216,0.421,69.8,35.8,10.4,Sodium Isopropyl Xanthate (SIPX),41.7,Pine Oil,15.2,66.2,Lime (CaO),1048,1.71,1.55,163,137.1,142.8,26.81,96.14,26.2,0.02
2025-02-28_Shift-A_Bank-1_Cell-04_0205,28-02-2025,Shift-A,Bank-1,Cell-04_0205,0.649,0.225,50.4,38.7,9.66,Sodium Isopropyl Xanthate (SIPX),42.9,Pine Oil,33.7,147.2,Lime (CaO),1121,1.36,1.37,116,125.8,157.2,24.75,87.45,22.37,0.03
2025-02-28_Shift-B_Bank-2_Cell-04_0206,28-02-2025,Shift-B,Bank-2,Cell-04_0206,1.494,0.517,60.4,36.9,11.25,Sodium Isopropyl Xanthate (SIPX),22.3,Pine Oil,20.1,55.2,Lime (CaO),2292,0.59,1.61,259,117.8,190.3,17.94,72.8,21.71,0.218
2025-02-28_Shift-C_Bank-3_Cell-04_0207,28-02-2025,Shift-C,Bank-3,Cell-04_0207,1.024,0.355,55,37.7,11.17,Sodium Isopropyl Xanthate (SIPX),27.3,Pine Oil,23.8,97,Lime (CaO),1599,1.69,1.73,167,126,202.7,18.58,92.29,23.15,0.039
2025-02-28_Shift-A_Bank-4_Cell-04_0208,28-02-2025,Shift-A,Bank-4,Cell-04_0208,1.281,0.444,62.9,27,10.35,Sodium Isopropyl Xanthate (SIPX),36.4,Pine Oil,29.1,126.3,Lime (CaO),1731,1.82,1.73,212,229.8,216,20.87,92.47,26.75,0.039
2025-03-01_Shift-B_Bank-1_Cell-05_0209,01-03-2025,Shift-B,Bank-1,Cell-05_0209,1.107,0.383,58.7,38.8,10.14,Sodium Isopropyl Xanthate (SIPX),66.4,Pine Oil,18.6,40.8,Lime (CaO),1051,2.06,2,144,184.2,207.8,27.47,95.04,19.18,0.032
2025-03-01_Shift-C_Bank-2_Cell-05_0210,01-03-2025,Shift-C,Bank-2,Cell-05_0210,1.538,0.533,74.6,28.6,10.29,Sodium Isopropyl Xanthate (SIPX),45.4,Pine Oil,29.1,33.3,Lime (CaO),1151,1.14,1.74,202,133.4,173,16.2,85.85,19.26,0.098
2025-03-01_Shift-A_Bank-3_Cell-05_0211,01-03-2025,Shift-A,Bank-3,Cell-05_0211,3.913,1.355,67.7,35.5,10.22,Sodium Isopropyl Xanthate (SIPX),73.9,Pine Oil,5,139.9,Lime (CaO),1684,1.49,2.21,161,216,164.4,36.3,95.44,27.13,0.084
2025-03-02_Shift-B_Bank-4_Cell-05_0212,02-03-2025,Shift-B,Bank-4,Cell-05_0212,0.932,0.323,55.4,34.8,10.64,Sodium Isopropyl Xanthate (SIPX),68.6,Pine Oil,22,37,Lime (CaO),1707,1.5,1.72,183,212.2,130.6,43.63,97.74,20.78,0.02
2025-03-02_Shift-C_Bank-1_Cell-06_0213,02-03-2025,Shift-C,Bank-1,Cell-06_0213,1.009,0.35,57.1,28.6,11.12,Sodium Isopropyl Xanthate (SIPX),30.6,Pine Oil,31.7,48.9,Lime (CaO),1371,1.47,1.45,206,257.3,114.6,47.23,98.56,25.05,0.02
2025-03-02_Shift-A_Bank-2_Cell-06_0214,02-03-2025,Shift-A,Bank-2,Cell-06_0214,0.978,0.339,69.6,34,8.74,Sodium Isopropyl Xanthate (SIPX),50.3,Pine Oil,13.5,77.6,Lime (CaO),739,1.96,1.99,212,212,163.5,33.8,88.1,15,0.052
2025-03-02_Shift-B_Bank-3_Cell-06_0215,02-03-2025,Shift-B,Bank-3,Cell-06_0215,1.847,0.64,56.7,32.8,10.64,Sodium Isopropyl Xanthate (SIPX),58.9,Pine Oil,25.7,37.1,Lime (CaO),1373,1.38,1.82,192,131,189.7,17.21,95.52,20.93,0.033
2025-03-03_Shift-C_Bank-4_Cell-06_0216,03-03-2025,Shift-C,Bank-4,Cell-06_0216,2.218,0.768,67.3,34.8,9.82,Sodium Isopropyl Xanthate (SIPX),62.7,Pine Oil,21.5,67.2,Lime (CaO),1182,1.46,1.84,193,103.8,194.2,14.37,93.09,22.27,0.063
2025-03-03_Shift-A_Bank-1_Cell-07_0217,03-03-2025,Shift-A,Bank-1,Cell-07_0217,1.921,0.665,76.5,29.6,10.56,Sodium Isopropyl Xanthate (SIPX),25.1,Pine Oil,28.7,135.3,Lime (CaO),1165,1.65,1.66,164,161.4,212.2,16.7,87.48,28.65,0.113
2025-03-03_Shift-B_Bank-2_Cell-07_0218,03-03-2025,Shift-B,Bank-2,Cell-07_0218,1.448,0.501,52,33.6,10.57,Sodium Isopropyl Xanthate (SIPX),35.9,Pine Oil,25.2,22.5,Lime (CaO),1918,2.04,1.69,178,215.7,124.7,44.42,93.04,17.34,0.036
2025-03-04_Shift-C_Bank-3_Cell-07_0219,04-03-2025,Shift-C,Bank-3,Cell-07_0219,1.431,0.495,55.4,27.3,12.3,Sodium Isopropyl Xanthate (SIPX),54.6,Pine Oil,15.4,12.5,Lime (CaO),2244,1.27,2.12,91,207.6,174.3,23.68,80.52,15,0.141
2025-03-04_Shift-A_Bank-4_Cell-07_0220,04-03-2025,Shift-A,Bank-4,Cell-07_0220,1.764,0.611,56.6,34.7,10.69,Sodium Isopropyl Xanthate (SIPX),40.2,Pine Oil,18.8,233.9,Lime (CaO),1476,0.96,1.56,189,167,166.1,26.95,95.71,33.17,0.026
2025-03-04_Shift-B_Bank-1_Cell-08_0221,04-03-2025,Shift-B,Bank-1,Cell-08_0221,1.267,0.439,53,41.4,11.93,Sodium Isopropyl Xanthate (SIPX),34.3,Pine Oil,28.3,135.6,Lime (CaO),2780,1.41,1.6,105,145.7,168.4,29.26,89.07,21.37,0.077
2025-03-04_Shift-C_Bank-2_Cell-08_0222,04-03-2025,Shift-C,Bank-2,Cell-08_0222,2.448,0.848,60.8,35.1,10.75,Sodium Isopropyl Xanthate (SIPX),25.4,Pine Oil,23.7,54.5,Lime (CaO),2128,0.96,1.64,173,150.7,166.8,24.54,97.48,22.79,0.024
2025-03-05_Shift-A_Bank-3_Cell-08_0223,05-03-2025,Shift-A,Bank-3,Cell-08_0223,1.708,0.591,51.7,20,9.46,Sodium Isopropyl Xanthate (SIPX),53.7,Pine Oil,29,54.3,Lime (CaO),697,1.72,1.5,147,195.1,97.8,27.49,93.21,15.29,0.053
2025-03-05_Shift-B_Bank-4_Cell-08_0224,05-03-2025,Shift-B,Bank-4,Cell-08_0224,1.855,0.642,69.2,32.8,11.41,Sodium Isopropyl Xanthate (SIPX),66.4,Pine Oil,11,166.4,Lime (CaO),2075,1.94,2.08,203,244,179.1,33.97,93.65,26.99,0.06
2025-03-05_Shift-C_Bank-1_Cell-09_0225,05-03-2025,Shift-C,Bank-1,Cell-09_0225,1.636,0.567,54.2,31.4,8.98,Sodium Isopropyl Xanthate (SIPX),44.6,Pine Oil,26.2,19.9,Lime (CaO),496,0.46,1.65,178,190.1,141,31.78,91.98,16.87,0.059
2025-03-05_Shift-A_Bank-2_Cell-09_0226,05-03-2025,Shift-A,Bank-2,Cell-09_0226,1.6,0.554,85,28.7,11.92,Sodium Isopropyl Xanthate (SIPX),42.4,Pine Oil,23.5,62.3,Lime (CaO),1569,1.62,1.51,215,102.1,212.8,10.15,68.11,19.85,0.278
2025-03-06_Shift-B_Bank-3_Cell-09_0227,06-03-2025,Shift-B,Bank-3,Cell-09_0227,1.827,0.633,62.6,31.3,7.88,Sodium Isopropyl Xanthate (SIPX),9.5,Pine Oil,19.1,62.2,Lime (CaO),572,1.34,1.97,170,135.7,90,35.47,89.96,17,0.083
2025-03-06_Shift-C_Bank-4_Cell-09_0228,06-03-2025,Shift-C,Bank-4,Cell-09_0228,1.536,0.532,51,32.1,10.08,Sodium Isopropyl Xanthate (SIPX),55.7,Pine Oil,21.8,131.1,Lime (CaO),1181,1.18,1.48,154,184.1,154.4,28.91,95.59,29.5,0.042
2025-03-06_Shift-A_Bank-1_Cell-10_0229,06-03-2025,Shift-A,Bank-1,Cell-10_0229,3.854,1.335,76.5,31,11.02,Sodium Isopropyl Xanthate (SIPX),101.8,Pine Oil,33.5,79.9,Lime (CaO),1736,1.2,1.31,175,171.3,206.3,19.33,94.05,23.76,0.115
2025-03-07_Shift-B_Bank-2_Cell-10_0230,07-03-2025,Shift-B,Bank-2,Cell-10_0230,3.098,1.073,71.5,23,10.17,Sodium Isopropyl Xanthate (SIPX),43.8,Pine Oil,23.2,4.7,Lime (CaO),1280,1.31,1.8,230,255.9,125.2,33.16,94.27,15.97,0.083
2025-03-07_Shift-C_Bank-3_Cell-10_0231,07-03-2025,Shift-C,Bank-3,Cell-10_0231,1.881,0.652,64.5,27.1,11.08,Sodium Isopropyl Xanthate (SIPX),43.9,Pine Oil,14,77.5,Lime (CaO),2397,1.32,1.87,146,170.9,226,14.9,92.02,23.54,0.065
2025-03-07_Shift-A_Bank-4_Cell-10_0232,07-03-2025,Shift-A,Bank-4,Cell-10_0232,1.003,0.347,63.8,22,9.16,Sodium Isopropyl Xanthate (SIPX),75.6,Pine Oil,14.3,73.2,Lime (CaO),905,1.31,2.01,132,95.6,182.5,8.06,63.8,16.6,0.193
2025-03-07_Shift-B_Bank-1_Cell-11_0233,07-03-2025,Shift-B,Bank-1,Cell-11_0233,2.639,0.914,52.5,29,10.33,Sodium Isopropyl Xanthate (SIPX),63.5,Pine Oil,23.4,32,Lime (CaO),1030,1.95,1.68,86,206.7,154.4,28.64,92.26,18.82,0.088
2025-03-08_Shift-C_Bank-2_Cell-11_0234,08-03-2025,Shift-C,Bank-2,Cell-11_0234,0.769,0.266,62.8,37,11.57,Sodium Isopropyl Xanthate (SIPX),92.3,Pine Oil,22.3,61.8,Lime (CaO),2744,1.96,1.78,161,151.1,282.1,15.6,89.61,19.4,0.034
2025-03-08_Shift-A_Bank-3_Cell-11_0235,08-03-2025,Shift-A,Bank-3,Cell-11_0235,2.362,0.818,41.3,30.1,9.59,Sodium Isopropyl Xanthate (SIPX),57.2,Pine Oil,22.3,138.1,Lime (CaO),730,1.37,1.9,108,102.2,272.6,8.4,65.38,26.38,0.437
2025-03-08_Shift-B_Bank-4_Cell-11_0236,08-03-2025,Shift-B,Bank-4,Cell-11_0236,1.936,0.671,53.6,39.8,10.7,Sodium Isopropyl Xanthate (SIPX),25.2,Pine Oil,21.9,225.8,Lime (CaO),1847,1.29,1.42,177,129.6,181,22.96,94.22,25.5,0.038
2025-03-09_Shift-C_Bank-1_Cell-12_0237,09-03-2025,Shift-C,Bank-1,Cell-12_0237,1.004,0.348,67.8,29.1,10.46,Sodium Isopropyl Xanthate (SIPX),51.1,Pine Oil,14,202.3,Lime (CaO),1895,1.4,1.67,175,150.3,139.7,23.15,94.14,31.19,0.031
2025-03-09_Shift-A_Bank-2_Cell-12_0238,09-03-2025,Shift-A,Bank-2,Cell-12_0238,1.313,0.455,72.3,38.2,8.92,Sodium Isopropyl Xanthate (SIPX),22.9,Pine Oil,43.4,36.3,Lime (CaO),789,1.54,1.02,131,106.6,228.5,14.19,70.26,14.54,0.205
2025-03-09_Shift-B_Bank-3_Cell-12_0239,09-03-2025,Shift-B,Bank-3,Cell-12_0239,1.787,0.619,71.4,25.9,9.15,Sodium Isopropyl Xanthate (SIPX),68.2,Pine Oil,22,23.5,Lime (CaO),903,1.23,1.91,114,126.6,184.2,12.84,78.06,14.46,0.213
2025-03-09_Shift-C_Bank-4_Cell-12_0240,09-03-2025,Shift-C,Bank-4,Cell-12_0240,1.636,0.566,48.5,38.6,10.41,Sodium Isopropyl Xanthate (SIPX),28.8,Pine Oil,29.4,95,Lime (CaO),851,1.66,1.46,155,114.3,212,16.59,90.44,22.89,0.071
2025-03-10_Shift-A_Bank-1_Cell-01_0241,10-03-2025,Shift-A,Bank-1,Cell-01_0241,1.415,0.49,64.6,30.9,12.28,Sodium Isopropyl Xanthate (SIPX),47.3,Pine Oil,21,84.8,Lime (CaO),1833,1.05,1.66,190,115.6,203.9,13.11,82.73,20.02,0.118
2025-03-10_Shift-B_Bank-2_Cell-01_0242,10-03-2025,Shift-B,Bank-2,Cell-01_0242,1.532,0.531,70.6,27.7,10.95,Sodium Isopropyl Xanthate (SIPX),30.6,Pine Oil,20.8,124.7,Lime (CaO),2195,1.32,1.45,181,101.6,194.3,10.55,85.68,27.44,0.099
2025-03-10_Shift-C_Bank-3_Cell-01_0243,10-03-2025,Shift-C,Bank-3,Cell-01_0243,1.439,0.498,47.9,31.9,8.76,Sodium Isopropyl Xanthate (SIPX),36.2,Pine Oil,19.9,51,Lime (CaO),899,0.52,1.69,132,126.8,237.3,12.85,62.72,18.46,0.29
2025-03-11_Shift-A_Bank-4_Cell-01_0244,11-03-2025,Shift-A,Bank-4,Cell-01_0244,1.706,0.591,61.9,34.4,7.8,Sodium Isopropyl Xanthate (SIPX),72.8,Pine Oil,10.1,86.7,Lime (CaO),161,1.94,2.22,170,107.1,239,11.89,69.95,18.07,0.272
2025-03-11_Shift-B_Bank-1_Cell-02_0245,11-03-2025,Shift-B,Bank-1,Cell-02_0245,2.968,1.028,64.3,30.4,11.1,Sodium Isopropyl Xanthate (SIPX),47.9,Pine Oil,22.6,83.4,Lime (CaO),1582,1.38,1.72,199,178.2,166,24.36,97.17,27.63,0.04
2025-03-11_Shift-C_Bank-2_Cell-02_0246,11-03-2025,Shift-C,Bank-2,Cell-02_0246,0.544,0.189,59.4,35.9,10.31,Sodium Isopropyl Xanthate (SIPX),35.9,Pine Oil,20.3,63.4,Lime (CaO),2127,1.73,1.76,120,159.6,147.5,30.28,95.05,22.69,0.02
2025-03-11_Shift-A_Bank-3_Cell-02_0247,11-03-2025,Shift-A,Bank-3,Cell-02_0247,1.448,0.502,46.3,30,11.48,Sodium Isopropyl Xanthate (SIPX),25.4,Pine Oil,34.5,18.6,Lime (CaO),1663,1.65,1.2,167,207.3,80,57.72,97.3,15.93,0.032
2025-03-12_Shift-B_Bank-4_Cell-02_0248,12-03-2025,Shift-B,Bank-4,Cell-02_0248,1.723,0.597,59.2,36.2,9.56,Sodium Isopropyl Xanthate (SIPX),12.3,Pine Oil,13.2,136.8,Lime (CaO),1451,1.68,1.85,216,240.6,174.1,39.16,91.91,25.14,0.067
2025-03-12_Shift-C_Bank-1_Cell-03_0249,12-03-2025,Shift-C,Bank-1,Cell-03_0249,1.369,0.474,60.7,32.7,11.2,Sodium Isopropyl Xanthate (SIPX),48,Pine Oil,15.9,143.1,Lime (CaO),2490,1.61,1.66,209,171.6,209.3,20.35,93.35,28.19,0.032
2025-03-12_Shift-A_Bank-2_Cell-03_0250,12-03-2025,Shift-A,Bank-2,Cell-03_0250,0.765,0.265,57.2,30.7,9.97,Sodium Isopropyl Xanthate (SIPX),63.6,Pine Oil,37,166.3,Lime (CaO),750,1.05,1.48,227,185.5,174.6,24.4,87.71,28.83,0.049
2025-03-13_Shift-B_Bank-3_Cell-03_0251,13-03-2025,Shift-B,Bank-3,Cell-03_0251,1.836,0.636,58.2,33.8,10,Sodium Isopropyl Xanthate (SIPX),35.9,Pine Oil,16.2,78.2,Lime (CaO),1224,0.96,1.95,157,172.4,179.5,24.87,94.97,22.6,0.032
2025-03-13_Shift-C_Bank-4_Cell-03_0252,13-03-2025,Shift-C,Bank-4,Cell-03_0252,0.84,0.291,65.8,43.7,10.92,Sodium Isopropyl Xanthate (SIPX),33.1,Pine Oil,32.7,229.2,Lime (CaO),1717,1.16,1.58,204,148.6,208.3,26.03,86.39,20.82,0.062
2025-03-13_Shift-A_Bank-1_Cell-04_0253,13-03-2025,Shift-A,Bank-1,Cell-04_0253,2.3,0.796,59.4,37.9,10.39,Sodium Isopropyl Xanthate (SIPX),41.7,Pine Oil,22.7,276.8,Lime (CaO),1788,2.05,1.84,158,101,184.6,16.43,90.01,28.67,0.115
2025-03-13_Shift-B_Bank-2_Cell-04_0254,13-03-2025,Shift-B,Bank-2,Cell-04_0254,1.394,0.483,58.5,38.1,11.33,Sodium Isopropyl Xanthate (SIPX),26.6,Pine Oil,11.6,103.7,Lime (CaO),1935,1.61,2.09,80,190.3,267.6,21.51,80.46,24.69,0.13
2025-03-14_Shift-C_Bank-3_Cell-04_0255,14-03-2025,Shift-C,Bank-3,Cell-04_0255,1.028,0.356,45.7,35.7,9.14,Sodium Isopropyl Xanthate (SIPX),83.8,Pine Oil,31.7,102.5,Lime (CaO),669,1.34,1.31,183,219.6,170.9,35.7,97.14,20.08,0.02
2025-03-14_Shift-A_Bank-4_Cell-04_0256,14-03-2025,Shift-A,Bank-4,Cell-04_0256,1.39,0.481,66.1,35.5,12.28,Sodium Isopropyl Xanthate (SIPX),14.3,Pine Oil,12.7,121.7,Lime (CaO),1777,1.51,2.01,193,193.9,172.9,30.97,88.47,20.98,0.071
2025-03-14_Shift-B_Bank-1_Cell-05_0257,14-03-2025,Shift-B,Bank-1,Cell-05_0257,2.762,0.957,62,36.7,9.83,Sodium Isopropyl Xanthate (SIPX),39.8,Pine Oil,27.5,161.6,Lime (CaO),1070,1.42,1.78,132,120,226.3,15.26,95.13,27.97,0.057
2025-03-15_Shift-C_Bank-2_Cell-05_0258,15-03-2025,Shift-C,Bank-2,Cell-05_0258,2.044,0.708,62.3,27.8,9.86,Sodium Isopropyl Xanthate (SIPX),68.8,Pine Oil,25,101,Lime (CaO),1052,1.56,1.47,155,209.8,199.3,21.34,98.38,25.23,0.02
2025-03-15_Shift-A_Bank-3_Cell-05_0259,15-03-2025,Shift-A,Bank-3,Cell-05_0259,3.312,1.147,70.2,30.7,10.34,Sodium Isopropyl Xanthate (SIPX),20,Pine Oil,27.4,266.7,Lime (CaO),1303,1.48,1.48,202,40,138.4,6.63,72.35,32.2,0.477
2025-03-15_Shift-B_Bank-4_Cell-05_0260,15-03-2025,Shift-B,Bank-4,Cell-05_0260,1.924,0.666,45.2,36.4,10.03,Sodium Isopropyl Xanthate (SIPX),68,Pine Oil,15.6,88.7,Lime (CaO),1552,0.55,1.8,107,85.8,247.8,9.85,61.45,23.15,0.414
2025-03-15_Shift-C_Bank-1_Cell-06_0261,15-03-2025,Shift-C,Bank-1,Cell-06_0261,3.328,1.153,64.3,32.1,10.38,Sodium Isopropyl Xanthate (SIPX),47.4,Pine Oil,15.2,88.3,Lime (CaO),1329,1.29,1.77,212,173.8,244.3,17.25,95.84,29.95,0.067
2025-03-16_Shift-A_Bank-2_Cell-06_0262,16-03-2025,Shift-A,Bank-2,Cell-06_0262,1.924,0.666,61.9,33.7,10.36,Sodium Isopropyl Xanthate (SIPX),55.9,Pine Oil,30.4,59.8,Lime (CaO),2018,1.69,1.52,157,170.5,261,16.88,94.55,26.66,0.046
2025-03-16_Shift-B_Bank-3_Cell-06_0263,16-03-2025,Shift-B,Bank-3,Cell-06_0263,2.265,0.785,63.4,38.7,10.57,Sodium Isopropyl Xanthate (SIPX),77.7,Pine Oil,18.3,126.2,Lime (CaO),1408,1.3,1.9,206,203.9,285.2,22.07,94.04,26.62,0.061
2025-03-16_Shift-C_Bank-4_Cell-06_0264,16-03-2025,Shift-C,Bank-4,Cell-06_0264,1.413,0.489,58.1,37.5,8.16,Sodium Isopropyl Xanthate (SIPX),81.1,Pine Oil,5,67.7,Lime (CaO),589,1.97,1.9,112,134.2,269.6,14.76,66.04,16.48,0.253
2025-03-16_Shift-A_Bank-1_Cell-07_0265,16-03-2025,Shift-A,Bank-1,Cell-07_0265,1.645,0.57,67.6,32.2,12.19,Sodium Isopropyl Xanthate (SIPX),44.9,Pine Oil,29.8,57.7,Lime (CaO),2300,1.43,1.37,160,47,205.7,5.56,72.73,20.34,0.231
2025-03-17_Shift-B_Bank-2_Cell-07_0266,17-03-2025,Shift-B,Bank-2,Cell-07_0266,1.194,0.413,69.9,29.5,10.26,Sodium Isopropyl Xanthate (SIPX),36.4,Pine Oil,14.7,124.4,Lime (CaO),1098,2.02,2.13,184,134.3,180.4,16.27,84.84,28.84,0.076
2025-03-17_Shift-C_Bank-3_Cell-07_0267,17-03-2025,Shift-C,Bank-3,Cell-07_0267,0.975,0.338,59.8,37,9.09,Sodium Isopropyl Xanthate (SIPX),63.6,Pine Oil,36.5,163.4,Lime (CaO),1305,1.89,1.34,120,51.6,190.5,7.9,68.46,20.43,0.168
2025-03-17_Shift-A_Bank-4_Cell-07_0268,17-03-2025,Shift-A,Bank-4,Cell-07_0268,2.222,0.77,44.1,24.6,9.95,Sodium Isopropyl Xanthate (SIPX),21.3,Pine Oil,24.2,127.7,Lime (CaO),1197,0.94,1.73,80,152.2,213.9,12.5,58.63,20.46,0.504
2025-03-18_Shift-B_Bank-1_Cell-08_0269,18-03-2025,Shift-B,Bank-1,Cell-08_0269,1.477,0.511,68.5,31.4,9.76,Sodium Isopropyl Xanthate (SIPX),41.5,Pine Oil,33,235.1,Lime (CaO),1365,1.46,1.67,223,98.4,192,12.08,77.74,27.3,0.16
2025-03-18_Shift-C_Bank-2_Cell-08_0270,18-03-2025,Shift-C,Bank-2,Cell-08_0270,2.617,0.906,72.4,33.9,11.8,Sodium Isopropyl Xanthate (SIPX),47.8,Pine Oil,25.4,105,Lime (CaO),2290,1.96,1.76,174,181.2,103.1,45.61,97.56,26.33,0.026
2025-03-18_Shift-A_Bank-3_Cell-08_0271,18-03-2025,Shift-A,Bank-3,Cell-08_0271,2.193,0.76,67.5,37,9.84,Sodium Isopropyl Xanthate (SIPX),36.9,Pine Oil,38.3,141.2,Lime (CaO),1216,1.56,1.18,209,138.2,176.8,22.81,92.3,27.32,0.087
2025-03-18_Shift-B_Bank-4_Cell-08_0272,18-03-2025,Shift-B,Bank-4,Cell-08_0272,3.437,1.19,54.5,37.7,11.12,Sodium Isopropyl Xanthate (SIPX),51,Pine Oil,14.4,153.6,Lime (CaO),1899,1.68,2.02,200,244.1,219.7,33.22,95.95,28.37,0.067
2025-03-19_Shift-C_Bank-1_Cell-09_0273,19-03-2025,Shift-C,Bank-1,Cell-09_0273,0.827,0.286,69.3,36,9.97,Sodium Isopropyl Xanthate (SIPX),43.8,Pine Oil,30.1,97.1,Lime (CaO),1584,2.26,1.65,153,170.7,197.6,24.31,88.14,23.62,0.063
2025-03-19_Shift-A_Bank-2_Cell-09_0274,19-03-2025,Shift-A,Bank-2,Cell-09_0274,1.556,0.539,75.2,33.3,10.17,Sodium Isopropyl Xanthate (SIPX),38.2,Pine Oil,22.3,59.5,Lime (CaO),783,1.12,1.69,184,139.8,209.9,16.95,90.75,24.09,0.088
2025-03-19_Shift-B_Bank-3_Cell-09_0275,19-03-2025,Shift-B,Bank-3,Cell-09_0275,0.978,0.339,54.6,29.5,11.62,Sodium Isopropyl Xanthate (SIPX),64.3,Pine Oil,34.4,106.7,Lime (CaO),2132,0.61,1.6,219,72.1,241.4,6.52,56.73,23.53,0.227
2025-03-20_Shift-C_Bank-4_Cell-09_0276,20-03-2025,Shift-C,Bank-4,Cell-09_0276,1.287,0.446,60.1,31.6,8.6,Sodium Isopropyl Xanthate (SIPX),50.3,Pine Oil,20.1,163.3,Lime (CaO),460,1.3,1.75,168,140.2,268.8,12.43,84.59,18.26,0.095
2025-03-20_Shift-A_Bank-1_Cell-10_0277,20-03-2025,Shift-A,Bank-1,Cell-10_0277,3.018,1.045,68.4,33.1,9.15,Sodium Isopropyl Xanthate (SIPX),71.9,Pine Oil,42.6,177.6,Lime (CaO),730,0.42,0.98,237,186.2,172.6,27.21,78.46,22.05,0.342
2025-03-20_Shift-B_Bank-2_Cell-10_0278,20-03-2025,Shift-B,Bank-2,Cell-10_0278,2.091,0.724,62.5,32.8,8.55,Sodium Isopropyl Xanthate (SIPX),49,Pine Oil,43.1,18.7,Lime (CaO),746,0.99,1.32,108,178.9,198.5,22.5,80.83,15.92,0.197
2025-03-20_Shift-C_Bank-3_Cell-10_0279,20-03-2025,Shift-C,Bank-3,Cell-10_0279,1.193,0.413,52.5,23.2,9.37,Sodium Isopropyl Xanthate (SIPX),41.5,Pine Oil,26.5,350,Lime (CaO),855,2.52,1.82,104,135.9,199.9,11.12,49,18.41,0.346
2025-03-21_Shift-A_Bank-4_Cell-10_0280,21-03-2025,Shift-A,Bank-4,Cell-10_0280,1.622,0.562,66.9,33.3,8.87,Sodium Isopropyl Xanthate (SIPX),16.8,Pine Oil,34.7,142.8,Lime (CaO),724,0.85,1.14,134,180.9,214.7,21.42,82.01,18.98,0.149
2025-03-21_Shift-B_Bank-1_Cell-11_0281,21-03-2025,Shift-B,Bank-1,Cell-11_0281,0.96,0.332,62.7,31.5,9.7,Sodium Isopropyl Xanthate (SIPX),13,Pine Oil,13.3,206.1,Lime (CaO),572,1.46,2.06,243,170.1,255.6,15.8,68.48,28.27,0.155
2025-03-21_Shift-C_Bank-2_Cell-11_0282,21-03-2025,Shift-C,Bank-2,Cell-11_0282,1.207,0.418,63.9,31.7,8.49,Sodium Isopropyl Xanthate (SIPX),52.8,Pine Oil,12.2,82.9,Lime (CaO),194,1.07,1.76,216,190.5,82.8,55.02,94.51,15.88,0.023
2025-03-22_Shift-A_Bank-3_Cell-11_0283,22-03-2025,Shift-A,Bank-3,Cell-11_0283,0.611,0.212,57,31.2,10.58,Sodium Isopropyl Xanthate (SIPX),41.6,Pine Oil,24.1,171.9,Lime (CaO),1241,0.97,1.69,102,149.6,85.9,40.78,96.22,32.06,0.02
2025-03-22_Shift-B_Bank-4_Cell-11_0284,22-03-2025,Shift-B,Bank-4,Cell-11_0284,1.818,0.63,62.1,37,9.45,Sodium Isopropyl Xanthate (SIPX),30.8,Pine Oil,5,116.1,Lime (CaO),655,2.54,2.5,222,216.8,187.2,33.7,71.77,20.61,0.273
2025-03-22_Shift-C_Bank-1_Cell-12_0285,22-03-2025,Shift-C,Bank-1,Cell-12_0285,1.649,0.571,69.5,41.8,8.94,Sodium Isopropyl Xanthate (SIPX),57.2,Pine Oil,22.3,163.7,Lime (CaO),430,1.66,1.73,108,151.4,157.3,32.98,92.33,18.18,0.039
2025-03-22_Shift-A_Bank-2_Cell-12_0286,22-03-2025,Shift-A,Bank-2,Cell-12_0286,1.904,0.659,49.3,37.1,9.32,Sodium Isopropyl Xanthate (SIPX),31.5,Pine Oil,17.2,247.3,Lime (CaO),876,1.39,1.67,225,147.8,267.2,16.15,75.28,22.77,0.238
2025-03-23_Shift-B_Bank-3_Cell-12_0287,23-03-2025,Shift-B,Bank-3,Cell-12_0287,3.154,1.092,50.9,25.4,10.36,Sodium Isopropyl Xanthate (SIPX),28.3,Pine Oil,32.3,210.3,Lime (CaO),918,1.33,1.34,190,170,207.3,14.92,84.82,26.89,0.235
2025-03-23_Shift-C_Bank-4_Cell-12_0288,23-03-2025,Shift-C,Bank-4,Cell-12_0288,0.673,0.233,44.7,31.8,11.22,Sodium Isopropyl Xanthate (SIPX),67.4,Pine Oil,33,86.5,Lime (CaO),1855,1.22,1.44,162,121.3,153.4,18.96,87.31,25.34,0.032
2025-03-23_Shift-A_Bank-1_Cell-01_0289,23-03-2025,Shift-A,Bank-1,Cell-01_0289,2.051,0.71,52.5,33.9,11,Sodium Isopropyl Xanthate (SIPX),41.8,Pine Oil,27.6,76.1,Lime (CaO),1722,1.12,1.64,183,145.3,217.2,17.42,93.83,26.76,0.048
2025-03-24_Shift-B_Bank-2_Cell-01_0290,24-03-2025,Shift-B,Bank-2,Cell-01_0290,0.823,0.285,58.7,35.8,9.7,Sodium Isopropyl Xanthate (SIPX),57.5,Pine Oil,10.5,69,Lime (CaO),1155,2.15,2.34,157,105.8,222,13.3,71.76,21.09,0.122
2025-03-24_Shift-C_Bank-3_Cell-01_0291,24-03-2025,Shift-C,Bank-3,Cell-01_0291,2.974,1.03,67.6,28.2,10.42,Sodium Isopropyl Xanthate (SIPX),46.2,Pine Oil,29.3,153,Lime (CaO),1437,1.22,1.59,219,139,180.1,15.97,91.98,25.54,0.111
2025-03-24_Shift-A_Bank-4_Cell-01_0292,24-03-2025,Shift-A,Bank-4,Cell-01_0292,1.868,0.647,56.5,33.3,10.09,Sodium Isopropyl Xanthate (SIPX),52.9,Pine Oil,29.7,75.5,Lime (CaO),1456,0.56,1.4,218,243.1,217.8,28.42,91.26,24.33,0.082
2025-03-24_Shift-B_Bank-1_Cell-02_0293,24-03-2025,Shift-B,Bank-1,Cell-02_0293,1.259,0.436,59.5,37.3,12.3,Sodium Isopropyl Xanthate (SIPX),83.3,Pine Oil,43.1,82.8,Lime (CaO),2324,1.84,1.22,142,164.8,239.1,20.29,85.94,15.89,0.092
2025-03-25_Shift-C_Bank-2_Cell-02_0294,25-03-2025,Shift-C,Bank-2,Cell-02_0294,2.506,0.868,66,31.2,10.18,Sodium Isopropyl Xanthate (SIPX),74,Pine Oil,20.5,46.1,Lime (CaO),568,1.39,1.6,88,110.4,114.6,22.56,96.99,21.5,0.045
2025-03-25_Shift-A_Bank-3_Cell-02_0295,25-03-2025,Shift-A,Bank-3,Cell-02_0295,1.764,0.611,56.1,20,11.55,Sodium Isopropyl Xanthate (SIPX),42.6,Pine Oil,17.3,150.1,Lime (CaO),2260,1.94,1.97,182,269.5,125.8,29.5,90.47,19.61,0.066
2025-03-25_Shift-B_Bank-4_Cell-02_0296,25-03-2025,Shift-B,Bank-4,Cell-02_0296,1.792,0.621,70.9,30.3,9.79,Sodium Isopropyl Xanthate (SIPX),59.2,Pine Oil,24.1,191.1,Lime (CaO),1202,1.72,1.99,134,246.2,232.9,23.84,94.01,27.42,0.04
2025-03-26_Shift-C_Bank-1_Cell-03_0297,26-03-2025,Shift-C,Bank-1,Cell-03_0297,1.113,0.386,65.3,27.7,9.9,Sodium Isopropyl Xanthate (SIPX),66.6,Pine Oil,21.9,332.9,Lime (CaO),814,1.17,1.77,202,246,131.9,37.7,94.19,26.92,0.034
2025-03-26_Shift-A_Bank-2_Cell-03_0298,26-03-2025,Shift-A,Bank-2,Cell-03_0298,1.501,0.52,67.6,32.7,8.88,Sodium Isopropyl Xanthate (SIPX),65.4,Pine Oil,14.1,91.2,Lime (CaO),530,1.29,1.97,144,220.4,199.6,27.45,94.18,17.77,0.029
2025-03-26_Shift-B_Bank-3_Cell-03_0299,26-03-2025,Shift-B,Bank-3,Cell-03_0299,1.88,0.651,52.8,21.3,10.97,Sodium Isopropyl Xanthate (SIPX),79.2,Pine Oil,14.6,23.9,Lime (CaO),1918,1.35,2.02,202,136.4,137.5,14.65,81.24,16.52,0.173
2025-03-26_Shift-C_Bank-4_Cell-03_0300,26-03-2025,Shift-C,Bank-4,Cell-03_0300,2.435,0.843,74,34.1,11.03,Sodium Isopropyl Xanthate (SIPX),41.3,Pine Oil,14.8,60.8,Lime (CaO),992,1.79,1.86,124,122.7,175.4,18.35,90.92,24.33,0.093
2025-03-27_Shift-A_Bank-1_Cell-04_0301,27-03-2025,Shift-A,Bank-1,Cell-04_0301,2.981,1.032,63.3,26.3,10.48,Sodium Isopropyl Xanthate (SIPX),39.8,Pine Oil,23.6,102.7,Lime (CaO),1207,1.25,1.65,176,174.1,241.8,13.69,93.48,25.14,0.086
2025-03-27_Shift-B_Bank-2_Cell-04_0302,27-03-2025,Shift-B,Bank-2,Cell-04_0302,1.171,0.405,60.2,33.2,9.55,Sodium Isopropyl Xanthate (SIPX),76.8,Pine Oil,22.5,158.5,Lime (CaO),760,2.12,1.8,167,104.8,274.4,9.66,81.65,24.64,0.121
2025-03-27_Shift-C_Bank-3_Cell-04_0303,27-03-2025,Shift-C,Bank-3,Cell-04_0303,1.133,0.392,67.8,31.5,10.08,Sodium Isopropyl Xanthate (SIPX),27.9,Pine Oil,16.9,46.9,Lime (CaO),1501,1.7,1.68,144,158.5,168,22.39,93.23,22.32,0.027
2025-03-28_Shift-A_Bank-4_Cell-04_0304,28-03-2025,Shift-A,Bank-4,Cell-04_0304,1.742,0.603,58.8,34.6,12.3,Sodium Isopropyl Xanthate (SIPX),29,Pine Oil,31.9,119.7,Lime (CaO),2848,1.29,1.55,180,214.1,138,41.39,97.36,22.28,0.022
2025-03-28_Shift-B_Bank-1_Cell-05_0305,28-03-2025,Shift-B,Bank-1,Cell-05_0305,1.608,0.557,69.4,31.7,9.27,Sodium Isopropyl Xanthate (SIPX),57.2,Pine Oil,33.6,135.7,Lime (CaO),1139,1.88,1.32,205,132.7,265,11.95,81.75,22.16,0.154
2025-03-28_Shift-C_Bank-2_Cell-05_0306,28-03-2025,Shift-C,Bank-2,Cell-05_0306,2.293,0.794,56.8,25.3,9.12,Sodium Isopropyl Xanthate (SIPX),37.9,Pine Oil,23.8,249.7,Lime (CaO),876,1.38,1.61,182,82.5,229.1,6.53,67.54,17.82,0.408
2025-03-28_Shift-A_Bank-3_Cell-05_0307,28-03-2025,Shift-A,Bank-3,Cell-05_0307,2.279,0.789,51.8,30,9.26,Sodium Isopropyl Xanthate (SIPX),48.3,Pine Oil,18.9,125,Lime (CaO),772,1.5,1.59,176,109.7,151.5,16.13,94.9,19.13,0.055
2025-03-29_Shift-B_Bank-4_Cell-05_0308,29-03-2025,Shift-B,Bank-4,Cell-05_0308,2.019,0.699,53,33,9.41,Sodium Isopropyl Xanthate (SIPX),34.1,Pine Oil,23.9,1.7,Lime (CaO),973,1.59,1.61,147,129.3,191,16.99,92.15,18.96,0.064
2025-03-29_Shift-C_Bank-1_Cell-06_0309,29-03-2025,Shift-C,Bank-1,Cell-06_0309,4.253,1.473,46.5,29.8,9.98,Sodium Isopropyl Xanthate (SIPX),48.6,Pine Oil,30.4,177.9,Lime (CaO),924,1.43,1.61,154,187.8,136.6,30.46,95.83,28.46,0.083
2025-03-29_Shift-A_Bank-2_Cell-06_0310,29-03-2025,Shift-A,Bank-2,Cell-06_0310,0.69,0.239,77.4,31.5,10.95,Sodium Isopropyl Xanthate (SIPX),58.3,Pine Oil,28.7,5.5,Lime (CaO),1950,1.98,1.6,158,175.7,184.6,22.59,90.31,14.58,0.025
2025-03-29_Shift-B_Bank-3_Cell-06_0311,29-03-2025,Shift-B,Bank-3,Cell-06_0311,3.139,1.087,74.1,28,10.9,Sodium Isopropyl Xanthate (SIPX),51.8,Pine Oil,16.7,14.9,Lime (CaO),2123,1.67,1.62,207,148.7,218,13.96,90.67,15.4,0.147
2025-03-30_Shift-C_Bank-4_Cell-06_0312,30-03-2025,Shift-C,Bank-4,Cell-06_0312,1.32,0.457,48.2,31.6,9.36,Sodium Isopropyl Xanthate (SIPX),45,Pine Oil,30.8,186.1,Lime (CaO),786,2.03,1.59,169,112.2,271.8,9.8,68.94,22.82,0.224
2025-03-30_Shift-A_Bank-1_Cell-07_0313,30-03-2025,Shift-A,Bank-1,Cell-07_0313,1.674,0.58,68.2,34.2,9.89,Sodium Isopropyl Xanthate (SIPX),39,Pine Oil,18.8,125.6,Lime (CaO),1775,1.45,1.86,179,221.4,172.1,33.81,95.4,27.88,0.029
2025-03-30_Shift-B_Bank-2_Cell-07_0314,30-03-2025,Shift-B,Bank-2,Cell-07_0314,0.816,0.283,58.1,42.8,9.8,Sodium Isopropyl Xanthate (SIPX),59.1,Pine Oil,24.5,133.9,Lime (CaO),543,1.87,1.81,201,170.1,180.7,33.32,94.36,19.04,0.02
2025-03-31_Shift-C_Bank-3_Cell-07_0315,31-03-2025,Shift-C,Bank-3,Cell-07_0315,1.924,0.666,53,32.9,10.61,Sodium Isopropyl Xanthate (SIPX),72.7,Pine Oil,18.5,99,Lime (CaO),856,2.27,2.28,192,200.5,258.4,19.41,88.2,26.27,0.103
2025-03-31_Shift-A_Bank-4_Cell-07_0316,31-03-2025,Shift-A,Bank-4,Cell-07_0316,1.994,0.691,63.7,30.4,11.91,Sodium Isopropyl Xanthate (SIPX),18.9,Pine Oil,11.5,101.5,Lime (CaO),1446,1.22,1.87,202,216.2,196.3,24.96,87.83,23.87,0.128
2025-03-31_Shift-B_Bank-1_Cell-08_0317,31-03-2025,Shift-B,Bank-1,Cell-08_0317,0.606,0.21,70.7,27.4,10.93,Sodium Isopropyl Xanthate (SIPX),44.7,Pine Oil,24,16.8,Lime (CaO),1376,1.3,1.33,154,129.1,109.7,23.51,94.37,16.39,0.02
2025-03-31_Shift-C_Bank-2_Cell-08_0318,31-03-2025,Shift-C,Bank-2,Cell-08_0318,1.637,0.567,55.3,24,9.01,Sodium Isopropyl Xanthate (SIPX),20.8,Pine Oil,19.7,76.6,Lime (CaO),817,0.61,1.58,195,280,205.1,23.26,76.6,17.34,0.206
2025-04-01_Shift-A_Bank-3_Cell-08_0319,01-04-2025,Shift-A,Bank-3,Cell-08_0319,1.312,0.454,52.3,28.9,9.35,Sodium Isopropyl Xanthate (SIPX),52.9,Pine Oil,20.5,89.8,Lime (CaO),1327,2.03,1.7,208,102.4,201.3,10.82,74.32,19.36,0.167
2025-04-01_Shift-B_Bank-4_Cell-08_0320,01-04-2025,Shift-B,Bank-4,Cell-08_0320,1.94,0.672,43.7,27.6,9.61,Sodium Isopropyl Xanthate (SIPX),45.8,Pine Oil,18.6,30.9,Lime (CaO),1312,1.02,1.47,162,192.3,141.3,27.35,90.63,18.19,0.084
2025-04-01_Shift-C_Bank-1_Cell-09_0321,01-04-2025,Shift-C,Bank-1,Cell-09_0321,2.149,0.744,59.7,36,9.59,Sodium Isopropyl Xanthate (SIPX),80.5,Pine Oil,38.9,28,Lime (CaO),628,1.52,1.47,244,166,188,24.85,88.96,20.33,0.109
2025-04-02_Shift-A_Bank-2_Cell-09_0322,02-04-2025,Shift-A,Bank-2,Cell-09_0322,1.696,0.587,57.1,36.1,10.31,Sodium Isopropyl Xanthate (SIPX),41.4,Pine Oil,17.4,15,Lime (CaO),1440,0.85,2.12,158,147,183.4,22.63,91.75,17.15,0.06
2025-04-02_Shift-B_Bank-3_Cell-09_0323,02-04-2025,Shift-B,Bank-3,Cell-09_0323,2.202,0.762,48.8,28.3,10.98,Sodium Isopropyl Xanthate (SIPX),67,Pine Oil,12.1,24.4,Lime (CaO),1583,1.71,1.9,112,158.9,161.3,20.45,89.24,18.35,0.113
2025-04-02_Shift-C_Bank-4_Cell-09_0324,02-04-2025,Shift-C,Bank-4,Cell-09_0324,1.999,0.692,58.2,23.3,10.69,Sodium Isopropyl Xanthate (SIPX),27.5,Pine Oil,22.1,20,Lime (CaO),1490,0.97,1.92,101,170.5,208.6,13.46,74.86,17.21,0.271
2025-04-02_Shift-A_Bank-1_Cell-10_0325,02-04-2025,Shift-A,Bank-1,Cell-10_0325,1.19,0.412,52.9,30.4,9.98,Sodium Isopropyl Xanthate (SIPX),59,Pine Oil,42.3,23.5,Lime (CaO),1225,1.53,1.29,149,165.2,179.6,20.88,91.93,15.88,0.044
2025-04-03_Shift-B_Bank-2_Cell-10_0326,03-04-2025,Shift-B,Bank-2,Cell-10_0326,1.484,0.514,57.3,35.1,8.42,Sodium Isopropyl Xanthate (SIPX),65.5,Pine Oil,19.3,96.1,Lime (CaO),561,1.16,1.74,156,278.5,162.8,46.48,94.35,18.66,0.041
2025-04-03_Shift-C_Bank-3_Cell-10_0327,03-04-2025,Shift-C,Bank-3,Cell-10_0327,1.738,0.602,71.1,37.3,10.47,Sodium Isopropyl Xanthate (SIPX),28.8,Pine Oil,31.6,119.3,Lime (CaO),1343,1.21,1.45,191,201.4,150.4,39.42,94.98,28.72,0.039
2025-04-03_Shift-A_Bank-4_Cell-10_0328,03-04-2025,Shift-A,Bank-4,Cell-10_0328,2.258,0.782,67.1,29.3,10.42,Sodium Isopropyl Xanthate (SIPX),46.4,Pine Oil,33.7,87.8,Lime (CaO),1868,1.52,1.53,164,174.8,184,20.56,95.16,25.38,0.058
2025-04-04_Shift-B_Bank-1_Cell-11_0329,04-04-2025,Shift-B,Bank-1,Cell-11_0329,1.356,0.47,60.9,38.5,10.57,Sodium Isopropyl Xanthate (SIPX),21.1,Pine Oil,19.3,36.6,Lime (CaO),1244,1.79,1.96,197,177.6,232.5,23.43,93.35,19.78,0.038
2025-04-04_Shift-C_Bank-2_Cell-11_0330,04-04-2025,Shift-C,Bank-2,Cell-11_0330,1.992,0.69,67.3,25.1,12.3,Sodium Isopropyl Xanthate (SIPX),42.7,Pine Oil,17.3,28.6,Lime (CaO),1587,1.11,1.86,167,238.3,199.5,21.47,88.22,15.86,0.111
2025-04-04_Shift-A_Bank-3_Cell-11_0331,04-04-2025,Shift-A,Bank-3,Cell-11_0331,1.431,0.496,52.1,26.5,11.58,Sodium Isopropyl Xanthate (SIPX),61.1,Pine Oil,30.7,94.2,Lime (CaO),2033,1.03,1.57,166,103.4,179.1,11.07,79.21,22.23,0.157
2025-04-04_Shift-B_Bank-4_Cell-11_0332,04-04-2025,Shift-B,Bank-4,Cell-11_0332,1.523,0.527,62.3,36.7,11.15,Sodium Isopropyl Xanthate (SIPX),38.2,Pine Oil,29.2,80.8,Lime (CaO),1113,1.46,1.53,143,141.2,204.2,19.93,95.81,25.13,0.024
2025-04-05_Shift-C_Bank-1_Cell-12_0333,05-04-2025,Shift-C,Bank-1,Cell-12_0333,2.267,0.785,63.3,41.7,9.49,Sodium Isopropyl Xanthate (SIPX),41.5,Pine Oil,11.3,66.2,Lime (CaO),483,1.68,1.69,219,58.5,252.8,7.9,67.25,18.24,0.403
2025-04-05_Shift-A_Bank-2_Cell-12_0334,05-04-2025,Shift-A,Bank-2,Cell-12_0334,0.693,0.24,58,35.6,9.91,Sodium Isopropyl Xanthate (SIPX),25.7,Pine Oil,13.8,153.2,Lime (CaO),992,2.06,2.2,107,176.8,212.6,23.01,79.28,25.37,0.091
2025-04-05_Shift-B_Bank-3_Cell-12_0335,05-04-2025,Shift-B,Bank-3,Cell-12_0335,0.928,0.321,65.7,32.8,10.31,Sodium Isopropyl Xanthate (SIPX),34.3,Pine Oil,5,77,Lime (CaO),1970,1,1.84,176,190.7,202,23.54,87.68,25.37,0.046
2025-04-06_Shift-C_Bank-4_Cell-12_0336,06-04-2025,Shift-C,Bank-4,Cell-12_0336,0.6,0.208,66.3,22.5,10.88,Sodium Isopropyl Xanthate (SIPX),47.3,Pine Oil,21.6,66.5,Lime (CaO),1619,1.94,1.96,195,218.9,182.7,18.89,84.27,17.45,0.042
2025-04-06_Shift-A_Bank-1_Cell-01_0337,06-04-2025,Shift-A,Bank-1,Cell-01_0337,1.203,0.417,66.7,33.7,10.74,Sodium Isopropyl Xanthate (SIPX),28,Pine Oil,22.5,128.7,Lime (CaO),624,2.28,1.78,164,115.5,198.5,15.01,85.89,25.68,0.093
2025-04-06_Shift-B_Bank-2_Cell-01_0338,06-04-2025,Shift-B,Bank-2,Cell-01_0338,2.192,0.759,40,31.1,9.37,Sodium Isopropyl Xanthate (SIPX),40.3,Pine Oil,8.8,73.5,Lime (CaO),1139,1.03,1.87,165,133.6,167.5,18.62,75.22,20.92,0.288
2025-04-06_Shift-C_Bank-3_Cell-01_0339,06-04-2025,Shift-C,Bank-3,Cell-01_0339,1.42,0.492,72.1,27.2,11.54,Sodium Isopropyl Xanthate (SIPX),17.2,Pine Oil,14.1,127.1,Lime (CaO),1937,1.14,2.19,155,155.7,118.7,26.01,86.01,27.05,0.101
2025-04-07_Shift-A_Bank-4_Cell-01_0340,07-04-2025,Shift-A,Bank-4,Cell-01_0340,2.528,0.875,56.8,33.6,8.76,Sodium Isopropyl Xanthate (SIPX),70.5,Pine Oil,17.9,77.2,Lime (CaO),698,1.21,1.58,165,108.8,205.9,13.58,90.5,17.12,0.112
2025-04-07_Shift-B_Bank-1_Cell-02_0341,07-04-2025,Shift-B,Bank-1,Cell-02_0341,2.794,0.968,70.7,37.9,10.35,Sodium Isopropyl Xanthate (SIPX),43.4,Pine Oil,25.1,87.5,Lime (CaO),1453,1.13,1.75,240,164,176.8,27.9,94.42,24.21,0.063
2025-04-07_Shift-C_Bank-2_Cell-02_0342,07-04-2025,Shift-C,Bank-2,Cell-02_0342,1.554,0.538,59.3,33.7,10.67,Sodium Isopropyl Xanthate (SIPX),80,Pine Oil,29.3,70,Lime (CaO),1085,1.55,1.41,175,187.2,237.6,20.34,96.21,25.66,0.025
2025-04-08_Shift-A_Bank-3_Cell-02_0343,08-04-2025,Shift-A,Bank-3,Cell-02_0343,2.825,0.978,49.5,39.4,11.32,Sodium Isopropyl Xanthate (SIPX),44.3,Pine Oil,44.4,129,Lime (CaO),1889,2.1,1.12,166,177.3,156.8,35.78,90.35,22.03,0.127
2025-04-08_Shift-B_Bank-4_Cell-02_0344,08-04-2025,Shift-B,Bank-4,Cell-02_0344,1.663,0.576,52.7,33,10.08,Sodium Isopropyl Xanthate (SIPX),45.4,Pine Oil,23.8,68.4,Lime (CaO),1628,0.9,1.73,159,179.1,108.5,41.53,94.54,23.49,0.041
2025-04-08_Shift-C_Bank-1_Cell-03_0345,08-04-2025,Shift-C,Bank-1,Cell-03_0345,1.126,0.39,70.7,32.4,11.19,Sodium Isopropyl Xanthate (SIPX),57.5,Pine Oil,34,120.5,Lime (CaO),1526,2.08,1.49,186,186.6,157.9,29,93.57,28.52,0.02
2025-04-08_Shift-A_Bank-2_Cell-03_0346,08-04-2025,Shift-A,Bank-2,Cell-03_0346,1.247,0.432,45.7,38.5,10.58,Sodium Isopropyl Xanthate (SIPX),8,Pine Oil,16.5,102.7,Lime (CaO),1147,1.21,1.85,143,123.4,119.1,31.83,84.22,27.48,0.096
2025-04-09_Shift-B_Bank-3_Cell-03_0347,09-04-2025,Shift-B,Bank-3,Cell-03_0347,1.102,0.382,61.5,45,9.06,Sodium Isopropyl Xanthate (SIPX),45.1,Pine Oil,20.8,125.1,Lime (CaO),1051,2.12,2.04,165,144.7,155.4,35.36,88.14,18.34,0.07
2025-04-09_Shift-C_Bank-4_Cell-03_0348,09-04-2025,Shift-C,Bank-4,Cell-03_0348,1.377,0.477,51.9,35,11.47,Sodium Isopropyl Xanthate (SIPX),72.7,Pine Oil,9.6,96.1,Lime (CaO),1274,1.59,1.98,177,138.3,235.3,15.9,88.18,23.82,0.077
2025-04-09_Shift-A_Bank-1_Cell-04_0349,09-04-2025,Shift-A,Bank-1,Cell-04_0349,2.242,0.777,57,35,11.54,Sodium Isopropyl Xanthate (SIPX),63.4,Pine Oil,24.1,196,Lime (CaO),2147,1.33,1.23,178,214.7,234.3,24.81,96.31,23.82,0.055
2025-04-09_Shift-B_Bank-2_Cell-04_0350,09-04-2025,Shift-B,Bank-2,Cell-04_0350,3.296,1.141,53.4,35.7,10.71,Sodium Isopropyl Xanthate (SIPX),25.6,Pine Oil,17,32.2,Lime (CaO),1341,1.75,1.92,180,119.7,147.5,22.6,95.12,21.88,0.066
2025-04-10_Shift-C_Bank-3_Cell-04_0351,10-04-2025,Shift-C,Bank-3,Cell-04_0351,0.895,0.31,69.4,42.8,11.82,Sodium Isopropyl Xanthate (SIPX),68.4,Pine Oil,6.4,103.9,Lime (CaO),2179,1.38,1.97,169,165.4,152.8,38.29,90.63,18.8,0.038
2025-04-10_Shift-A_Bank-4_Cell-04_0352,10-04-2025,Shift-A,Bank-4,Cell-04_0352,1.887,0.653,68.2,37.1,11.4,Sodium Isopropyl Xanthate (SIPX),41.3,Pine Oil,39.6,61.1,Lime (CaO),1629,1.67,1.57,225,115.3,214.6,15.72,81.61,22.96,0.162
2025-04-10_Shift-B_Bank-1_Cell-05_0353,10-04-2025,Shift-B,Bank-1,Cell-05_0353,1.034,0.358,47.4,24.7,11.05,Sodium Isopropyl Xanthate (SIPX),29.7,Pine Oil,19.2,16.7,Lime (CaO),1503,1.36,1.81,181,270.9,235.1,20.26,85.55,17.19,0.069
2025-04-11_Shift-C_Bank-2_Cell-05_0354,11-04-2025,Shift-C,Bank-2,Cell-05_0354,1.514,0.524,54.7,31.2,12.04,Sodium Isopropyl Xanthate (SIPX),42.4,Pine Oil,32.1,221.9,Lime (CaO),1318,0.86,1.36,167,144.7,203,16.71,83.68,24.04,0.119
2025-04-11_Shift-A_Bank-3_Cell-05_0355,11-04-2025,Shift-A,Bank-3,Cell-05_0355,0.742,0.257,73,33.6,10.91,Sodium Isopropyl Xanthate (SIPX),73.7,Pine Oil,17.4,104.1,Lime (CaO),1858,1.02,1.66,201,175,88.9,50.52,96.81,27.11,0.02
2025-04-11_Shift-B_Bank-4_Cell-05_0356,11-04-2025,Shift-B,Bank-4,Cell-05_0356,2.363,0.818,50.5,26.3,10.03,Sodium Isopropyl Xanthate (SIPX),52.1,Pine Oil,33.8,75.2,Lime (CaO),1707,0.86,1.44,137,150.2,164.8,17.36,84.56,21.27,0.188
2025-04-11_Shift-C_Bank-1_Cell-06_0357,11-04-2025,Shift-C,Bank-1,Cell-06_0357,1.241,0.43,75.6,35.7,9.77,Sodium Isopropyl Xanthate (SIPX),49.7,Pine Oil,17.4,22,Lime (CaO),1228,1.43,1.73,218,133.3,240.3,15.44,83.27,16.66,0.106
2025-04-12_Shift-A_Bank-2_Cell-06_0358,12-04-2025,Shift-A,Bank-2,Cell-06_0358,1.021,0.354,52.1,33.5,8.81,Sodium Isopropyl Xanthate (SIPX),65.7,Pine Oil,27.1,49.1,Lime (CaO),446,1.16,1.56,182,148.1,179,21.2,89.77,15.11,0.046
2025-04-12_Shift-B_Bank-3_Cell-06_0359,12-04-2025,Shift-B,Bank-3,Cell-06_0359,1.915,0.663,55.2,43,9.49,Sodium Isopropyl Xanthate (SIPX),71.6,Pine Oil,30.9,93.4,Lime (CaO),928,2.07,1.57,182,162.6,166.4,34.86,92.48,14.62,0.065
2025-04-12_Shift-C_Bank-4_Cell-06_0360,12-04-2025,Shift-C,Bank-4,Cell-06_0360,1.478,0.512,51.2,43.3,10.75,Sodium Isopropyl Xanthate (SIPX),57,Pine Oil,23.2,279,Lime (CaO),1631,1.03,1.82,156,148,193,27.6,88.02,19.36,0.089
2025-04-13_Shift-A_Bank-1_Cell-07_0361,13-04-2025,Shift-A,Bank-1,Cell-07_0361,1.837,0.636,62.8,33.2,9.9,Sodium Isopropyl Xanthate (SIPX),49,Pine Oil,28.8,85.9,Lime (CaO),757,0.91,1.52,135,165,159.2,26.29,95.97,24.82,0.03
2025-04-13_Shift-B_Bank-2_Cell-07_0362,13-04-2025,Shift-B,Bank-2,Cell-07_0362,1.863,0.645,51.6,33.3,10.15,Sodium Isopropyl Xanthate (SIPX),68.3,Pine Oil,30.7,58.2,Lime (CaO),1052,1.55,1.47,155,146.3,147.5,25.25,94.83,23.25,0.045
2025-04-13_Shift-C_Bank-3_Cell-07_0363,13-04-2025,Shift-C,Bank-3,Cell-07_0363,0.86,0.298,46.7,31.3,12.19,Sodium Isopropyl Xanthate (SIPX),77,Pine Oil,11,350,Lime (CaO),3250,1.43,1.56,116,175.6,182.2,22.65,70.03,24.42,0.135
2025-04-13_Shift-A_Bank-4_Cell-07_0364,13-04-2025,Shift-A,Bank-4,Cell-07_0364,2.505,0.867,55.6,30.8,11.72,Sodium Isopropyl Xanthate (SIPX),75.2,Pine Oil,29.4,84.9,Lime (CaO),1498,1.99,1.56,207,217,149.4,33.47,95.4,20.82,0.044
2025-04-14_Shift-B_Bank-1_Cell-08_0365,14-04-2025,Shift-B,Bank-1,Cell-08_0365,1.392,0.482,54.3,38.1,10.74,Sodium Isopropyl Xanthate (SIPX),45.9,Pine Oil,24.4,31.2,Lime (CaO),1120,1.82,1.77,131,173.7,159.2,33.03,95.54,18.14,0.027
2025-04-14_Shift-C_Bank-2_Cell-08_0366,14-04-2025,Shift-C,Bank-2,Cell-08_0366,2.555,0.885,54.6,30.2,10.38,Sodium Isopropyl Xanthate (SIPX),37.8,Pine Oil,20.3,66.2,Lime (CaO),931,1.63,1.7,193,140.5,171,18.48,95.48,23.27,0.047
2025-04-14_Shift-A_Bank-3_Cell-08_0367,14-04-2025,Shift-A,Bank-3,Cell-08_0367,1.88,0.651,79,32.8,11.2,Sodium Isopropyl Xanthate (SIPX),72.3,Pine Oil,35.5,105.1,Lime (CaO),1956,1.21,1.15,186,179.6,144,31.1,94.05,28.77,0.054
2025-04-15_Shift-B_Bank-4_Cell-08_0368,15-04-2025,Shift-B,Bank-4,Cell-08_0368,1.514,0.524,62.5,24.8,11.47,Sodium Isopropyl Xanthate (SIPX),60.4,Pine Oil,11.1,118.7,Lime (CaO),1785,1.64,2.1,188,54.9,157.5,6.17,65.62,22.03,0.286
2025-04-15_Shift-C_Bank-1_Cell-09_0369,15-04-2025,Shift-C,Bank-1,Cell-09_0369,1.852,0.641,64.1,36.7,9.61,Sodium Isopropyl Xanthate (SIPX),51.7,Pine Oil,38.8,20,Lime (CaO),774,0.88,1.36,235,251,219.6,32.89,91.2,15.92,0.08
2025-04-15_Shift-A_Bank-2_Cell-09_0370,15-04-2025,Shift-A,Bank-2,Cell-09_0370,3.631,1.257,46.9,43.1,10.33,Sodium Isopropyl Xanthate (SIPX),40.2,Pine Oil,23.8,60.3,Lime (CaO),1269,1.19,1.71,134,163.2,179.4,32.53,94.45,18.38,0.078
2025-04-15_Shift-B_Bank-3_Cell-09_0371,15-04-2025,Shift-B,Bank-3,Cell-09_0371,1.647,0.57,63.8,40.6,11.47,Sodium Isopropyl Xanthate (SIPX),45.6,Pine Oil,20.4,41.4,Lime (CaO),2109,2,1.68,213,108.3,237.1,15.05,84.56,16.46,0.121
2025-04-16_Shift-C_Bank-4_Cell-09_0372,16-04-2025,Shift-C,Bank-4,Cell-09_0372,1.711,0.593,53.3,28.6,12.3,Sodium Isopropyl Xanthate (SIPX),34,Pine Oil,9,155.6,Lime (CaO),3830,1.63,2.02,141,96.4,209.2,9.69,65.79,21.18,0.308
2025-04-16_Shift-A_Bank-1_Cell-10_0373,16-04-2025,Shift-A,Bank-1,Cell-10_0373,2.514,0.871,69.7,34.2,10.48,Sodium Isopropyl Xanthate (SIPX),48.3,Pine Oil,22.7,68,Lime (CaO),1648,0.64,1.82,137,167.6,126.4,34.91,94.58,25.13,0.055
2025-04-16_Shift-B_Bank-2_Cell-10_0374,16-04-2025,Shift-B,Bank-2,Cell-10_0374,1.583,0.548,57,37,9.54,Sodium Isopropyl Xanthate (SIPX),62.3,Pine Oil,22.2,73.1,Lime (CaO),602,1.38,1.77,111,158.9,221.1,20.94,91.79,20.27,0.056
2025-04-17_Shift-C_Bank-3_Cell-10_0375,17-04-2025,Shift-C,Bank-3,Cell-10_0375,1.825,0.632,63.4,33.5,9.77,Sodium Isopropyl Xanthate (SIPX),69.2,Pine Oil,5,104.2,Lime (CaO),1275,0.92,1.77,186,119.9,172.9,17.78,87.91,22.27,0.11
2025-04-17_Shift-A_Bank-4_Cell-10_0376,17-04-2025,Shift-A,Bank-4,Cell-10_0376,1.127,0.39,56.6,25.7,11,Sodium Isopropyl Xanthate (SIPX),63.5,Pine Oil,10.1,85.6,Lime (CaO),1752,1.35,1.93,111,78.7,186.7,7.77,65.84,21.86,0.208
2025-04-17_Shift-B_Bank-1_Cell-11_0377,17-04-2025,Shift-B,Bank-1,Cell-11_0377,0.821,0.284,59.7,26.2,10.64,Sodium Isopropyl Xanthate (SIPX),41,Pine Oil,42.5,76.5,Lime (CaO),1223,2.19,1.35,214,163.6,181.3,17.03,73.61,20,0.112
2025-04-17_Shift-C_Bank-2_Cell-11_0378,17-04-2025,Shift-C,Bank-2,Cell-11_0378,0.67,0.232,60,25.8,9.94,Sodium Isopropyl Xanthate (SIPX),59.6,Pine Oil,14.2,129.5,Lime (CaO),1674,1.62,2.07,185,88.4,121.9,13.47,81.41,22.75,0.071
2025-04-18_Shift-A_Bank-3_Cell-11_0379,18-04-2025,Shift-A,Bank-3,Cell-11_0379,1.001,0.347,55.8,35.6,9.78,Sodium Isopropyl Xanthate (SIPX),47.4,Pine Oil,36.8,28.5,Lime (CaO),1143,1.54,1.56,238,83.9,254.6,9.11,70.86,17.51,0.148
2025-04-18_Shift-B_Bank-4_Cell-11_0380,18-04-2025,Shift-B,Bank-4,Cell-11_0380,1.32,0.457,66.1,43.7,10.52,Sodium Isopropyl Xanthate (SIPX),23.8,Pine Oil,15.6,107.6,Lime (CaO),1700,1.02,1.67,190,131.7,220.5,21.81,86.87,18.93,0.084
2025-04-18_Shift-C_Bank-1_Cell-12_0381,18-04-2025,Shift-C,Bank-1,Cell-12_0381,1.415,0.49,64,40.1,10.01,Sodium Isopropyl Xanthate (SIPX),58.1,Pine Oil,22.4,10.6,Lime (CaO),1333,0.76,1.67,153,170.7,155.6,35.53,96.14,14.72,0.02
2025-04-19_Shift-A_Bank-2_Cell-12_0382,19-04-2025,Shift-A,Bank-2,Cell-12_0382,2.546,0.882,58.3,40.4,10.08,Sodium Isopropyl Xanthate (SIPX),92.7,Pine Oil,16.6,78.5,Lime (CaO),940,0.74,1.95,174,197,234.8,27.46,94.98,19.74,0.045
2025-04-19_Shift-B_Bank-3_Cell-12_0383,19-04-2025,Shift-B,Bank-3,Cell-12_0383,1.068,0.37,68.8,37.9,10.72,Sodium Isopropyl Xanthate (SIPX),72.2,Pine Oil,38.3,148.8,Lime (CaO),1545,1.48,1.08,164,218.8,192.6,34.12,96.67,30.09,0.02
2025-04-19_Shift-C_Bank-4_Cell-12_0384,19-04-2025,Shift-C,Bank-4,Cell-12_0384,1.349,0.467,59.4,31.4,9.06,Sodium Isopropyl Xanthate (SIPX),50.5,Pine Oil,28.1,135,Lime (CaO),565,1.04,1.57,130,167.6,324.2,12.21,81.95,21.38,0.119
2025-04-19_Shift-A_Bank-1_Cell-01_0385,19-04-2025,Shift-A,Bank-1,Cell-01_0385,1.73,0.599,76.4,35.9,7.8,Sodium Isopropyl Xanthate (SIPX),27.9,Pine Oil,29.9,89,Lime (CaO),272,2.07,1.74,213,86.5,163.2,14.82,65.08,16.94,0.323
2025-04-20_Shift-B_Bank-2_Cell-01_0386,20-04-2025,Shift-B,Bank-2,Cell-01_0386,2.501,0.866,45.9,21.9,10.54,Sodium Isopropyl Xanthate (SIPX),45.1,Pine Oil,39.6,125.8,Lime (CaO),1136,1.38,1.22,135,192.9,247.4,11.91,73.24,17.75,0.344
2025-04-20_Shift-C_Bank-3_Cell-01_0387,20-04-2025,Shift-C,Bank-3,Cell-01_0387,0.99,0.343,63.8,31.8,10.93,Sodium Isopropyl Xanthate (SIPX),8.1,Pine Oil,18.5,68.7,Lime (CaO),1421,1.76,1.85,173,103,173.7,14.24,81.95,26.49,0.082
2025-04-20_Shift-A_Bank-4_Cell-01_0388,20-04-2025,Shift-A,Bank-4,Cell-01_0388,1.604,0.556,75.4,38.9,11.47,Sodium Isopropyl Xanthate (SIPX),36.2,Pine Oil,30.9,194.2,Lime (CaO),2281,2.02,1.78,116,186.6,230.3,25.24,83.52,25.69,0.13
2025-04-20_Shift-B_Bank-1_Cell-02_0389,20-04-2025,Shift-B,Bank-1,Cell-02_0389,4.764,1.65,66.2,33.1,9.72,Sodium Isopropyl Xanthate (SIPX),41.5,Pine Oil,28.4,78.3,Lime (CaO),644,0.61,1.37,235,177.8,239.5,18.73,87.61,23.93,0.297
2025-04-21_Shift-C_Bank-2_Cell-02_0390,21-04-2025,Shift-C,Bank-2,Cell-02_0390,2.921,1.012,57.2,37.6,10.59,Sodium Isopropyl Xanthate (SIPX),34.1,Pine Oil,25.9,80.6,Lime (CaO),1397,1.22,1.65,110,188.2,147.2,38.07,96.99,27.67,0.044
2025-04-21_Shift-A_Bank-3_Cell-02_0391,21-04-2025,Shift-A,Bank-3,Cell-02_0391,1.663,0.576,62.3,38.1,8.77,Sodium Isopropyl Xanthate (SIPX),39.9,Pine Oil,24.1,87.2,Lime (CaO),1111,1.23,1.55,141,223.8,270.3,25.05,92.43,18.54,0.056
2025-04-21_Shift-B_Bank-4_Cell-02_0392,21-04-2025,Shift-B,Bank-4,Cell-02_0392,2.042,0.707,59.9,39.8,12.21,Sodium Isopropyl Xanthate (SIPX),77,Pine Oil,16.3,29.8,Lime (CaO),1852,1.3,1.83,215,147.6,186.8,25.38,93.67,15.89,0.055
2025-04-22_Shift-C_Bank-1_Cell-03_0393,22-04-2025,Shift-C,Bank-1,Cell-03_0393,1.489,0.516,59.5,38.6,10.8,Sodium Isopropyl Xanthate (SIPX),35.9,Pine Oil,25.3,163.4,Lime (CaO),1585,0.98,1.74,170,114.6,141.9,24.9,95.18,28.47,0.02
2025-04-22_Shift-A_Bank-2_Cell-03_0394,22-04-2025,Shift-A,Bank-2,Cell-03_0394,1.153,0.399,63.7,36.8,10.77,Sodium Isopropyl Xanthate (SIPX),44.8,Pine Oil,23.3,148.7,Lime (CaO),1324,1.33,1.6,204,103.7,183.5,16.35,92.65,30.79,0.038
2025-04-22_Shift-B_Bank-3_Cell-03_0395,22-04-2025,Shift-B,Bank-3,Cell-03_0395,1.119,0.387,55.1,33.5,9.93,Sodium Isopropyl Xanthate (SIPX),32.2,Pine Oil,23.2,118.1,Lime (CaO),1049,1.54,1.56,181,111,221.5,12.82,90.38,28.38,0.064
2025-04-22_Shift-C_Bank-4_Cell-03_0396,22-04-2025,Shift-C,Bank-4,Cell-03_0396,2.116,0.733,50.4,31.8,11.19,Sodium Isopropyl Xanthate (SIPX),32.2,Pine Oil,20.7,59.2,Lime (CaO),1568,1.61,1.57,228,180.8,198.4,21.83,92.72,23.28,0.056
2025-04-23_Shift-A_Bank-1_Cell-04_0397,23-04-2025,Shift-A,Bank-1,Cell-04_0397,2.524,0.874,65.3,26.7,8.92,Sodium Isopropyl Xanthate (SIPX),64.2,Pine Oil,25.3,54.5,Lime (CaO),399,1.31,1.65,156,175.5,263.1,12.9,85.85,14.43,0.175
2025-04-23_Shift-B_Bank-2_Cell-04_0398,23-04-2025,Shift-B,Bank-2,Cell-04_0398,1.866,0.646,66.6,28,10.34,Sodium Isopropyl Xanthate (SIPX),38.4,Pine Oil,18.2,84.6,Lime (CaO),1347,1.74,1.68,136,206.4,254.2,16.66,94.38,25.23,0.035
2025-04-23_Shift-C_Bank-3_Cell-04_0399,23-04-2025,Shift-C,Bank-3,Cell-04_0399,1.419,0.491,64,31.5,9.86,Sodium Isopropyl Xanthate (SIPX),26.3,Pine Oil,45,180.1,Lime (CaO),1411,1.89,1.46,183,70.4,205.4,8.14,68.69,29.07,0.22
2025-04-24_Shift-A_Bank-4_Cell-04_0400,24-04-2025,Shift-A,Bank-4,Cell-04_0400,1.936,0.67,70.2,34.3,9.76,Sodium Isopropyl Xanthate (SIPX),45.2,Pine Oil,11.3,100.1,Lime (CaO),1191,1.87,2.12,193,192.8,317.7,15.99,82.89,24.46,0.163
2025-04-24_Shift-B_Bank-1_Cell-05_0401,24-04-2025,Shift-B,Bank-1,Cell-05_0401,2.37,0.821,65.3,32.8,11.42,Sodium Isopropyl Xanthate (SIPX),10.5,Pine Oil,19.4,24.3,Lime (CaO),2113,1.84,1.88,203,121.2,240.5,12.56,79.29,20.88,0.261
2025-04-24_Shift-C_Bank-2_Cell-05_0402,24-04-2025,Shift-C,Bank-2,Cell-05_0402,0.741,0.257,64.6,38.2,10.07,Sodium Isopropyl Xanthate (SIPX),45.3,Pine Oil,42.4,151.8,Lime (CaO),1215,1.82,1.23,157,138,171.9,24.39,90.79,24.93,0.027
2025-04-24_Shift-A_Bank-3_Cell-05_0403,24-04-2025,Shift-A,Bank-3,Cell-05_0403,1.39,0.481,61.2,38.6,11.14,Sodium Isopropyl Xanthate (SIPX),61.6,Pine Oil,12.1,217.1,Lime (CaO),1425,2.57,2.05,170,199.8,231.5,26.59,85.29,27.66,0.104
2025-04-25_Shift-B_Bank-4_Cell-05_0404,25-04-2025,Shift-B,Bank-4,Cell-05_0404,0.693,0.24,57.5,31.8,10.45,Sodium Isopropyl Xanthate (SIPX),54.1,Pine Oil,27.8,19,Lime (CaO),1167,1.96,1.62,179,185.1,178.6,24.86,93.18,15.69,0.02
2025-04-25_Shift-C_Bank-1_Cell-06_0405,25-04-2025,Shift-C,Bank-1,Cell-06_0405,2.837,0.983,58.2,31.7,10.15,Sodium Isopropyl Xanthate (SIPX),68.5,Pine Oil,27,116.2,Lime (CaO),1210,1.07,1.67,226,95.3,299.9,7.6,78.79,27.74,0.317
2025-04-25_Shift-A_Bank-2_Cell-06_0406,25-04-2025,Shift-A,Bank-2,Cell-06_0406,2.33,0.807,56.3,39.9,10.12,Sodium Isopropyl Xanthate (SIPX),72.1,Pine Oil,35.1,46.4,Lime (CaO),1274,1.34,1.44,179,98.7,233.8,13.58,91.19,20.51,0.094
2025-04-26_Shift-B_Bank-3_Cell-06_0407,26-04-2025,Shift-B,Bank-3,Cell-06_0407,1.183,0.41,65.7,36.3,9.74,Sodium Isopropyl Xanthate (SIPX),96.4,Pine Oil,34.9,101,Lime (CaO),1660,1.31,1.56,153,186.1,211.9,24.96,93.8,24,0.041
2025-04-26_Shift-C_Bank-4_Cell-06_0408,26-04-2025,Shift-C,Bank-4,Cell-06_0408,0.851,0.295,64.1,26.8,10.81,Sodium Isopropyl Xanthate (SIPX),59.6,Pine Oil,19.9,33.4,Lime (CaO),1774,1.66,1.6,185,88.7,154.4,11.16,87.79,17.78,0.04
2025-04-26_Shift-A_Bank-1_Cell-07_0409,26-04-2025,Shift-A,Bank-1,Cell-07_0409,0.5,0.173,50.1,33.8,10.62,Sodium Isopropyl Xanthate (SIPX),48.9,Pine Oil,25.7,74,Lime (CaO),1060,1.16,1.55,203,144.3,198.7,18.85,89.85,26.75,0.029
2025-04-26_Shift-B_Bank-2_Cell-07_0410,26-04-2025,Shift-B,Bank-2,Cell-07_0410,1.273,0.441,71.5,41.6,8.89,Sodium Isopropyl Xanthate (SIPX),63.5,Pine Oil,7.2,88,Lime (CaO),469,1.95,2.41,194,278.7,143.6,66.05,91.19,14.58,0.06
2025-04-27_Shift-C_Bank-3_Cell-07_0411,27-04-2025,Shift-C,Bank-3,Cell-07_0411,4.422,1.531,61.2,32.1,8.83,Sodium Isopropyl Xanthate (SIPX),35.9,Pine Oil,24.9,193,Lime (CaO),679,0.87,1.32,192,172.1,230.8,18.06,90.16,19.17,0.221
2025-04-27_Shift-A_Bank-4_Cell-07_0412,27-04-2025,Shift-A,Bank-4,Cell-07_0412,1.265,0.438,72.1,35.8,9.63,Sodium Isopropyl Xanthate (SIPX),34.3,Pine Oil,22.3,50.7,Lime (CaO),1039,1.39,1.51,80,99.1,181.7,15.23,79.57,20.76,0.129
2025-04-27_Shift-B_Bank-1_Cell-08_0413,27-04-2025,Shift-B,Bank-1,Cell-08_0413,1.945,0.674,67.3,27.6,10.69,Sodium Isopropyl Xanthate (SIPX),53.2,Pine Oil,8.8,110.3,Lime (CaO),1711,1.1,1.93,213,91.1,266.5,6.88,67.2,28.27,0.342
2025-04-28_Shift-C_Bank-2_Cell-08_0414,28-04-2025,Shift-C,Bank-2,Cell-08_0414,0.831,0.288,51.3,35.7,11.14,Sodium Isopropyl Xanthate (SIPX),34.3,Pine Oil,27.6,128,Lime (CaO),1579,0.92,1.5,182,188.2,260.1,20.09,89.29,30.63,0.045
2025-04-28_Shift-A_Bank-3_Cell-08_0415,28-04-2025,Shift-A,Bank-3,Cell-08_0415,1.412,0.489,77.1,25.8,9.19,Sodium Isopropyl Xanthate (SIPX),33.6,Pine Oil,8.7,49.2,Lime (CaO),1023,1.18,2.06,164,136.4,196.9,12.83,66.11,16.36,0.258
2025-04-28_Shift-B_Bank-4_Cell-08_0416,28-04-2025,Shift-B,Bank-4,Cell-08_0416,1.668,0.578,67.6,29.7,9.06,Sodium Isopropyl Xanthate (SIPX),53.4,Pine Oil,25.3,37.4,Lime (CaO),480,1.13,1.66,191,206.3,216,21.08,93.27,17.31,0.062
2025-04-28_Shift-C_Bank-1_Cell-09_0417,28-04-2025,Shift-C,Bank-1,Cell-09_0417,1.543,0.534,61.9,38.6,11.99,Sodium Isopropyl Xanthate (SIPX),43.5,Pine Oil,13,40.2,Lime (CaO),2986,1.45,1.67,238,156.9,162.9,29.65,91.35,18.51,0.051
2025-04-29_Shift-A_Bank-2_Cell-09_0418,29-04-2025,Shift-A,Bank-2,Cell-09_0418,2.23,0.772,75.5,34.9,10.73,Sodium Isopropyl Xanthate (SIPX),11.3,Pine Oil,16.4,193.4,Lime (CaO),1084,1.19,1.71,219,280,177.5,42.52,93.27,32.44,0.065
2025-04-29_Shift-B_Bank-3_Cell-09_0419,29-04-2025,Shift-B,Bank-3,Cell-09_0419,1.849,0.64,63.4,31.4,10,Sodium Isopropyl Xanthate (SIPX),19.8,Pine Oil,34.4,124.3,Lime (CaO),1457,1.22,1.43,202,127.3,140.4,21.42,92.1,27.42,0.053
2025-04-29_Shift-C_Bank-4_Cell-09_0420,29-04-2025,Shift-C,Bank-4,Cell-09_0420,2.118,0.734,61.8,35.3,9.51,Sodium Isopropyl Xanthate (SIPX),25.3,Pine Oil,29.3,67.9,Lime (CaO),991,1.45,1.65,131,168.7,168,27.53,93.75,21.56,0.064
2025-04-30_Shift-A_Bank-1_Cell-10_0421,30-04-2025,Shift-A,Bank-1,Cell-10_0421,1.198,0.415,56.4,32.7,9.92,Sodium Isopropyl Xanthate (SIPX),30.1,Pine Oil,34.3,173,Lime (CaO),1084,1.88,1.93,136,111.9,185.2,15,83.24,28.17,0.103
2025-04-30_Shift-B_Bank-2_Cell-10_0422,30-04-2025,Shift-B,Bank-2,Cell-10_0422,2.333,0.808,66.9,33.1,9.27,Sodium Isopropyl Xanthate (SIPX),53.5,Pine Oil,38,48.9,Lime (CaO),1005,2.07,1.66,80,204.3,113.6,45.31,94.12,18.7,0.088
2025-04-30_Shift-C_Bank-3_Cell-10_0423,30-04-2025,Shift-C,Bank-3,Cell-10_0423,3.171,1.098,66.1,36.4,11.24,Sodium Isopropyl Xanthate (SIPX),49.9,Pine Oil,17,82.2,Lime (CaO),1910,1.51,1.63,189,175.9,216.5,23.18,96.15,25.08,0.06
2025-04-30_Shift-A_Bank-4_Cell-10_0424,30-04-2025,Shift-A,Bank-4,Cell-10_0424,1.065,0.369,62.1,29.2,9.66,Sodium Isopropyl Xanthate (SIPX),65.2,Pine Oil,37.5,32.9,Lime (CaO),1111,1.54,1.35,207,108.7,237,9.9,79.74,17.89,0.111
2025-05-01_Shift-B_Bank-1_Cell-11_0425,01-05-2025,Shift-B,Bank-1,Cell-11_0425,1.102,0.382,55.3,33.2,11.44,Sodium Isopropyl Xanthate (SIPX),59.6,Pine Oil,10.8,168.1,Lime (CaO),2357,1.37,1.95,210,139.6,189.6,18.65,89.23,28.24,0.057
2025-05-01_Shift-C_Bank-2_Cell-11_0426,01-05-2025,Shift-C,Bank-2,Cell-11_0426,2.804,0.971,63.1,31.4,10.02,Sodium Isopropyl Xanthate (SIPX),65.3,Pine Oil,30.7,45.8,Lime (CaO),1727,1.65,1.44,191,220.6,80,65.04,93.16,20.34,0.085
2025-05-01_Shift-A_Bank-3_Cell-11_0427,01-05-2025,Shift-A,Bank-3,Cell-11_0427,1.476,0.511,61.4,24.8,9.41,Sodium Isopropyl Xanthate (SIPX),57,Pine Oil,19.6,46.6,Lime (CaO),1010,1.61,1.82,159,214.9,178.4,21.28,91.46,18.03,0.059
2025-05-01_Shift-B_Bank-4_Cell-11_0428,01-05-2025,Shift-B,Bank-4,Cell-11_0428,1.329,0.46,49.5,41.2,7.91,Sodium Isopropyl Xanthate (SIPX),65.8,Pine Oil,29.5,9.5,Lime (CaO),239,0.66,1.62,134,132.4,162,27.46,74.4,18.81,0.161
2025-05-02_Shift-C_Bank-1_Cell-12_0429,02-05-2025,Shift-C,Bank-1,Cell-12_0429,2.948,1.021,66.8,35,10.29,Sodium Isopropyl Xanthate (SIPX),62.5,Pine Oil,32.5,26.8,Lime (CaO),1751,1.35,1.39,159,242.2,256.8,25.56,96.58,20.15,0.044
2025-05-02_Shift-A_Bank-2_Cell-12_0430,02-05-2025,Shift-A,Bank-2,Cell-12_0430,1.691,0.586,40,26.1,10.24,Sodium Isopropyl Xanthate (SIPX),52.8,Pine Oil,32.2,139.5,Lime (CaO),1335,1.59,1.46,128,146.8,80,34.55,93.18,24.15,0.052
2025-05-02_Shift-B_Bank-3_Cell-12_0431,02-05-2025,Shift-B,Bank-3,Cell-12_0431,3.087,1.069,57.9,32.4,8.61,Sodium Isopropyl Xanthate (SIPX),8,Pine Oil,25.2,336.2,Lime (CaO),673,1.06,1.42,116,204.1,228.2,21.98,72.66,19.4,0.448
2025-05-03_Shift-C_Bank-4_Cell-12_0432,03-05-2025,Shift-C,Bank-4,Cell-12_0432,1.374,0.476,73.1,41.1,11.5,Sodium Isopropyl Xanthate (SIPX),40.8,Pine Oil,28.7,97.4,Lime (CaO),2086,0.9,1.59,158,90.9,157.7,19.32,84.92,21.52,0.095
2025-05-03_Shift-A_Bank-1_Cell-01_0433,03-05-2025,Shift-A,Bank-1,Cell-01_0433,1.078,0.373,57.8,32,11.18,Sodium Isopropyl Xanthate (SIPX),40.5,Pine Oil,26.7,17.6,Lime (CaO),1648,1.79,1.79,91,109.7,154.2,17.22,87.25,17.07,0.068
2025-05-03_Shift-B_Bank-2_Cell-01_0434,03-05-2025,Shift-B,Bank-2,Cell-01_0434,1.935,0.67,58.6,34.8,10.35,Sodium Isopropyl Xanthate (SIPX),74.3,Pine Oil,25.8,97.3,Lime (CaO),1568,0.71,1.35,165,212.6,207.4,27.6,96.44,25.7,0.027
2025-05-03_Shift-C_Bank-3_Cell-01_0435,03-05-2025,Shift-C,Bank-3,Cell-01_0435,0.829,0.287,63,35.5,11.36,Sodium Isopropyl Xanthate (SIPX),19.9,Pine Oil,31.6,75.4,Lime (CaO),1813,1.81,1.79,151,203.7,233,24.09,93.42,24.17,0.02
2025-05-04_Shift-A_Bank-4_Cell-01_0436,04-05-2025,Shift-A,Bank-4,Cell-01_0436,2.091,0.724,68.3,26.1,9,Sodium Isopropyl Xanthate (SIPX),71.4,Pine Oil,9.4,97.1,Lime (CaO),292,1.64,1.94,130,189.3,212.8,16.71,80.07,18.71,0.211
2025-05-04_Shift-B_Bank-1_Cell-02_0437,04-05-2025,Shift-B,Bank-1,Cell-02_0437,1.276,0.442,58.1,37.9,11.08,Sodium Isopropyl Xanthate (SIPX),24.9,Pine Oil,22.8,17.5,Lime (CaO),2385,1.4,1.59,165,148.1,197.4,22.54,95.43,14.94,0.02
2025-05-04_Shift-C_Bank-2_Cell-02_0438,04-05-2025,Shift-C,Bank-2,Cell-02_0438,2.591,0.897,70.5,31.3,9.67,Sodium Isopropyl Xanthate (SIPX),25.5,Pine Oil,11.5,84.2,Lime (CaO),1000,1.07,1.86,144,209,248.1,19.77,88.68,24.08,0.139
2025-05-05_Shift-A_Bank-3_Cell-02_0439,05-05-2025,Shift-A,Bank-3,Cell-02_0439,1.15,0.398,64.5,28.8,9.33,Sodium Isopropyl Xanthate (SIPX),40.3,Pine Oil,38.8,80.4,Lime (CaO),589,1.96,1.3,239,182.5,112.6,34.34,88.36,18.83,0.058
2025-05-05_Shift-B_Bank-4_Cell-02_0440,05-05-2025,Shift-B,Bank-4,Cell-02_0440,0.788,0.273,69.8,33.9,10.41,Sodium Isopropyl Xanthate (SIPX),17.9,Pine Oil,19.7,60.4,Lime (CaO),1114,0.77,1.76,172,198.6,188.4,27.44,89.41,23.64,0.037
2025-05-05_Shift-C_Bank-1_Cell-03_0441,05-05-2025,Shift-C,Bank-1,Cell-03_0441,1.131,0.392,67.6,34.8,9.62,Sodium Isopropyl Xanthate (SIPX),57.7,Pine Oil,25.1,93.6,Lime (CaO),907,0.79,1.53,185,236.2,188,33.84,96.91,22.51,0.02
2025-05-05_Shift-A_Bank-2_Cell-03_0442,05-05-2025,Shift-A,Bank-2,Cell-03_0442,1.775,0.615,78.3,32.2,10.76,Sodium Isopropyl Xanthate (SIPX),58.2,Pine Oil,30.8,67.8,Lime (CaO),1231,1.19,1.61,147,152.1,170.3,21.76,92.65,26.03,0.056
2025-05-06_Shift-B_Bank-3_Cell-03_0443,06-05-2025,Shift-B,Bank-3,Cell-03_0443,1.484,0.514,55.5,35.1,8.68,Sodium Isopropyl Xanthate (SIPX),65,Pine Oil,5.4,57.4,Lime (CaO),484,1.44,2.12,135,137.4,235.1,15.89,78.21,18.05,0.186
2025-05-06_Shift-C_Bank-4_Cell-03_0444,06-05-2025,Shift-C,Bank-4,Cell-03_0444,1.438,0.498,50.3,31.6,8.38,Sodium Isopropyl Xanthate (SIPX),38.2,Pine Oil,19.3,38.2,Lime (CaO),507,1.24,2,164,217,201.8,25.59,89.18,17.97,0.075
2025-05-06_Shift-A_Bank-1_Cell-04_0445,06-05-2025,Shift-A,Bank-1,Cell-04_0445,1.497,0.518,53.5,29.6,11.7,Sodium Isopropyl Xanthate (SIPX),45.3,Pine Oil,27.3,18.3,Lime (CaO),2999,1.72,1.59,260,220.6,278.6,17.39,81.54,14.97,0.129
2025-05-07_Shift-B_Bank-2_Cell-04_0446,07-05-2025,Shift-B,Bank-2,Cell-04_0446,1.743,0.603,67.6,41.3,11.26,Sodium Isopropyl Xanthate (SIPX),45.5,Pine Oil,5,14.5,Lime (CaO),2165,1.91,2.05,154,128.7,240.6,18.08,81.55,16.26,0.156
2025-05-07_Shift-C_Bank-3_Cell-04_0447,07-05-2025,Shift-C,Bank-3,Cell-04_0447,1.048,0.363,66.2,38.5,9.4,Sodium Isopropyl Xanthate (SIPX),76.4,Pine Oil,15.2,27.7,Lime (CaO),1241,1.57,1.6,179,101.8,252.8,12.34,86.68,13.44,0.06
2025-05-07_Shift-A_Bank-4_Cell-04_0448,07-05-2025,Shift-A,Bank-4,Cell-04_0448,2.153,0.746,62.9,29,10.4,Sodium Isopropyl Xanthate (SIPX),8,Pine Oil,33.9,132.4,Lime (CaO),1349,1.69,1.82,134,213.3,134.8,33.9,94.72,28.4,0.043
2025-05-07_Shift-B_Bank-1_Cell-05_0449,07-05-2025,Shift-B,Bank-1,Cell-05_0449,2.113,0.732,52.5,36,11.37,Sodium Isopropyl Xanthate (SIPX),28.8,Pine Oil,33,36.4,Lime (CaO),1892,1.56,1.56,80,76,152.9,13.94,77.06,21.03,0.255
2025-05-08_Shift-C_Bank-2_Cell-05_0450,08-05-2025,Shift-C,Bank-2,Cell-05_0450,1.881,0.651,68.5,29.1,10.8,Sodium Isopropyl Xanthate (SIPX),46.1,Pine Oil,27.4,50.2,Lime (CaO),1718,1.45,1.46,135,73.5,156.7,10.1,87.19,24.68,0.107
2025-05-08_Shift-A_Bank-3_Cell-05_0451,08-05-2025,Shift-A,Bank-3,Cell-05_0451,1.812,0.628,71.9,38.4,11.44,Sodium Isopropyl Xanthate (SIPX),41.4,Pine Oil,25.9,61.1,Lime (CaO),1617,1.02,1.82,188,154.9,145.5,32.54,94.94,20.01,0.049
2025-05-08_Shift-B_Bank-4_Cell-05_0452,08-05-2025,Shift-B,Bank-4,Cell-05_0452,3.761,1.302,85,24.1,9.71,Sodium Isopropyl Xanthate (SIPX),43.7,Pine Oil,29,117.4,Lime (CaO),1329,0.88,1.32,227,99.1,146.9,11.57,63.08,20.57,0.758
2025-05-09_Shift-C_Bank-1_Cell-06_0453,09-05-2025,Shift-C,Bank-1,Cell-06_0453,1.543,0.534,65.1,37.8,10.43,Sodium Isopropyl Xanthate (SIPX),34.2,Pine Oil,21.2,67.3,Lime (CaO),1888,1.39,1.59,152,160.6,138.4,34.8,96.52,21.42,0.027
2025-05-09_Shift-A_Bank-2_Cell-06_0454,09-05-2025,Shift-A,Bank-2,Cell-06_0454,1.406,0.487,67,31.7,10.38,Sodium Isopropyl Xanthate (SIPX),47.2,Pine Oil,25,149.2,Lime (CaO),1331,1.55,1.6,80,162.8,316.6,12.27,84.59,30.5,0.092
2025-05-09_Shift-B_Bank-3_Cell-06_0455,09-05-2025,Shift-B,Bank-3,Cell-06_0455,1.166,0.404,57.8,31.9,10.14,Sodium Isopropyl Xanthate (SIPX),57.3,Pine Oil,18.3,28,Lime (CaO),858,0.84,1.59,123,126.9,183.5,16.66,87.4,20.09,0.067
2025-05-09_Shift-C_Bank-4_Cell-06_0456,09-05-2025,Shift-C,Bank-4,Cell-06_0456,1.037,0.359,46.6,35.1,10.03,Sodium Isopropyl Xanthate (SIPX),41.7,Pine Oil,35.4,139,Lime (CaO),1203,1.48,1.39,180,247.6,214.4,31.45,94.72,26.2,0.02
2025-05-10_Shift-A_Bank-1_Cell-07_0457,10-05-2025,Shift-A,Bank-1,Cell-07_0457,0.949,0.329,56.9,36,10.47,Sodium Isopropyl Xanthate (SIPX),37.8,Pine Oil,37.7,207.3,Lime (CaO),880,1.08,1.47,174,170.6,137.5,34.9,96.1,30.81,0.02
2025-05-10_Shift-B_Bank-2_Cell-07_0458,10-05-2025,Shift-B,Bank-2,Cell-07_0458,1.553,0.538,49.7,36.7,9.4,Sodium Isopropyl Xanthate (SIPX),45.9,Pine Oil,20.3,34.1,Lime (CaO),894,1.19,1.77,145,80.1,108.4,21.32,89.27,19.44,0.095
2025-05-10_Shift-C_Bank-3_Cell-07_0459,10-05-2025,Shift-C,Bank-3,Cell-07_0459,1.841,0.638,76.6,33.6,11.16,Sodium Isopropyl Xanthate (SIPX),14.7,Pine Oil,15.4,119,Lime (CaO),1420,0.98,2.01,201,79.7,145,14.13,70.41,29.11,0.274
2025-05-11_Shift-A_Bank-4_Cell-07_0460,11-05-2025,Shift-A,Bank-4,Cell-07_0460,1.635,0.566,64.3,26.5,9.47,Sodium Isopropyl Xanthate (SIPX),54.3,Pine Oil,35.5,84.4,Lime (CaO),1186,1.7,1.51,146,172.1,156.4,21.06,92.44,19.06,0.065
2025-05-11_Shift-B_Bank-1_Cell-08_0461,11-05-2025,Shift-B,Bank-1,Cell-08_0461,1.16,0.402,65.2,32.1,10.19,Sodium Isopropyl Xanthate (SIPX),37.9,Pine Oil,28.9,105.1,Lime (CaO),1453,1.38,1.53,177,239,200.1,29.01,98.22,26.03,0.02
2025-05-11_Shift-C_Bank-2_Cell-08_0462,11-05-2025,Shift-C,Bank-2,Cell-08_0462,2.335,0.809,59.4,40.2,10.12,Sodium Isopropyl Xanthate (SIPX),68.7,Pine Oil,27,152.1,Lime (CaO),1302,1.79,1.56,172,101.5,153.5,21.5,92.82,24.35,0.078
2025-05-11_Shift-A_Bank-3_Cell-08_0463,11-05-2025,Shift-A,Bank-3,Cell-08_0463,2.183,0.756,60.5,41.7,10.74,Sodium Isopropyl Xanthate (SIPX),56.6,Pine Oil,18.3,63.4,Lime (CaO),1053,1.26,1.9,151,156.9,260.1,20.63,94.37,21.98,0.054
2025-05-12_Shift-B_Bank-4_Cell-08_0464,12-05-2025,Shift-B,Bank-4,Cell-08_0464,1.216,0.421,61.7,26.8,11.25,Sodium Isopropyl Xanthate (SIPX),27.8,Pine Oil,14.2,350,Lime (CaO),1909,2.24,2.16,149,115.5,158.3,14.18,64.18,25.53,0.253
2025-05-12_Shift-C_Bank-1_Cell-09_0465,12-05-2025,Shift-C,Bank-1,Cell-09_0465,2.014,0.698,66.5,35.6,9.76,Sodium Isopropyl Xanthate (SIPX),39.3,Pine Oil,29.7,120.1,Lime (CaO),1502,0.77,1.53,236,159.3,235.9,18.67,85.06,23.71,0.146
2025-05-12_Shift-A_Bank-2_Cell-09_0466,12-05-2025,Shift-A,Bank-2,Cell-09_0466,1.731,0.6,60.3,37.4,11.56,Sodium Isopropyl Xanthate (SIPX),23.6,Pine Oil,36.4,169.7,Lime (CaO),1638,1.99,1.73,207,126.4,171.9,21.73,84.63,27.73,0.131
2025-05-12_Shift-B_Bank-3_Cell-09_0467,12-05-2025,Shift-B,Bank-3,Cell-09_0467,0.871,0.302,59.1,36.8,9.95,Sodium Isopropyl Xanthate (SIPX),33.3,Pine Oil,38.7,146.3,Lime (CaO),1209,2.14,1.47,204,87.3,162.8,15.5,77.47,23.41,0.095
2025-05-13_Shift-C_Bank-4_Cell-09_0468,13-05-2025,Shift-C,Bank-4,Cell-09_0468,1.555,0.538,50,37.1,10.35,Sodium Isopropyl Xanthate (SIPX),68.5,Pine Oil,30.4,171.1,Lime (CaO),1566,1.77,1.5,135,86.3,231.2,10.9,84.92,29.83,0.105
2025-05-13_Shift-A_Bank-1_Cell-10_0469,13-05-2025,Shift-A,Bank-1,Cell-10_0469,1.786,0.619,45.2,34.9,12.22,Sodium Isopropyl Xanthate (SIPX),72.8,Pine Oil,11.6,107.6,Lime (CaO),2115,1.31,1.71,110,59.5,80,20.06,79.41,20.25,0.191
2025-05-13_Shift-B_Bank-2_Cell-10_0470,13-05-2025,Shift-B,Bank-2,Cell-10_0470,1.097,0.38,59.8,32.6,10.14,Sodium Isopropyl Xanthate (SIPX),25.3,Pine Oil,25.8,157.8,Lime (CaO),1585,2.05,1.87,207,172.9,223.8,19.13,87.56,28.92,0.067
2025-05-14_Shift-C_Bank-3_Cell-10_0471,14-05-2025,Shift-C,Bank-3,Cell-10_0471,1.733,0.6,62.5,29.8,11.58,Sodium Isopropyl Xanthate (SIPX),37.8,Pine Oil,43.3,50.5,Lime (CaO),2530,1.31,1.17,199,178.7,157.2,25.18,94.91,20.63,0.025
2025-05-14_Shift-A_Bank-4_Cell-10_0472,14-05-2025,Shift-A,Bank-4,Cell-10_0472,0.868,0.301,51.1,23.1,10.44,Sodium Isopropyl Xanthate (SIPX),44.6,Pine Oil,16.2,17.8,Lime (CaO),1978,1.15,1.67,170,178.4,157.1,18.51,86.46,16.54,0.06
2025-05-14_Shift-B_Bank-1_Cell-11_0473,14-05-2025,Shift-B,Bank-1,Cell-11_0473,2.804,0.971,61.7,34.8,10.79,Sodium Isopropyl Xanthate (SIPX),56.5,Pine Oil,23.5,40.6,Lime (CaO),1738,1.29,1.53,151,106.4,280.1,10.2,93.96,21.45,0.078
2025-05-14_Shift-C_Bank-2_Cell-11_0474,14-05-2025,Shift-C,Bank-2,Cell-11_0474,2.702,0.936,62.5,34,10.47,Sodium Isopropyl Xanthate (SIPX),14.3,Pine Oil,36.7,75.7,Lime (CaO),2279,1.21,1.46,109,198.3,165.6,31.23,92.63,28.09,0.086
2025-05-15_Shift-A_Bank-3_Cell-11_0475,15-05-2025,Shift-A,Bank-3,Cell-11_0475,1.439,0.498,43.7,35.9,11.21,Sodium Isopropyl Xanthate (SIPX),17.1,Pine Oil,29.6,68.5,Lime (CaO),1446,1.05,1.35,198,183.9,234,22.01,84.57,25.68,0.103
2025-05-15_Shift-B_Bank-4_Cell-11_0476,15-05-2025,Shift-B,Bank-4,Cell-11_0476,1.864,0.645,54.2,26,9.75,Sodium Isopropyl Xanthate (SIPX),54.8,Pine Oil,45,84.8,Lime (CaO),1695,1.92,1.18,210,150.4,202.8,13.91,78.15,19.47,0.212
2025-05-15_Shift-C_Bank-1_Cell-12_0477,15-05-2025,Shift-C,Bank-1,Cell-12_0477,0.581,0.201,65.5,36.4,9.47,Sodium Isopropyl Xanthate (SIPX),10.9,Pine Oil,17.4,48.1,Lime (CaO),1260,1.13,1.93,139,142.5,207.6,19.53,77.64,19.81,0.079
2025-05-16_Shift-A_Bank-2_Cell-12_0478,16-05-2025,Shift-A,Bank-2,Cell-12_0478,1.414,0.49,52.2,33.4,10.49,Sodium Isopropyl Xanthate (SIPX),48.9,Pine Oil,35,62.1,Lime (CaO),1396,0.84,1.57,212,159.2,176.1,23.08,87.67,25,0.089
2025-05-16_Shift-B_Bank-3_Cell-12_0479,16-05-2025,Shift-B,Bank-3,Cell-12_0479,1.02,0.353,63.3,32.7,10.19,Sodium Isopropyl Xanthate (SIPX),53.5,Pine Oil,13.2,24.8,Lime (CaO),1428,1.46,1.81,141,227.6,260.3,21.71,93.26,20.78,0.024
2025-05-16_Shift-C_Bank-4_Cell-12_0480,16-05-2025,Shift-C,Bank-4,Cell-12_0480,2.16,0.748,70.7,34.6,11.07,Sodium Isopropyl Xanthate (SIPX),43.4,Pine Oil,22.2,82.2,Lime (CaO),2277,0.96,1.68,233,204.6,232.8,23.47,90.12,24.93,0.097
2025-05-16_Shift-A_Bank-1_Cell-01_0481,16-05-2025,Shift-A,Bank-1,Cell-01_0481,0.976,0.338,61.2,27.7,9.47,Sodium Isopropyl Xanthate (SIPX),61.2,Pine Oil,33.3,61.2,Lime (CaO),967,1.4,1.67,150,175.9,141.9,25.04,93.77,19.8,0.02
2025-05-17_Shift-B_Bank-2_Cell-01_0482,17-05-2025,Shift-B,Bank-2,Cell-01_0482,1.126,0.39,58,34.1,9.7,Sodium Isopropyl Xanthate (SIPX),51.1,Pine Oil,29.5,32.3,Lime (CaO),363,1.89,1.86,167,97.1,163.1,15.58,90.12,18.41,0.053
2025-05-17_Shift-C_Bank-3_Cell-01_0483,17-05-2025,Shift-C,Bank-3,Cell-01_0483,3.148,1.09,66,30.2,12.3,Sodium Isopropyl Xanthate (SIPX),46.7,Pine Oil,20.4,350,Lime (CaO),1801,1.66,1.65,208,110.1,244.2,10.12,71.49,23.01,0.477
2025-05-17_Shift-A_Bank-4_Cell-01_0484,17-05-2025,Shift-A,Bank-4,Cell-01_0484,0.958,0.332,63.7,32.7,10.69,Sodium Isopropyl Xanthate (SIPX),52.9,Pine Oil,34.9,120,Lime (CaO),1373,1.4,1.26,199,183.1,215.5,21.14,93.41,28.14,0.03
2025-05-18_Shift-B_Bank-1_Cell-02_0485,18-05-2025,Shift-B,Bank-1,Cell-02_0485,1.776,0.615,67.3,40,10.86,Sodium Isopropyl Xanthate (SIPX),76.9,Pine Oil,45,126.2,Lime (CaO),2709,1.31,1.33,206,280,115.6,78.25,95.59,23.07,0.034
2025-05-18_Shift-C_Bank-2_Cell-02_0486,18-05-2025,Shift-C,Bank-2,Cell-02_0486,0.8,0.277,69,35.3,10.4,Sodium Isopropyl Xanthate (SIPX),67.9,Pine Oil,24.9,43.2,Lime (CaO),868,1.21,1.81,148,280,250,30.72,94.84,21.1,0.02
2025-05-18_Shift-A_Bank-3_Cell-02_0487,18-05-2025,Shift-A,Bank-3,Cell-02_0487,0.934,0.324,62.8,31,10.88,Sodium Isopropyl Xanthate (SIPX),35,Pine Oil,12.3,171.4,Lime (CaO),1764,1.8,1.98,165,173.6,198,20.4,90.8,32.38,0.038
2025-05-18_Shift-B_Bank-4_Cell-02_0488,18-05-2025,Shift-B,Bank-4,Cell-02_0488,1.339,0.464,68.7,45,10.16,Sodium Isopropyl Xanthate (SIPX),36.6,Pine Oil,18.3,6.9,Lime (CaO),1564,1.97,2.04,149,114,281.1,15.41,80.19,17.13,0.144
2025-05-19_Shift-C_Bank-1_Cell-03_0489,19-05-2025,Shift-C,Bank-1,Cell-03_0489,2.251,0.779,55.2,30,12.3,Sodium Isopropyl Xanthate (SIPX),43.4,Pine Oil,19.2,237.7,Lime (CaO),2176,1.16,1.77,203,263.5,221.5,26.56,92.01,21.77,0.08
2025-05-19_Shift-A_Bank-2_Cell-03_0490,19-05-2025,Shift-A,Bank-2,Cell-03_0490,1.771,0.613,46.6,23.8,9.5,Sodium Isopropyl Xanthate (SIPX),27.9,Pine Oil,23.9,78.6,Lime (CaO),1163,1.22,1.68,162,173.7,143.1,20.43,84.46,18.35,0.133
2025-05-19_Shift-B_Bank-3_Cell-03_0491,19-05-2025,Shift-B,Bank-3,Cell-03_0491,1.987,0.688,64.2,38,9.57,Sodium Isopropyl Xanthate (SIPX),61.9,Pine Oil,35.2,113.4,Lime (CaO),711,1.25,1.28,224,140.2,218.2,19.41,89.47,21.31,0.095
2025-05-20_Shift-C_Bank-4_Cell-03_0492,20-05-2025,Shift-C,Bank-4,Cell-03_0492,1.255,0.435,47.4,45,11.93,Sodium Isopropyl Xanthate (SIPX),40.5,Pine Oil,22.6,61.5,Lime (CaO),2090,2,1.73,170,170.7,272.9,23.76,79.62,14.74,0.132
2025-05-20_Shift-A_Bank-1_Cell-04_0493,20-05-2025,Shift-A,Bank-1,Cell-04_0493,2.733,0.946,55.9,25.8,11.39,Sodium Isopropyl Xanthate (SIPX),57.6,Pine Oil,13.1,15.8,Lime (CaO),1953,1.01,1.76,160,149.6,213,13.02,85.54,16.74,0.206
2025-05-20_Shift-B_Bank-2_Cell-04_0494,20-05-2025,Shift-B,Bank-2,Cell-04_0494,1.229,0.426,68.6,40.6,10.27,Sodium Isopropyl Xanthate (SIPX),50,Pine Oil,36,99.1,Lime (CaO),1109,2.01,1.31,224,166.6,171.4,32.02,92.93,22.61,0.057
2025-05-20_Shift-C_Bank-3_Cell-04_0495,20-05-2025,Shift-C,Bank-3,Cell-04_0495,1.225,0.424,59.6,33.4,10.43,Sodium Isopropyl Xanthate (SIPX),59,Pine Oil,23.6,89,Lime (CaO),1173,1.27,1.68,146,235.1,167.4,35.79,95.85,27.73,0.02
2025-05-21_Shift-A_Bank-4_Cell-04_0496,21-05-2025,Shift-A,Bank-4,Cell-04_0496,2.204,0.763,73.9,24.4,11.25,Sodium Isopropyl Xanthate (SIPX),43.4,Pine Oil,30.4,118.9,Lime (CaO),2159,1.16,1.63,156,180.9,166.5,18.9,88.4,24.36,0.126
2025-05-21_Shift-B_Bank-1_Cell-05_0497,21-05-2025,Shift-B,Bank-1,Cell-05_0497,1.931,0.669,53.1,40.6,10.04,Sodium Isopropyl Xanthate (SIPX),45,Pine Oil,33.2,30.4,Lime (CaO),1224,1.39,1.65,115,146.5,252,19.19,87.85,17.36,0.111
2025-05-21_Shift-C_Bank-2_Cell-05_0498,21-05-2025,Shift-C,Bank-2,Cell-05_0498,0.788,0.273,55.2,37.1,10.15,Sodium Isopropyl Xanthate (SIPX),57.2,Pine Oil,5,106.1,Lime (CaO),1788,1.07,2.26,177,126,248.7,14.81,75.1,25.99,0.092
2025-05-22_Shift-A_Bank-3_Cell-05_0499,22-05-2025,Shift-A,Bank-3,Cell-05_0499,2.006,0.695,63.8,32.8,10.98,Sodium Isopropyl Xanthate (SIPX),34.7,Pine Oil,16.6,93.6,Lime (CaO),1313,1.16,2.03,136,201.5,121.2,41.46,96.85,27.13,0.028
2025-05-22_Shift-B_Bank-4_Cell-05_0500,22-05-2025,Shift-B,Bank-4,Cell-05_0500,1.036,0.359,65.3,36.4,10.22,Sodium Isopropyl Xanthate (SIPX),8,Pine Oil,23,169,Lime (CaO),1326,2.01,1.72,143,79.9,191.8,11.85,73.23,29.82,0.16
2025-05-22_Shift-C_Bank-1_Cell-06_0501,22-05-2025,Shift-C,Bank-1,Cell-06_0501,1.766,0.612,66.2,29,10.18,Sodium Isopropyl Xanthate (SIPX),26.5,Pine Oil,30.6,46.4,Lime (CaO),1186,1.65,1.3,138,40,192.9,4.44,71.69,22.15,0.265
2025-05-22_Shift-A_Bank-2_Cell-06_0502,22-05-2025,Shift-A,Bank-2,Cell-06_0502,0.88,0.305,69.7,30,10.41,Sodium Isopropyl Xanthate (SIPX),44.9,Pine Oil,19.4,188.6,Lime (CaO),1507,1.88,2.01,143,160.8,154.1,23.26,90.78,30.28,0.031
2025-05-23_Shift-B_Bank-3_Cell-06_0503,23-05-2025,Shift-B,Bank-3,Cell-06_0503,1.93,0.668,63.7,30.6,11.16,Sodium Isopropyl Xanthate (SIPX),47.1,Pine Oil,16.5,144.6,Lime (CaO),1382,0.9,2.02,133,143.4,210.2,15.59,88.23,27.76,0.107
2025-05-23_Shift-C_Bank-4_Cell-06_0504,23-05-2025,Shift-C,Bank-4,Cell-06_0504,1.14,0.395,66.2,23.4,11.96,Sodium Isopropyl Xanthate (SIPX),76.3,Pine Oil,30.5,76.3,Lime (CaO),3136,1.73,1.81,174,85.1,257.2,5.46,61.25,18.41,0.23
2025-05-23_Shift-A_Bank-1_Cell-07_0505,23-05-2025,Shift-A,Bank-1,Cell-07_0505,0.934,0.323,59.8,37.5,10.96,Sodium Isopropyl Xanthate (SIPX),56.5,Pine Oil,19.8,85.3,Lime (CaO),864,1.04,1.81,159,67.9,231,8.71,81.05,26.05,0.088
2025-05-24_Shift-B_Bank-2_Cell-07_0506,24-05-2025,Shift-B,Bank-2,Cell-07_0506,2.159,0.748,62.5,39.2,11.16,Sodium Isopropyl Xanthate (SIPX),47.5,Pine Oil,28.9,7.6,Lime (CaO),2525,0.89,1.22,167,242.7,252,30.28,98.21,17.95,0.02
2025-05-24_Shift-C_Bank-3_Cell-07_0507,24-05-2025,Shift-C,Bank-3,Cell-07_0507,1.771,0.613,62.9,29.4,10.21,Sodium Isopropyl Xanthate (SIPX),45.4,Pine Oil,14,83.6,Lime (CaO),1300,1.55,1.91,254,172.2,157,23.82,90.02,23.81,0.077
2025-05-24_Shift-A_Bank-4_Cell-07_0508,24-05-2025,Shift-A,Bank-4,Cell-07_0508,1.33,0.46,66.7,34.7,10.56,Sodium Isopropyl Xanthate (SIPX),43.5,Pine Oil,26.3,168.8,Lime (CaO),1822,1.75,1.89,192,199.1,201,26.54,94.43,33.94,0.028
2025-05-24_Shift-B_Bank-1_Cell-08_0509,24-05-2025,Shift-B,Bank-1,Cell-08_0509,1.622,0.562,62.4,29.7,9.05,Sodium Isopropyl Xanthate (SIPX),26.4,Pine Oil,32.3,114.8,Lime (CaO),603,1.82,1.71,163,234.9,205.2,25.26,93.29,19.3,0.043
2025-05-25_Shift-C_Bank-2_Cell-08_0510,25-05-2025,Shift-C,Bank-2,Cell-08_0510,1.791,0.62,55.1,28.4,10.09,Sodium Isopropyl Xanthate (SIPX),71.5,Pine Oil,19.2,284.1,Lime (CaO),1402,2.07,1.85,175,93.4,234.2,8.31,74.09,25.52,0.235
2025-05-25_Shift-A_Bank-3_Cell-08_0511,25-05-2025,Shift-A,Bank-3,Cell-08_0511,1.233,0.427,62.6,38.5,10.32,Sodium Isopropyl Xanthate (SIPX),53.1,Pine Oil,16.8,49.1,Lime (CaO),2006,0.95,1.63,166,91.6,250.4,11.21,86.2,20.51,0.085
2025-05-25_Shift-B_Bank-4_Cell-08_0512,25-05-2025,Shift-B,Bank-4,Cell-08_0512,1.95,0.675,61.8,32.7,9.92,Sodium Isopropyl Xanthate (SIPX),33.3,Pine Oil,36.2,129.3,Lime (CaO),849,2.08,1.68,173,179.6,221.7,20.1,91.97,26.37,0.068
2025-05-25_Shift-C_Bank-1_Cell-09_0513,25-05-2025,Shift-C,Bank-1,Cell-09_0513,1.279,0.443,63.6,43.5,11.81,Sodium Isopropyl Xanthate (SIPX),43.9,Pine Oil,10.3,25.5,Lime (CaO),3221,2.24,2.08,143,169.9,150.4,40.94,85.73,18,0.096
2025-05-26_Shift-A_Bank-2_Cell-09_0514,26-05-2025,Shift-A,Bank-2,Cell-09_0514,1.346,0.466,80.8,33.2,10.86,Sodium Isopropyl Xanthate (SIPX),55.2,Pine Oil,35.3,72.6,Lime (CaO),1758,1.3,1.65,146,210,127.8,41.68,95.59,24.43,0.033
2025-05-26_Shift-B_Bank-3_Cell-09_0515,26-05-2025,Shift-B,Bank-3,Cell-09_0515,2.836,0.982,57.5,28.2,11.7,Sodium Isopropyl Xanthate (SIPX),41.5,Pine Oil,35.9,119.4,Lime (CaO),1711,0.75,1.12,166,71.7,213.9,6.92,70.38,23.25,0.445
2025-05-26_Shift-C_Bank-4_Cell-09_0516,26-05-2025,Shift-C,Bank-4,Cell-09_0516,1.034,0.358,65.6,39.4,10.65,Sodium Isopropyl Xanthate (SIPX),36.4,Pine Oil,31.7,134.7,Lime (CaO),1060,0.87,1.57,90,183.8,259,22.45,81.68,25.95,0.09
2025-05-27_Shift-A_Bank-1_Cell-10_0517,27-05-2025,Shift-A,Bank-1,Cell-10_0517,0.581,0.201,71.1,36.3,10.48,Sodium Isopropyl Xanthate (SIPX),34.2,Pine Oil,17.8,63.9,Lime (CaO),1376,1.26,1.83,222,197.5,188.9,29.69,90.77,25.28,0.025
2025-05-27_Shift-B_Bank-2_Cell-10_0518,27-05-2025,Shift-B,Bank-2,Cell-10_0518,3.147,1.09,62.8,36.8,9.51,Sodium Isopropyl Xanthate (SIPX),52.1,Pine Oil,16.7,180.8,Lime (CaO),426,2.3,2.06,247,194.9,119.7,47.05,94.14,24.03,0.081
2025-05-27_Shift-C_Bank-3_Cell-10_0519,27-05-2025,Shift-C,Bank-3,Cell-10_0519,4.668,1.617,81.9,39.2,10.41,Sodium Isopropyl Xanthate (SIPX),39.6,Pine Oil,22.1,206.4,Lime (CaO),1180,1.46,1.54,171,130.5,285.9,14.35,86.15,30.23,0.307
2025-05-27_Shift-A_Bank-4_Cell-10_0520,27-05-2025,Shift-A,Bank-4,Cell-10_0520,0.709,0.246,64.8,32.3,9.1,Sodium Isopropyl Xanthate (SIPX),22,Pine Oil,15.3,74.3,Lime (CaO),607,1.16,1.74,206,112.8,197.9,13.96,75.73,19.04,0.094
2025-05-28_Shift-B_Bank-1_Cell-11_0521,28-05-2025,Shift-B,Bank-1,Cell-11_0521,1.404,0.486,55.2,32.1,9.89,Sodium Isopropyl Xanthate (SIPX),47.4,Pine Oil,29.8,68.6,Lime (CaO),1214,0.89,1.44,115,135.9,136.3,24.22,92.33,24.73,0.045
2025-05-28_Shift-C_Bank-2_Cell-11_0522,28-05-2025,Shift-C,Bank-2,Cell-11_0522,1.419,0.491,59,26.3,10.09,Sodium Isopropyl Xanthate (SIPX),42.7,Pine Oil,29.8,56.3,Lime (CaO),1159,1.82,1.79,200,99.9,190.7,9.94,80.1,18.51,0.127
2025-05-28_Shift-A_Bank-3_Cell-11_0523,28-05-2025,Shift-A,Bank-3,Cell-11_0523,1.477,0.512,64.1,31.6,10.79,Sodium Isopropyl Xanthate (SIPX),40.2,Pine Oil,14.6,198.2,Lime (CaO),1288,1.41,1.72,149,113.6,221.6,12.21,89.87,29.7,0.068
2025-05-29_Shift-B_Bank-4_Cell-11_0524,29-05-2025,Shift-B,Bank-4,Cell-11_0524,1.002,0.347,69.2,39.9,10.84,Sodium Isopropyl Xanthate (SIPX),49.6,Pine Oil,30.1,196.7,Lime (CaO),1403,2.33,1.9,252,138.4,213.1,20.95,72.17,25.13,0.14
2025-05-29_Shift-C_Bank-1_Cell-12_0525,29-05-2025,Shift-C,Bank-1,Cell-12_0525,2.041,0.707,64.7,34.2,9.85,Sodium Isopropyl Xanthate (SIPX),59.5,Pine Oil,28.1,70.4,Lime (CaO),1259,1.71,1.4,158,126.4,158.7,20.98,95.66,23.97,0.037
2025-05-29_Shift-A_Bank-2_Cell-12_0526,29-05-2025,Shift-A,Bank-2,Cell-12_0526,0.854,0.296,61.2,24.9,10.23,Sodium Isopropyl Xanthate (SIPX),55.9,Pine Oil,29.1,167.5,Lime (CaO),857,1.35,1.18,158,87.6,161.7,9.64,86.16,22.32,0.053
2025-05-29_Shift-B_Bank-3_Cell-12_0527,29-05-2025,Shift-B,Bank-3,Cell-12_0527,2.146,0.743,59.2,41.7,7.8,Sodium Isopropyl Xanthate (SIPX),41.7,Pine Oil,33.5,100,Lime (CaO),198,0.99,1.78,248,244.1,266.6,31.26,76.39,18.3,0.26
2025-05-30_Shift-C_Bank-4_Cell-12_0528,30-05-2025,Shift-C,Bank-4,Cell-12_0528,3.789,1.312,85,32.5,9.94,Sodium Isopropyl Xanthate (SIPX),35.8,Pine Oil,28.3,66.4,Lime (CaO),1182,1.08,1.53,146,126,231.2,13.45,82.06,25.32,0.345
2025-05-30_Shift-A_Bank-1_Cell-01_0529,30-05-2025,Shift-A,Bank-1,Cell-01_0529,1.72,0.596,65.4,29.6,11.43,Sodium Isopropyl Xanthate (SIPX),27.2,Pine Oil,32.8,46.7,Lime (CaO),1032,0.87,1.01,209,165.8,165.9,21.96,90.93,21.09,0.07
2025-05-30_Shift-B_Bank-2_Cell-01_0530,30-05-2025,Shift-B,Bank-2,Cell-01_0530,1.389,0.481,55.9,31.6,8.8,Sodium Isopropyl Xanthate (SIPX),35.3,Pine Oil,12.4,137.2,Lime (CaO),576,1.83,1.87,189,65.6,136.3,11.44,74.38,19.41,0.185
2025-05-31_Shift-C_Bank-3_Cell-01_0531,31-05-2025,Shift-C,Bank-3,Cell-01_0531,1.507,0.522,56.1,25.3,10.51,Sodium Isopropyl Xanthate (SIPX),46.4,Pine Oil,22.9,27.5,Lime (CaO),1510,1.29,1.53,180,215.2,202.8,19.25,92.8,17.94,0.061
2025-05-31_Shift-A_Bank-4_Cell-01_0532,31-05-2025,Shift-A,Bank-4,Cell-01_0532,2.072,0.717,54,40.4,11.91,Sodium Isopropyl Xanthate (SIPX),31.8,Pine Oil,23.6,67.8,Lime (CaO),2319,1.85,1.65,174,158,167.3,30.92,94.45,17.67,0.047
2025-05-31_Shift-B_Bank-1_Cell-02_0533,31-05-2025,Shift-B,Bank-1,Cell-02_0533,3.477,1.204,61.5,40.4,11.95,Sodium Isopropyl Xanthate (SIPX),60.7,Pine Oil,27.5,73.1,Lime (CaO),1577,1.58,1.39,146,40,197.5,6.64,79.54,17.43,0.361
2025-05-31_Shift-C_Bank-2_Cell-02_0534,31-05-2025,Shift-C,Bank-2,Cell-02_0534,1.487,0.515,68.2,34.3,10.32,Sodium Isopropyl Xanthate (SIPX),37.5,Pine Oil,22.4,39,Lime (CaO),1252,1.36,1.81,209,110.4,177.7,16.43,92.76,21.89,0.056
2025-06-01_Shift-A_Bank-3_Cell-02_0535,01-06-2025,Shift-A,Bank-3,Cell-02_0535,3.224,1.116,54.8,37.4,10.44,Sodium Isopropyl Xanthate (SIPX),30.9,Pine Oil,17.4,193.4,Lime (CaO),1944,1.83,2.07,178,144.3,304.8,14,87.63,30.61,0.192
2025-06-01_Shift-B_Bank-4_Cell-02_0536,01-06-2025,Shift-B,Bank-4,Cell-02_0536,1.006,0.349,52.9,36.7,11.69,Sodium Isopropyl Xanthate (SIPX),26.3,Pine Oil,33.9,137.9,Lime (CaO),2079,1.15,1.4,211,143.7,217.3,19.09,84.15,26.21,0.085
2025-06-01_Shift-C_Bank-1_Cell-03_0537,01-06-2025,Shift-C,Bank-1,Cell-03_0537,2.048,0.709,63.9,36.2,11.03,Sodium Isopropyl Xanthate (SIPX),53.6,Pine Oil,27.1,86.3,Lime (CaO),1557,1.71,1.62,195,270.3,137,55.92,94.89,26.92,0.057
2025-06-02_Shift-A_Bank-2_Cell-03_0538,02-06-2025,Shift-A,Bank-2,Cell-03_0538,1.83,0.634,67.1,34.8,9.57,Sodium Isopropyl Xanthate (SIPX),70.7,Pine Oil,14.8,152,Lime (CaO),1463,2.14,1.88,80,133.8,119.4,30.16,89.02,25.29,0.088
2025-06-02_Shift-B_Bank-3_Cell-03_0539,02-06-2025,Shift-B,Bank-3,Cell-03_0539,1.111,0.385,64.8,31.8,9.79,Sodium Isopropyl Xanthate (SIPX),38.7,Pine Oil,22.3,176.1,Lime (CaO),1016,1.56,1.69,188,197.5,208.3,22.73,94.7,28.78,0.022
2025-06-02_Shift-C_Bank-4_Cell-03_0540,02-06-2025,Shift-C,Bank-4,Cell-03_0540,1.724,0.597,55.1,43,10.87,Sodium Isopropyl Xanthate (SIPX),42.1,Pine Oil,8.3,199,Lime (CaO),2506,1.78,2.09,152,237,171.7,49.13,96.39,22.14,0.036
2025-06-02_Shift-A_Bank-1_Cell-04_0541,02-06-2025,Shift-A,Bank-1,Cell-04_0541,2.662,0.922,67.8,28.3,9.81,Sodium Isopropyl Xanthate (SIPX),65.3,Pine Oil,24.3,48.9,Lime (CaO),1030,1.69,1.64,209,182.2,251.2,15.04,92.68,17.53,0.091
2025-06-03_Shift-B_Bank-2_Cell-04_0542,03-06-2025,Shift-B,Bank-2,Cell-04_0542,1.397,0.484,55.7,33,8.39,Sodium Isopropyl Xanthate (SIPX),13.4,Pine Oil,22.2,152,Lime (CaO),348,2.25,2.02,187,117.7,203,14.58,64.68,18.35,0.269
2025-06-03_Shift-C_Bank-3_Cell-04_0543,03-06-2025,Shift-C,Bank-3,Cell-04_0543,0.786,0.272,57.6,33.1,10.35,Sodium Isopropyl Xanthate (SIPX),81.4,Pine Oil,18.8,73.3,Lime (CaO),1380,1.61,1.81,188,88.3,98.8,22.54,92.17,23.23,0.036
2025-06-03_Shift-A_Bank-4_Cell-04_0544,03-06-2025,Shift-A,Bank-4,Cell-04_0544,1.588,0.55,54,35.1,8.99,Sodium Isopropyl Xanthate (SIPX),90,Pine Oil,38.3,97.6,Lime (CaO),646,1.74,1.24,155,185.8,143.1,35.3,93.84,17.18,0.051
2025-06-04_Shift-B_Bank-1_Cell-05_0545,04-06-2025,Shift-B,Bank-1,Cell-05_0545,1.095,0.379,73.1,30.8,11.94,Sodium Isopropyl Xanthate (SIPX),8,Pine Oil,13.6,50.9,Lime (CaO),1693,1.43,2.06,130,229,158.9,33.15,82.28,18.2,0.1
2025-06-04_Shift-C_Bank-2_Cell-05_0546,04-06-2025,Shift-C,Bank-2,Cell-05_0546,1.386,0.48,67.4,34.6,10.57,Sodium Isopropyl Xanthate (SIPX),44.2,Pine Oil,30.4,83.4,Lime (CaO),2499,1.12,1.48,149,176.2,210.3,22.4,95.88,30.19,0.035
2025-06-04_Shift-A_Bank-3_Cell-05_0547,04-06-2025,Shift-A,Bank-3,Cell-05_0547,1.546,0.535,67.1,32.1,9.54,Sodium Isopropyl Xanthate (SIPX),33.1,Pine Oil,43.7,153.4,Lime (CaO),1025,0.94,1.5,97,209.2,141.6,35.89,86.75,25.88,0.098
2025-06-04_Shift-B_Bank-4_Cell-05_0548,04-06-2025,Shift-B,Bank-4,Cell-05_0548,0.812,0.281,85,33,8.61,Sodium Isopropyl Xanthate (SIPX),38.5,Pine Oil,23.7,77.6,Lime (CaO),483,1.03,1.97,109,190.2,128.5,37.26,78.66,15.98,0.086
2025-06-05_Shift-C_Bank-1_Cell-06_0549,05-06-2025,Shift-C,Bank-1,Cell-06_0549,1.959,0.678,47.5,27.3,9.36,Sodium Isopropyl Xanthate (SIPX),60.6,Pine Oil,13.8,40.1,Lime (CaO),785,1.76,2.12,110,97.2,190.3,10.13,67.51,17.49,0.35
2025-06-05_Shift-A_Bank-2_Cell-06_0550,05-06-2025,Shift-A,Bank-2,Cell-06_0550,0.545,0.189,56.8,33.7,12.3,Sodium Isopropyl Xanthate (SIPX),29.6,Pine Oil,20.3,47.3,Lime (CaO),1191,1.84,1.71,185,215.8,257.2,21.66,87.85,18.02,0.02
2025-06-05_Shift-B_Bank-3_Cell-06_0551,05-06-2025,Shift-B,Bank-3,Cell-06_0551,2.225,0.77,54.8,35.5,11.09,Sodium Isopropyl Xanthate (SIPX),42.9,Pine Oil,17.8,18.3,Lime (CaO),1222,1.23,1.66,164,138.1,201.3,18.95,97.22,16.62,0.031
2025-06-05_Shift-C_Bank-4_Cell-06_0552,05-06-2025,Shift-C,Bank-4,Cell-06_0552,1.186,0.411,59.5,35.9,9.99,Sodium Isopropyl Xanthate (SIPX),24.7,Pine Oil,21.1,8.6,Lime (CaO),1558,1.61,1.73,129,146.8,258.7,15.92,89.87,15.54,0.047
2025-06-06_Shift-A_Bank-1_Cell-07_0553,06-06-2025,Shift-A,Bank-1,Cell-07_0553,0.92,0.319,51.7,23,9.49,Sodium Isopropyl Xanthate (SIPX),16.4,Pine Oil,23.1,170.5,Lime (CaO),811,1.33,1.57,153,166,181.6,14.77,73.4,19.99,0.137
2025-06-06_Shift-B_Bank-2_Cell-07_0554,06-06-2025,Shift-B,Bank-2,Cell-07_0554,2.273,0.787,64.8,25.9,12.3,Sodium Isopropyl Xanthate (SIPX),81.9,Pine Oil,28.4,44.8,Lime (CaO),2458,0.93,1.69,134,133.2,225.6,11.02,78.68,16.74,0.258
2025-06-06_Shift-C_Bank-3_Cell-07_0555,06-06-2025,Shift-C,Bank-3,Cell-07_0555,4.352,1.507,66.1,27.6,12.3,Sodium Isopropyl Xanthate (SIPX),43.5,Pine Oil,17.9,91.3,Lime (CaO),2913,1.12,1.91,107,160.2,194.2,16.58,82.14,20.63,0.378
2025-06-07_Shift-A_Bank-4_Cell-07_0556,07-06-2025,Shift-A,Bank-4,Cell-07_0556,1.909,0.661,66.3,36.2,11.72,Sodium Isopropyl Xanthate (SIPX),38.8,Pine Oil,22.6,231.9,Lime (CaO),1224,1.03,1.52,192,72.8,153.1,13.44,85.2,27.11,0.142
2025-06-07_Shift-B_Bank-1_Cell-08_0557,07-06-2025,Shift-B,Bank-1,Cell-08_0557,1.883,0.652,67.1,29.4,8.75,Sodium Isopropyl Xanthate (SIPX),55.9,Pine Oil,22.2,116.2,Lime (CaO),854,1.35,1.84,143,128.8,204.8,13.69,86.52,17.67,0.129
2025-06-07_Shift-C_Bank-2_Cell-08_0558,07-06-2025,Shift-C,Bank-2,Cell-08_0558,1.492,0.517,58.8,33.4,9.77,Sodium Isopropyl Xanthate (SIPX),77.9,Pine Oil,40.5,27.1,Lime (CaO),1001,1.98,1.54,179,90.8,227,10.22,78.1,18.77,0.171
2025-06-07_Shift-A_Bank-3_Cell-08_0559,07-06-2025,Shift-A,Bank-3,Cell-08_0559,2.255,0.781,80,29.7,9.76,Sodium Isopropyl Xanthate (SIPX),56.4,Pine Oil,26.1,310.7,Lime (CaO),1328,0.54,1.79,199,130.5,167.2,17.19,65.87,28.5,0.416
2025-06-08_Shift-B_Bank-4_Cell-08_0560,08-06-2025,Shift-B,Bank-4,Cell-08_0560,2.08,0.72,64,35.9,10.32,Sodium Isopropyl Xanthate (SIPX),18.7,Pine Oil,9.5,107,Lime (CaO),1030,1.94,2.25,177,111.8,164.7,19.03,85.59,28.88,0.144
2025-06-08_Shift-C_Bank-1_Cell-09_0561,08-06-2025,Shift-C,Bank-1,Cell-09_0561,2.707,0.937,46.2,33.7,10.34,Sodium Isopropyl Xanthate (SIPX),21.1,Pine Oil,27.8,159.4,Lime (CaO),1337,1.07,1.55,195,198.6,206.4,24.84,91.02,31.94,0.109
2025-06-08_Shift-A_Bank-2_Cell-09_0562,08-06-2025,Shift-A,Bank-2,Cell-09_0562,1.285,0.445,53.5,30.7,12.3,Sodium Isopropyl Xanthate (SIPX),38.8,Pine Oil,28.9,21.9,Lime (CaO),2220,1.56,1.52,86,199.1,152,30.02,91.2,16.08,0.043
2025-06-09_Shift-B_Bank-3_Cell-09_0563,09-06-2025,Shift-B,Bank-3,Cell-09_0563,1.333,0.461,47.2,27.5,9.38,Sodium Isopropyl Xanthate (SIPX),41.2,Pine Oil,22.9,278,Lime (CaO),752,1.17,1.95,146,176.9,120.2,29.55,85.79,20.44,0.086
2025-06-09_Shift-C_Bank-4_Cell-09_0564,09-06-2025,Shift-C,Bank-4,Cell-09_0564,1.308,0.453,62.1,34.4,10.62,Sodium Isopropyl Xanthate (SIPX),15,Pine Oil,13.1,63,Lime (CaO),964,2.29,2.12,207,89.2,206.2,11.45,66.8,24.59,0.234
2025-06-09_Shift-A_Bank-1_Cell-10_0565,09-06-2025,Shift-A,Bank-1,Cell-10_0565,3.002,1.04,58,35.2,10.4,Sodium Isopropyl Xanthate (SIPX),26.4,Pine Oil,14.4,99.1,Lime (CaO),1481,1.15,1.79,235,85.3,184.1,12.67,81.95,27.15,0.28
2025-06-09_Shift-B_Bank-2_Cell-10_0566,09-06-2025,Shift-B,Bank-2,Cell-10_0566,1.32,0.457,79.1,45,10.5,Sodium Isopropyl Xanthate (SIPX),72.9,Pine Oil,29.9,159.3,Lime (CaO),1135,1.32,1.22,230,142.9,214,25.38,86.14,14.55,0.078
2025-06-10_Shift-C_Bank-3_Cell-10_0567,10-06-2025,Shift-C,Bank-3,Cell-10_0567,1.826,0.632,68.2,36.7,10.5,Sodium Isopropyl Xanthate (SIPX),41.5,Pine Oil,29.4,126.9,Lime (CaO),738,1.52,1.6,155,197.6,182.6,31.23,96.16,27.18,0.026
2025-06-10_Shift-A_Bank-4_Cell-10_0568,10-06-2025,Shift-A,Bank-4,Cell-10_0568,1.443,0.5,54.1,32.6,10.89,Sodium Isopropyl Xanthate (SIPX),53.9,Pine Oil,39.4,120.8,Lime (CaO),1460,1.63,1.45,129,172.7,138.4,30.83,93.75,30.55,0.031
2025-06-10_Shift-B_Bank-1_Cell-11_0569,10-06-2025,Shift-B,Bank-1,Cell-11_0569,2.387,0.826,53.5,22.9,10.71,Sodium Isopropyl Xanthate (SIPX),23.8,Pine Oil,29.1,92.9,Lime (CaO),1873,1.45,1.61,147,210.4,160.6,21.13,92.28,22.56,0.086
2025-06-11_Shift-C_Bank-2_Cell-11_0570,11-06-2025,Shift-C,Bank-2,Cell-11_0570,1.131,0.392,63.5,39.7,11.74,Sodium Isopropyl Xanthate (SIPX),37,Pine Oil,34,72.5,Lime (CaO),1887,1.31,1.5,142,138.8,196.3,22.59,91.96,20.49,0.051
2025-06-11_Shift-A_Bank-3_Cell-11_0571,11-06-2025,Shift-A,Bank-3,Cell-11_0571,1.152,0.399,46.2,28.9,11.29,Sodium Isopropyl Xanthate (SIPX),26.4,Pine Oil,18.3,65.2,Lime (CaO),1825,1.7,1.69,130,191.9,164.7,24.81,89.27,22.94,0.051
2025-06-11_Shift-B_Bank-4_Cell-11_0572,11-06-2025,Shift-B,Bank-4,Cell-11_0572,0.604,0.209,60.5,29.4,10.47,Sodium Isopropyl Xanthate (SIPX),40.8,Pine Oil,25.5,199.5,Lime (CaO),988,1.17,1.71,180,193.5,153.9,27.3,92.96,30.56,0.031
2025-06-11_Shift-C_Bank-1_Cell-12_0573,11-06-2025,Shift-C,Bank-1,Cell-12_0573,1.067,0.37,62.1,32.1,9.29,Sodium Isopropyl Xanthate (SIPX),37.6,Pine Oil,12.4,170.7,Lime (CaO),1338,1.73,1.97,229,124.8,218.4,13.89,75.4,22.9,0.139
2025-06-12_Shift-A_Bank-2_Cell-12_0574,12-06-2025,Shift-A,Bank-2,Cell-12_0574,1.47,0.509,55.1,26.6,10.19,Sodium Isopropyl Xanthate (SIPX),63.1,Pine Oil,24.5,143,Lime (CaO),1250,1.36,1.71,153,135.9,224.6,11.66,89.93,23.79,0.086
2025-06-12_Shift-B_Bank-3_Cell-12_0575,12-06-2025,Shift-B,Bank-3,Cell-12_0575,1.444,0.5,60.5,28.4,9.95,Sodium Isopropyl Xanthate (SIPX),77.2,Pine Oil,8.7,18.3,Lime (CaO),951,0.72,1.87,178,171.1,175.6,20.28,85.55,16.99,0.103
2025-06-12_Shift-C_Bank-4_Cell-12_0576,12-06-2025,Shift-C,Bank-4,Cell-12_0576,1.038,0.359,62.8,29.1,9.51,Sodium Isopropyl Xanthate (SIPX),22.1,Pine Oil,28.5,7.8,Lime (CaO),671,1.17,1.52,163,87.9,233.7,8.09,75.03,17.36,0.133
2025-06-13_Shift-A_Bank-1_Cell-01_0577,13-06-2025,Shift-A,Bank-1,Cell-01_0577,1.562,0.541,67.1,28.9,9.27,Sodium Isopropyl Xanthate (SIPX),75.1,Pine Oil,16.6,131.8,Lime (CaO),644,1.97,2.18,161,165.8,196.4,18.01,87.57,21.3,0.097
2025-06-13_Shift-B_Bank-2_Cell-01_0578,13-06-2025,Shift-B,Bank-2,Cell-01_0578,2.486,0.861,71.2,35.7,8.83,Sodium Isopropyl Xanthate (SIPX),27.7,Pine Oil,35.5,35.3,Lime (CaO),565,2.22,1.88,157,76.3,202.3,10.49,63.23,18,0.502
2025-06-13_Shift-C_Bank-3_Cell-01_0579,13-06-2025,Shift-C,Bank-3,Cell-01_0579,1.092,0.378,58.1,32.1,9,Sodium Isopropyl Xanthate (SIPX),37.2,Pine Oil,13.9,48.4,Lime (CaO),609,1.47,1.87,170,129.2,145.3,21.55,91.73,17.64,0.039
2025-06-13_Shift-A_Bank-4_Cell-01_0580,13-06-2025,Shift-A,Bank-4,Cell-01_0580,1.458,0.505,67.2,32.3,10.03,Sodium Isopropyl Xanthate (SIPX),60.4,Pine Oil,15.8,172.2,Lime (CaO),898,1.79,2.18,135,124.4,175.3,17.33,90.48,30.83,0.069
2025-06-14_Shift-B_Bank-1_Cell-02_0581,14-06-2025,Shift-B,Bank-1,Cell-02_0581,2.1,0.727,58.3,31.6,9.13,Sodium Isopropyl Xanthate (SIPX),73,Pine Oil,35.4,169.8,Lime (CaO),1077,1.99,1.73,177,98.4,195.3,11.97,80.4,24.95,0.213
2025-06-14_Shift-C_Bank-2_Cell-02_0582,14-06-2025,Shift-C,Bank-2,Cell-02_0582,1.591,0.551,68.7,35.4,10.76,Sodium Isopropyl Xanthate (SIPX),67.4,Pine Oil,24,16.1,Lime (CaO),1961,1.58,1.77,181,167.5,197.1,23.4,97.72,17.77,0.02
2025-06-14_Shift-A_Bank-3_Cell-02_0583,14-06-2025,Shift-A,Bank-3,Cell-02_0583,1.592,0.551,77.1,33.4,9.98,Sodium Isopropyl Xanthate (SIPX),31.9,Pine Oil,15,133.7,Lime (CaO),894,1.67,1.84,213,101.4,221.8,11.68,77.47,26.8,0.173
2025-06-15_Shift-B_Bank-4_Cell-02_0584,15-06-2025,Shift-B,Bank-4,Cell-02_0584,1.464,0.507,54.6,28.9,10.91,Sodium Isopropyl Xanthate (SIPX),28.2,Pine Oil,12.4,47.4,Lime (CaO),2161,1.06,2,204,160.1,273.2,12.5,76.47,20.94,0.182
2025-06-15_Shift-C_Bank-1_Cell-03_0585,15-06-2025,Shift-C,Bank-1,Cell-03_0585,0.96,0.332,62.1,28.5,9.72,Sodium Isopropyl Xanthate (SIPX),25.4,Pine Oil,27.7,76.2,Lime (CaO),1384,1.31,1.5,89,268.5,173.7,32.39,93.43,18.03,0.023
2025-06-15_Shift-A_Bank-2_Cell-03_0586,15-06-2025,Shift-A,Bank-2,Cell-03_0586,0.83,0.287,62.1,37,9.66,Sodium Isopropyl Xanthate (SIPX),38.1,Pine Oil,14.1,141.9,Lime (CaO),932,1.23,1.82,216,138.5,159.5,25.3,91.25,23.26,0.031
2025-06-15_Shift-B_Bank-3_Cell-03_0587,15-06-2025,Shift-B,Bank-3,Cell-03_0587,2.134,0.739,61.2,35.3,11.54,Sodium Isopropyl Xanthate (SIPX),50.5,Pine Oil,14.1,87.3,Lime (CaO),2976,0.95,1.95,157,159,158.5,27.5,94.53,25.67,0.053
2025-06-16_Shift-C_Bank-4_Cell-03_0588,16-06-2025,Shift-C,Bank-4,Cell-03_0588,1.041,0.361,49.4,34.5,10.97,Sodium Isopropyl Xanthate (SIPX),45.2,Pine Oil,28.7,74.1,Lime (CaO),1696,1.27,1.45,208,109.1,165.8,17.47,88.76,25.52,0.055
2025-06-16_Shift-A_Bank-1_Cell-04_0589,16-06-2025,Shift-A,Bank-1,Cell-04_0589,1.537,0.532,62.8,33.2,11.28,Sodium Isopropyl Xanthate (SIPX),73.3,Pine Oil,12.7,160.6,Lime (CaO),1822,1.34,1.91,228,172.1,110.4,39.53,94.61,25.77,0.029
2025-06-16_Shift-B_Bank-2_Cell-04_0590,16-06-2025,Shift-B,Bank-2,Cell-04_0590,0.853,0.296,55.3,37.7,10.77,Sodium Isopropyl Xanthate (SIPX),20.9,Pine Oil,40,171.7,Lime (CaO),861,1.53,1.48,113,170.4,249,20.46,81.39,28.52,0.078
2025-06-16_Shift-C_Bank-3_Cell-04_0591,16-06-2025,Shift-C,Bank-3,Cell-04_0591,1.086,0.376,52.7,32.5,11.36,Sodium Isopropyl Xanthate (SIPX),54.3,Pine Oil,32.2,350,Lime (CaO),1124,1.34,1.48,88,86.7,263.6,8.1,59.54,27.86,0.248
2025-06-17_Shift-A_Bank-4_Cell-04_0592,17-06-2025,Shift-A,Bank-4,Cell-04_0592,2.956,1.024,64,40.2,10.77,Sodium Isopropyl Xanthate (SIPX),8,Pine Oil,20.2,140.2,Lime (CaO),791,1.07,1.96,198,198.7,200.4,32.27,93.63,24.75,0.089
2025-06-17_Shift-B_Bank-1_Cell-05_0593,17-06-2025,Shift-B,Bank-1,Cell-05_0593,1.802,0.624,63.3,34.2,10.45,Sodium Isopropyl Xanthate (SIPX),66,Pine Oil,29.2,82.4,Lime (CaO),1747,1.82,1.35,216,90.4,144.4,16.45,95.49,26.74,0.03
2025-06-17_Shift-C_Bank-2_Cell-05_0594,17-06-2025,Shift-C,Bank-2,Cell-05_0594,2.208,0.765,66.9,36.3,10.14,Sodium Isopropyl Xanthate (SIPX),42.2,Pine Oil,11.8,108.4,Lime (CaO),768,1.41,2.23,134,113.3,169.9,18.94,93.18,26.8,0.066
2025-06-18_Shift-A_Bank-3_Cell-05_0595,18-06-2025,Shift-A,Bank-3,Cell-05_0595,0.991,0.343,80.6,34.5,10.75,Sodium Isopropyl Xanthate (SIPX),79,Pine Oil,17.9,183.2,Lime (CaO),2267,1.27,2.12,155,161,121.4,35.24,95.72,30.01,0.03
2025-06-18_Shift-B_Bank-4_Cell-05_0596,18-06-2025,Shift-B,Bank-4,Cell-05_0596,1,0.346,64.4,34.3,10.1,Sodium Isopropyl Xanthate (SIPX),14.9,Pine Oil,24.9,62.4,Lime (CaO),979,1.37,1.7,144,225.2,119.6,49.68,95.83,24.65,0.02
2025-06-18_Shift-C_Bank-1_Cell-06_0597,18-06-2025,Shift-C,Bank-1,Cell-06_0597,1.931,0.669,66.1,29.2,11.22,Sodium Isopropyl Xanthate (SIPX),62.5,Pine Oil,28.1,58.6,Lime (CaO),2550,1.14,1.69,143,101.8,201.7,10.87,88.61,22.97,0.105
2025-06-18_Shift-A_Bank-2_Cell-06_0598,18-06-2025,Shift-A,Bank-2,Cell-06_0598,1.64,0.568,52.8,36.6,8.89,Sodium Isopropyl Xanthate (SIPX),44.2,Pine Oil,23.1,107.1,Lime (CaO),611,1.23,1.66,206,157.1,214.8,21.04,89.6,19.69,0.086
2025-06-19_Shift-B_Bank-3_Cell-06_0599,19-06-2025,Shift-B,Bank-3,Cell-06_0599,2.015,0.698,51.1,45,9.89,Sodium Isopropyl Xanthate (SIPX),40,Pine Oil,26.2,81.3,Lime (CaO),632,1.21,1.57,173,157.5,280.1,21.36,89.84,16.16,0.099
2025-06-19_Shift-C_Bank-4_Cell-06_0600,19-06-2025,Shift-C,Bank-4,Cell-06_0600,1.479,0.512,75.5,31.1,12.3,Sodium Isopropyl Xanthate (SIPX),21.3,Pine Oil,24.7,40.4,Lime (CaO),3061,1.33,1.53,156,181.6,186.2,22.7,91.51,15.82,0.055
2025-06-19_Shift-A_Bank-1_Cell-07_0601,19-06-2025,Shift-A,Bank-1,Cell-07_0601,1.798,0.623,54.2,33.4,9.81,Sodium Isopropyl Xanthate (SIPX),56.7,Pine Oil,22.5,95.9,Lime (CaO),1530,1.73,1.72,260,206.8,127.5,41.34,95.15,24.23,0.031
2025-06-20_Shift-B_Bank-2_Cell-07_0602,20-06-2025,Shift-B,Bank-2,Cell-07_0602,1.71,0.592,53.1,30.7,10.17,Sodium Isopropyl Xanthate (SIPX),58.2,Pine Oil,21.3,207.8,Lime (CaO),941,1.62,1.8,110,130.6,184.4,16.24,89.44,31.14,0.084
2025-06-20_Shift-C_Bank-3_Cell-07_0603,20-06-2025,Shift-C,Bank-3,Cell-07_0603,2.218,0.768,61.7,30.5,9.56,Sodium Isopropyl Xanthate (SIPX),78.1,Pine Oil,20.2,118,Lime (CaO),912,2.1,2,186,198.6,177,25.5,92.95,23.54,0.076
2025-06-20_Shift-A_Bank-4_Cell-07_0604,20-06-2025,Shift-A,Bank-4,Cell-07_0604,0.81,0.281,54.3,29.5,9.7,Sodium Isopropyl Xanthate (SIPX),35.3,Pine Oil,27.7,131,Lime (CaO),968,2.27,1.87,159,235.6,205.8,25.01,87.25,23.58,0.037
2025-06-20_Shift-B_Bank-1_Cell-08_0605,20-06-2025,Shift-B,Bank-1,Cell-08_0605,0.623,0.216,59.4,30.5,10.22,Sodium Isopropyl Xanthate (SIPX),27.9,Pine Oil,25.8,69.5,Lime (CaO),1368,1.68,1.41,171,174.1,134.1,29.59,95.37,24.66,0.026
2025-06-21_Shift-C_Bank-2_Cell-08_0606,21-06-2025,Shift-C,Bank-2,Cell-08_0606,2.437,0.844,72.4,24.7,11.21,Sodium Isopropyl Xanthate (SIPX),21.4,Pine Oil,13.4,299.8,Lime (CaO),1577,1.68,2.16,197,157.6,196,14.19,69.14,24.95,0.398
2025-06-21_Shift-A_Bank-3_Cell-08_0607,21-06-2025,Shift-A,Bank-3,Cell-08_0607,2.635,0.912,55.1,29.1,9.74,Sodium Isopropyl Xanthate (SIPX),72.5,Pine Oil,15,124.1,Lime (CaO),430,1.25,1.64,155,127.2,220,12.4,92.74,24.83,0.094
2025-06-21_Shift-B_Bank-4_Cell-08_0608,21-06-2025,Shift-B,Bank-4,Cell-08_0608,1.042,0.361,50.2,24.1,11.15,Sodium Isopropyl Xanthate (SIPX),32,Pine Oil,27.6,53.9,Lime (CaO),1557,1.8,1.56,151,80,255.3,5.36,62.48,22.08,0.205
2025-06-22_Shift-C_Bank-1_Cell-09_0609,22-06-2025,Shift-C,Bank-1,Cell-09_0609,0.733,0.254,70,36.3,11.18,Sodium Isopropyl Xanthate (SIPX),72.6,Pine Oil,37.2,137.7,Lime (CaO),2139,1.17,1.41,154,136.7,204.3,19,90.3,25.82,0.02
2025-06-22_Shift-A_Bank-2_Cell-09_0610,22-06-2025,Shift-A,Bank-2,Cell-09_0610,1.668,0.578,66.2,45,11.4,Sodium Isopropyl Xanthate (SIPX),55.5,Pine Oil,25.4,100.8,Lime (CaO),1649,0.83,1.68,124,155.4,238,24.81,87.65,21.96,0.088
2025-06-22_Shift-B_Bank-3_Cell-09_0611,22-06-2025,Shift-B,Bank-3,Cell-09_0611,2.365,0.819,56.7,31.1,10.53,Sodium Isopropyl Xanthate (SIPX),51.9,Pine Oil,20.3,195.1,Lime (CaO),1228,2.09,1.7,189,144.7,169.6,19.9,93.87,29.45,0.061
2025-06-22_Shift-C_Bank-4_Cell-09_0612,22-06-2025,Shift-C,Bank-4,Cell-09_0612,3.404,1.179,48.6,24.3,12.3,Sodium Isopropyl Xanthate (SIPX),40.5,Pine Oil,26,58.3,Lime (CaO),1658,0.93,1.48,176,178.7,176,17.57,81.47,17.52,0.33
2025-06-23_Shift-A_Bank-1_Cell-10_0613,23-06-2025,Shift-A,Bank-1,Cell-10_0613,1.987,0.688,55.7,37.7,11.4,Sodium Isopropyl Xanthate (SIPX),57.9,Pine Oil,13.8,123.9,Lime (CaO),1409,1.63,1.64,182,80.2,252,9.49,84.77,24.11,0.149
2025-06-23_Shift-B_Bank-2_Cell-10_0614,23-06-2025,Shift-B,Bank-2,Cell-10_0614,1.1,0.381,71.9,39.8,9.57,Sodium Isopropyl Xanthate (SIPX),39.4,Pine Oil,25.7,93,Lime (CaO),672,1.92,1.94,158,245.7,171.5,45.93,94.33,21.47,0.036
2025-06-23_Shift-C_Bank-3_Cell-10_0615,23-06-2025,Shift-C,Bank-3,Cell-10_0615,1.608,0.557,53.2,31.5,10.31,Sodium Isopropyl Xanthate (SIPX),58.5,Pine Oil,18,32.9,Lime (CaO),1710,1.98,1.74,210,197.8,241.9,19.4,93.73,20.35,0.045
2025-06-24_Shift-A_Bank-4_Cell-10_0616,24-06-2025,Shift-A,Bank-4,Cell-10_0616,1.411,0.489,61.3,29.7,11.76,Sodium Isopropyl Xanthate (SIPX),43.4,Pine Oil,22.5,98.5,Lime (CaO),1926,1.67,1.87,204,179.6,180.3,21.95,92.23,24.65,0.052
2025-06-24_Shift-B_Bank-1_Cell-11_0617,24-06-2025,Shift-B,Bank-1,Cell-11_0617,3.783,1.31,41.8,36.9,11.8,Sodium Isopropyl Xanthate (SIPX),56.8,Pine Oil,35.8,120.7,Lime (CaO),1677,1.45,1.29,179,132.5,177.8,21.66,89.21,21.62,0.198
2025-06-24_Shift-C_Bank-2_Cell-11_0618,24-06-2025,Shift-C,Bank-2,Cell-11_0618,3.386,1.173,70.8,31.8,11.15,Sodium Isopropyl Xanthate (SIPX),44.8,Pine Oil,22.2,58.2,Lime (CaO),1513,2.39,1.7,216,65.8,195.4,8.08,70.33,24.47,0.531
2025-06-24_Shift-A_Bank-3_Cell-11_0619,24-06-2025,Shift-A,Bank-3,Cell-11_0619,2.578,0.893,51.9,30.4,9.21,Sodium Isopropyl Xanthate (SIPX),54.8,Pine Oil,25.4,95,Lime (CaO),881,1.76,1.51,149,171.9,240,16.26,93.36,21.05,0.081
2025-06-25_Shift-B_Bank-4_Cell-11_0620,25-06-2025,Shift-B,Bank-4,Cell-11_0620,1.087,0.376,64.8,32,10.86,Sodium Isopropyl Xanthate (SIPX),37.8,Pine Oil,29.2,179.8,Lime (CaO),1430,1.07,1.44,157,40,232.5,4.15,67.7,30.85,0.191
2025-06-25_Shift-C_Bank-1_Cell-12_0621,25-06-2025,Shift-C,Bank-1,Cell-12_0621,2.291,0.793,64.1,26.4,9.22,Sodium Isopropyl Xanthate (SIPX),24.2,Pine Oil,17.3,248,Lime (CaO),908,1.48,2.03,210,134.4,190.5,13.45,74.96,20.35,0.302
2025-06-25_Shift-A_Bank-2_Cell-12_0622,25-06-2025,Shift-A,Bank-2,Cell-12_0622,1.927,0.667,66.7,23.7,10.63,Sodium Isopropyl Xanthate (SIPX),73.8,Pine Oil,26.5,182.9,Lime (CaO),2236,1.34,1.43,154,128.5,205.7,10.49,88.47,21.28,0.118
2025-06-26_Shift-B_Bank-3_Cell-12_0623,26-06-2025,Shift-B,Bank-3,Cell-12_0623,2.704,0.937,41.8,30.7,10.9,Sodium Isopropyl Xanthate (SIPX),61.9,Pine Oil,10,43.4,Lime (CaO),1750,0.75,1.96,125,254.2,229.5,25.41,82.02,22.97,0.256
2025-06-26_Shift-C_Bank-4_Cell-12_0624,26-06-2025,Shift-C,Bank-4,Cell-12_0624,2.183,0.756,63.2,34.6,10.87,Sodium Isopropyl Xanthate (SIPX),40.6,Pine Oil,23.6,104.9,Lime (CaO),2149,0.87,1.74,139,199.6,270,19.72,93.27,31.42,0.06
2025-06-26_Shift-A_Bank-1_Cell-01_0625,26-06-2025,Shift-A,Bank-1,Cell-01_0625,1.846,0.639,66.1,32.7,9.46,Sodium Isopropyl Xanthate (SIPX),39.6,Pine Oil,24.3,75.6,Lime (CaO),1403,1.31,1.51,194,242.2,80,75.11,97.09,22.15,0.02
2025-06-26_Shift-B_Bank-2_Cell-01_0626,26-06-2025,Shift-B,Bank-2,Cell-01_0626,0.756,0.262,68.7,39.1,10.3,Sodium Isopropyl Xanthate (SIPX),34.6,Pine Oil,26.3,170.7,Lime (CaO),1698,1.13,1.66,136,179.7,266.3,21.13,91.73,26.57,0.035
2025-06-27_Shift-C_Bank-3_Cell-01_0627,27-06-2025,Shift-C,Bank-3,Cell-01_0627,1.657,0.574,67.2,37.8,8.97,Sodium Isopropyl Xanthate (SIPX),79.7,Pine Oil,36,37.7,Lime (CaO),857,1.09,1.67,125,104.8,190.2,16.51,82.91,15.96,0.145
2025-06-27_Shift-A_Bank-4_Cell-01_0628,27-06-2025,Shift-A,Bank-4,Cell-01_0628,0.935,0.324,46.3,37.8,11.1,Sodium Isopropyl Xanthate (SIPX),77.8,Pine Oil,20.9,28.4,Lime (CaO),1419,1.09,1.54,144,196,162.1,36.25,94.86,19.22,0.032
2025-06-27_Shift-B_Bank-1_Cell-02_0629,27-06-2025,Shift-B,Bank-1,Cell-02_0629,3.243,1.123,58.1,36.9,9.68,Sodium Isopropyl Xanthate (SIPX),20.8,Pine Oil,30,107.1,Lime (CaO),1089,1.38,1.42,159,121.3,210.2,16.74,93.29,23.82,0.09
2025-06-27_Shift-C_Bank-2_Cell-02_0630,27-06-2025,Shift-C,Bank-2,Cell-02_0630,3.307,1.145,65.5,30.7,11.23,Sodium Isopropyl Xanthate (SIPX),55.3,Pine Oil,28.3,69.5,Lime (CaO),1948,1.18,1.64,207,156.7,149.1,24.13,95.55,25.59,0.059
2025-06-28_Shift-A_Bank-3_Cell-02_0631,28-06-2025,Shift-A,Bank-3,Cell-02_0631,2.832,0.981,52.7,26,11.45,Sodium Isopropyl Xanthate (SIPX),83.3,Pine Oil,28.1,160.1,Lime (CaO),2323,1.61,1.75,128,165.2,163.5,18.94,92.16,21.76,0.087
2025-06-28_Shift-B_Bank-4_Cell-02_0632,28-06-2025,Shift-B,Bank-4,Cell-02_0632,1.781,0.617,67.4,35.2,9.81,Sodium Isopropyl Xanthate (SIPX),46.5,Pine Oil,45,100.8,Lime (CaO),1516,2.03,1.04,252,97.2,164.6,16.11,74.62,25.22,0.217
2025-06-28_Shift-C_Bank-1_Cell-03_0633,28-06-2025,Shift-C,Bank-1,Cell-03_0633,2.821,0.977,69.7,35.8,10.96,Sodium Isopropyl Xanthate (SIPX),41.2,Pine Oil,29.5,57.2,Lime (CaO),1696,1.67,1.57,129,137,176.6,21.69,95.74,23.7,0.053
2025-06-29_Shift-A_Bank-2_Cell-03_0634,29-06-2025,Shift-A,Bank-2,Cell-03_0634,1.608,0.557,63.1,38.7,9.77,Sodium Isopropyl Xanthate (SIPX),25,Pine Oil,34.2,50.6,Lime (CaO),1794,1.88,1.47,111,100.8,166.3,18.71,86.31,20.97,0.097
2025-06-29_Shift-B_Bank-3_Cell-03_0635,29-06-2025,Shift-B,Bank-3,Cell-03_0635,1.011,0.35,51.1,28.3,10.52,Sodium Isopropyl Xanthate (SIPX),32.1,Pine Oil,15.1,78.1,Lime (CaO),771,1.02,1.62,215,106.4,202.5,10.9,72.6,23.32,0.153
2025-06-29_Shift-C_Bank-4_Cell-03_0636,29-06-2025,Shift-C,Bank-4,Cell-03_0636,1.89,0.655,78,35.4,9.95,Sodium Isopropyl Xanthate (SIPX),44.3,Pine Oil,21.2,33.3,Lime (CaO),709,1.63,1.63,158,164,208.1,21.67,91.61,21.42,0.071
2025-06-29_Shift-A_Bank-1_Cell-04_0637,29-06-2025,Shift-A,Bank-1,Cell-04_0637,1.641,0.568,57.4,32.6,9.98,Sodium Isopropyl Xanthate (SIPX),23.8,Pine Oil,30.4,173.4,Lime (CaO),1816,1.87,1.63,179,83.3,218.1,9.46,80.99,28.1,0.154
2025-06-30_Shift-B_Bank-2_Cell-04_0638,30-06-2025,Shift-B,Bank-2,Cell-04_0638,0.926,0.321,45.1,23.2,12.28,Sodium Isopropyl Xanthate (SIPX),74,Pine Oil,27.7,67,Lime (CaO),2125,1.27,1.73,180,95.6,185.7,8.42,60.97,14.21,0.208
2025-06-30_Shift-C_Bank-3_Cell-04_0639,30-06-2025,Shift-C,Bank-3,Cell-04_0639,1.547,0.536,62.1,23.4,10.76,Sodium Isopropyl Xanthate (SIPX),45.4,Pine Oil,22.1,195.9,Lime (CaO),1304,1.67,1.87,116,136.1,273,8.22,73.39,23.64,0.207
2025-06-30_Shift-A_Bank-4_Cell-04_0640,30-06-2025,Shift-A,Bank-4,Cell-04_0640,3.404,1.179,71.4,28.1,9.45,Sodium Isopropyl Xanthate (SIPX),25.2,Pine Oil,20.6,79,Lime (CaO),870,0.83,1.72,80,158.7,232.7,14.02,71.81,22.09,0.503
2025-07-01_Shift-B_Bank-1_Cell-05_0641,01-07-2025,Shift-B,Bank-1,Cell-05_0641,2.329,0.807,64.4,40,11.26,Sodium Isopropyl Xanthate (SIPX),73.6,Pine Oil,22.4,130.5,Lime (CaO),1286,0.99,1.57,133,167.5,264.2,20.5,93.73,22.44,0.063
2025-07-01_Shift-C_Bank-2_Cell-05_0642,01-07-2025,Shift-C,Bank-2,Cell-05_0642,1.608,0.557,65.9,42.5,10.68,Sodium Isopropyl Xanthate (SIPX),39.4,Pine Oil,30.5,57.8,Lime (CaO),1717,1.17,1.48,234,64.9,237.6,9.59,71.49,17.83,0.245
2025-07-01_Shift-A_Bank-3_Cell-05_0643,01-07-2025,Shift-A,Bank-3,Cell-05_0643,1.776,0.615,65.1,26.7,10.76,Sodium Isopropyl Xanthate (SIPX),26.1,Pine Oil,31.6,200.3,Lime (CaO),1575,1.64,1.61,236,141.9,168.8,16.24,84.35,27.19,0.132
2025-07-01_Shift-B_Bank-4_Cell-05_0644,01-07-2025,Shift-B,Bank-4,Cell-05_0644,1.63,0.564,67.9,31.3,9.5,Sodium Isopropyl Xanthate (SIPX),14.3,Pine Oil,14.9,45.3,Lime (CaO),1116,1.54,2,155,114,82,32.66,91.8,21.27,0.065
2025-07-02_Shift-C_Bank-1_Cell-06_0645,02-07-2025,Shift-C,Bank-1,Cell-06_0645,1.469,0.509,81.4,33.2,9.67,Sodium Isopropyl Xanthate (SIPX),34.4,Pine Oil,30.9,69.4,Lime (CaO),1105,1.88,1.6,129,175.6,133.5,33.36,90.21,22.37,0.082
2025-07-02_Shift-A_Bank-2_Cell-06_0646,02-07-2025,Shift-A,Bank-2,Cell-06_0646,1.016,0.352,70.3,42.3,11.28,Sodium Isopropyl Xanthate (SIPX),19.8,Pine Oil,18.1,17.2,Lime (CaO),1516,1.06,1.62,176,137.2,219.3,21.78,86.3,17,0.056
2025-07-02_Shift-B_Bank-3_Cell-06_0647,02-07-2025,Shift-B,Bank-3,Cell-06_0647,1.502,0.52,48.6,30.4,12.08,Sodium Isopropyl Xanthate (SIPX),34.8,Pine Oil,28.2,197.1,Lime (CaO),1156,1.04,1.61,182,146.1,185.3,17.9,81.26,24.71,0.137
2025-07-03_Shift-C_Bank-4_Cell-06_0648,03-07-2025,Shift-C,Bank-4,Cell-06_0648,0.946,0.328,71.7,41.1,9.55,Sodium Isopropyl Xanthate (SIPX),39.2,Pine Oil,38.1,108.8,Lime (CaO),1856,1.11,1.55,80,232.8,80,90,93.53,18.17,0.02
2025-07-03_Shift-A_Bank-1_Cell-07_0649,03-07-2025,Shift-A,Bank-1,Cell-07_0649,1.983,0.687,72.2,31.1,10.72,Sodium Isopropyl Xanthate (SIPX),52.4,Pine Oil,20.2,119.5,Lime (CaO),2056,1.2,1.62,260,88.4,189.4,10.86,78.44,26.38,0.216
2025-07-03_Shift-B_Bank-2_Cell-07_0650,03-07-2025,Shift-B,Bank-2,Cell-07_0650,1.886,0.653,58.4,36.8,12.3,Sodium Isopropyl Xanthate (SIPX),33,Pine Oil,25.6,176.8,Lime (CaO),3122,0.67,1.51,208,130.8,140.2,26.94,86.02,20.62,0.123
2025-07-03_Shift-C_Bank-3_Cell-07_0651,03-07-2025,Shift-C,Bank-3,Cell-07_0651,0.755,0.262,71.9,25.3,10.5,Sodium Isopropyl Xanthate (SIPX),47.2,Pine Oil,29.5,103.2,Lime (CaO),1215,1.57,1.65,157,155.2,156.7,17.97,90.58,23.88,0.037
2025-07-04_Shift-A_Bank-4_Cell-07_0652,04-07-2025,Shift-A,Bank-4,Cell-07_0652,1.52,0.526,69.9,32.1,11.79,Sodium Isopropyl Xanthate (SIPX),80.6,Pine Oil,16.1,82.4,Lime (CaO),1853,2.1,1.95,138,137.9,229.1,14.62,82.18,21.45,0.136
2025-07-04_Shift-B_Bank-1_Cell-08_0653,04-07-2025,Shift-B,Bank-1,Cell-08_0653,2.431,0.842,83.9,24.4,9.7,Sodium Isopropyl Xanthate (SIPX),39.7,Pine Oil,23.3,165.2,Lime (CaO),713,1.02,1.59,203,113.3,142.7,13.77,72.84,21.64,0.35
2025-07-04_Shift-C_Bank-2_Cell-08_0654,04-07-2025,Shift-C,Bank-2,Cell-08_0654,2.496,0.865,55.6,27.5,10.36,Sodium Isopropyl Xanthate (SIPX),52.9,Pine Oil,21.6,118.2,Lime (CaO),809,1.88,2.01,184,63,147.1,8.6,81.7,26.12,0.227
2025-07-05_Shift-A_Bank-3_Cell-08_0655,05-07-2025,Shift-A,Bank-3,Cell-08_0655,2.462,0.852,57.7,37.4,10.99,Sodium Isopropyl Xanthate (SIPX),17.8,Pine Oil,19.4,73.5,Lime (CaO),1480,1.43,1.52,169,116.8,198.5,17.36,96.3,24.66,0.036
2025-07-05_Shift-B_Bank-4_Cell-08_0656,05-07-2025,Shift-B,Bank-4,Cell-08_0656,1.626,0.563,59.4,32.7,10.78,Sodium Isopropyl Xanthate (SIPX),73.4,Pine Oil,20,202.8,Lime (CaO),2151,0.71,2.06,182,103.9,230.1,11.24,80.92,31.2,0.152
2025-07-05_Shift-C_Bank-1_Cell-09_0657,05-07-2025,Shift-C,Bank-1,Cell-09_0657,1.122,0.389,57.8,31.3,9.67,Sodium Isopropyl Xanthate (SIPX),37.4,Pine Oil,34,124.4,Lime (CaO),1418,1.07,1.34,161,230.6,171.5,31.67,93.29,26.55,0.031
2025-07-05_Shift-A_Bank-2_Cell-09_0658,05-07-2025,Shift-A,Bank-2,Cell-09_0658,1.849,0.64,40,31.9,11.34,Sodium Isopropyl Xanthate (SIPX),43.8,Pine Oil,29.1,226.4,Lime (CaO),1614,1.32,1.52,193,147.6,131.2,27.03,92.45,30.2,0.047
2025-07-06_Shift-B_Bank-3_Cell-09_0659,06-07-2025,Shift-B,Bank-3,Cell-09_0659,1.876,0.65,58.3,34.6,11.53,Sodium Isopropyl Xanthate (SIPX),57,Pine Oil,26.8,56.7,Lime (CaO),2152,1.63,1.64,178,82.6,123.1,17.88,95.83,20.84,0.035
2025-07-06_Shift-C_Bank-4_Cell-09_0660,06-07-2025,Shift-C,Bank-4,Cell-09_0660,2.747,0.951,65.1,38.1,11.84,Sodium Isopropyl Xanthate (SIPX),58.1,Pine Oil,11.4,176.3,Lime (CaO),1711,2.23,2.13,176,185.4,119.2,47.12,96.51,23.8,0.033
2025-07-06_Shift-A_Bank-1_Cell-10_0661,06-07-2025,Shift-A,Bank-1,Cell-10_0661,0.949,0.329,62.1,33.8,10.1,Sodium Isopropyl Xanthate (SIPX),32.3,Pine Oil,29.7,32.6,Lime (CaO),1494,1.07,1.44,135,119.8,145,21.43,94.43,19.92,0.02
2025-07-07_Shift-B_Bank-2_Cell-10_0662,07-07-2025,Shift-B,Bank-2,Cell-10_0662,1.399,0.485,73,32.5,11.68,Sodium Isopropyl Xanthate (SIPX),60,Pine Oil,19.4,101.3,Lime (CaO),2051,0.92,2.03,166,126,125.1,24.8,91.53,24.29,0.056
2025-07-07_Shift-C_Bank-3_Cell-10_0663,07-07-2025,Shift-C,Bank-3,Cell-10_0663,1.753,0.607,64.2,35.1,11.08,Sodium Isopropyl Xanthate (SIPX),39,Pine Oil,24.1,122.1,Lime (CaO),1466,1.49,1.65,137,133,207.5,17.43,94.08,28.47,0.049
2025-07-07_Shift-A_Bank-4_Cell-10_0664,07-07-2025,Shift-A,Bank-4,Cell-10_0664,1.47,0.509,69,34.4,9.47,Sodium Isopropyl Xanthate (SIPX),52.3,Pine Oil,12.4,74.6,Lime (CaO),719,1.45,1.78,150,87,227.9,10.11,81.84,23.9,0.124
2025-07-07_Shift-B_Bank-1_Cell-11_0665,07-07-2025,Shift-B,Bank-1,Cell-11_0665,1.255,0.435,64.4,31.4,9.42,Sodium Isopropyl Xanthate (SIPX),37.7,Pine Oil,25.1,89.5,Lime (CaO),850,0.69,1.38,214,116.3,238.3,11.53,75.27,19.92,0.163
2025-07-08_Shift-C_Bank-2_Cell-11_0666,08-07-2025,Shift-C,Bank-2,Cell-11_0666,1.779,0.616,73.6,30.3,10.87,Sodium Isopropyl Xanthate (SIPX),46.9,Pine Oil,32.3,38.9,Lime (CaO),886,1.46,1.77,159,199,230.3,19.48,95.45,20.67,0.044
2025-07-08_Shift-A_Bank-3_Cell-11_0667,08-07-2025,Shift-A,Bank-3,Cell-11_0667,1.229,0.426,66.2,39,10.37,Sodium Isopropyl Xanthate (SIPX),50.5,Pine Oil,18.5,105.1,Lime (CaO),1727,1.45,2.09,149,156,202.7,24.02,93.45,23.92,0.036
2025-07-08_Shift-B_Bank-4_Cell-11_0668,08-07-2025,Shift-B,Bank-4,Cell-11_0668,1.824,0.632,65.1,29.2,11.42,Sodium Isopropyl Xanthate (SIPX),46.8,Pine Oil,28.1,45,Lime (CaO),1103,1.98,1.78,167,42.9,212.9,4.34,66.53,21.23,0.31
2025-07-09_Shift-C_Bank-1_Cell-12_0669,09-07-2025,Shift-C,Bank-1,Cell-12_0669,1.773,0.614,65.4,34,11.66,Sodium Isopropyl Xanthate (SIPX),45,Pine Oil,5,110.2,Lime (CaO),2387,1.52,2.07,186,117.1,197.6,15.44,83.71,25.81,0.144
2025-07-09_Shift-A_Bank-2_Cell-12_0670,09-07-2025,Shift-A,Bank-2,Cell-12_0670,1.795,0.621,81,41.1,8.57,Sodium Isopropyl Xanthate (SIPX),48.4,Pine Oil,42.1,92.6,Lime (CaO),246,1.23,1.62,183,204,132.4,51.64,87.44,16.67,0.117
2025-07-09_Shift-B_Bank-3_Cell-12_0671,09-07-2025,Shift-B,Bank-3,Cell-12_0671,0.991,0.343,59.7,31.4,10.64,Sodium Isopropyl Xanthate (SIPX),34.9,Pine Oil,28.8,8,Lime (CaO),1322,1.48,1.2,160,157.4,161.1,23.09,95,16.14,0.02
2025-07-09_Shift-C_Bank-4_Cell-12_0672,09-07-2025,Shift-C,Bank-4,Cell-12_0672,1.307,0.453,65.6,38,11.06,Sodium Isopropyl Xanthate (SIPX),43.7,Pine Oil,30.3,66.9,Lime (CaO),2401,1.69,1.58,120,123,207.1,17.91,92.6,21.44,0.065
2025-07-10_Shift-A_Bank-1_Cell-01_0673,10-07-2025,Shift-A,Bank-1,Cell-01_0673,0.658,0.228,62.1,31.9,9.6,Sodium Isopropyl Xanthate (SIPX),65.1,Pine Oil,30.1,124.2,Lime (CaO),1265,1.54,1.54,154,188.6,220.4,20.6,94.79,23.51,0.025
2025-07-10_Shift-B_Bank-2_Cell-01_0674,10-07-2025,Shift-B,Bank-2,Cell-01_0674,0.732,0.253,41.7,31.3,10.42,Sodium Isopropyl Xanthate (SIPX),50.9,Pine Oil,18.9,104.6,Lime (CaO),1100,0.9,1.71,191,191.4,193.7,23.23,83.4,28.64,0.049
2025-07-10_Shift-C_Bank-3_Cell-01_0675,10-07-2025,Shift-C,Bank-3,Cell-01_0675,1.62,0.561,66.4,31.7,11.95,Sodium Isopropyl Xanthate (SIPX),67.1,Pine Oil,28.9,163.6,Lime (CaO),2464,1.14,1.57,180,237.3,186.5,30.35,95.37,25.87,0.034
2025-07-10_Shift-A_Bank-4_Cell-01_0676,10-07-2025,Shift-A,Bank-4,Cell-01_0676,1.621,0.561,43.1,37.4,12.3,Sodium Isopropyl Xanthate (SIPX),10.4,Pine Oil,22,56.4,Lime (CaO),1641,1.75,1.75,196,160.8,123.4,38.54,85.35,20.95,0.109
2025-07-11_Shift-B_Bank-1_Cell-02_0677,11-07-2025,Shift-B,Bank-1,Cell-02_0677,1.523,0.527,74.5,34.2,9.63,Sodium Isopropyl Xanthate (SIPX),8,Pine Oil,26.1,47.4,Lime (CaO),985,1.8,1.48,150,214.9,151.6,37.3,91.59,19.73,0.048
2025-07-11_Shift-C_Bank-2_Cell-02_0678,11-07-2025,Shift-C,Bank-2,Cell-02_0678,2.664,0.923,63.4,34.2,10.9,Sodium Isopropyl Xanthate (SIPX),38.8,Pine Oil,17,262.7,Lime (CaO),1380,1.49,1.85,222,127,153.1,21.85,90.25,31.08,0.129
2025-07-11_Shift-A_Bank-3_Cell-02_0679,11-07-2025,Shift-A,Bank-3,Cell-02_0679,0.521,0.18,70.5,27.1,10.93,Sodium Isopropyl Xanthate (SIPX),21.2,Pine Oil,31.8,51.9,Lime (CaO),1684,2.07,1.8,191,185.4,216.4,16.9,72.91,21.4,0.071
2025-07-12_Shift-B_Bank-4_Cell-02_0680,12-07-2025,Shift-B,Bank-4,Cell-02_0680,1.889,0.654,54.3,28,10.77,Sodium Isopropyl Xanthate (SIPX),41.7,Pine Oil,13.3,29.9,Lime (CaO),1313,1.66,1.81,169,119.8,233.5,10.49,83.39,21.68,0.17
2025-07-12_Shift-C_Bank-1_Cell-03_0681,12-07-2025,Shift-C,Bank-1,Cell-03_0681,3.083,1.068,48.8,44.1,10.78,Sodium Isopropyl Xanthate (SIPX),49.7,Pine Oil,44.2,73.7,Lime (CaO),1548,1.35,1.52,188,125.8,223.9,20.78,84.1,20.84,0.238
2025-07-12_Shift-A_Bank-2_Cell-03_0682,12-07-2025,Shift-A,Bank-2,Cell-03_0682,0.996,0.345,64.2,32.1,10.69,Sodium Isopropyl Xanthate (SIPX),62.6,Pine Oil,44.1,95,Lime (CaO),1085,0.94,1.44,139,154.7,244.4,15.34,85.51,26.49,0.057
2025-07-12_Shift-B_Bank-3_Cell-03_0683,12-07-2025,Shift-B,Bank-3,Cell-03_0683,1.364,0.472,61.7,29,12,Sodium Isopropyl Xanthate (SIPX),25.5,Pine Oil,38.7,164.3,Lime (CaO),2305,2.05,1.66,85,89.2,193.3,9.85,56.3,22.5,0.323
2025-07-13_Shift-C_Bank-4_Cell-03_0684,13-07-2025,Shift-C,Bank-4,Cell-03_0684,1.166,0.404,57.8,40.4,11.45,Sodium Isopropyl Xanthate (SIPX),53.2,Pine Oil,35.5,67,Lime (CaO),1903,1.77,1.61,142,165.8,144.8,37.55,94.66,21.16,0.05
2025-07-13_Shift-A_Bank-1_Cell-04_0685,13-07-2025,Shift-A,Bank-1,Cell-04_0685,1.099,0.381,62.7,34.5,9.39,Sodium Isopropyl Xanthate (SIPX),46.3,Pine Oil,23.2,66.6,Lime (CaO),560,2.21,1.92,193,135,187.7,19.11,87.28,21.41,0.073
2025-07-13_Shift-B_Bank-2_Cell-04_0686,13-07-2025,Shift-B,Bank-2,Cell-04_0686,1.395,0.483,85,36,11.16,Sodium Isopropyl Xanthate (SIPX),52.3,Pine Oil,34.5,88.9,Lime (CaO),2126,2.36,1.93,168,54.6,156.7,9.8,59.78,25.94,0.309
2025-07-14_Shift-C_Bank-3_Cell-04_0687,14-07-2025,Shift-C,Bank-3,Cell-04_0687,2.914,1.009,69.1,32.3,11.25,Sodium Isopropyl Xanthate (SIPX),36.6,Pine Oil,23.1,58.6,Lime (CaO),1765,0.91,1.92,160,128,220.3,14.21,89,23.62,0.158
2025-07-14_Shift-A_Bank-4_Cell-04_0688,14-07-2025,Shift-A,Bank-4,Cell-04_0688,1.389,0.481,69.2,32.1,11.47,Sodium Isopropyl Xanthate (SIPX),44.1,Pine Oil,37.5,32.1,Lime (CaO),2240,0.4,1.27,91,190.9,185.5,25,77.25,20.72,0.184
2025-07-14_Shift-B_Bank-1_Cell-05_0689,14-07-2025,Shift-B,Bank-1,Cell-05_0689,1.624,0.562,60.4,32.5,10.59,Sodium Isopropyl Xanthate (SIPX),31.8,Pine Oil,23.7,142,Lime (CaO),1895,1.73,1.8,157,219.5,155.9,34.76,96.56,32.43,0.026
2025-07-14_Shift-C_Bank-2_Cell-05_0690,14-07-2025,Shift-C,Bank-2,Cell-05_0690,3.342,1.157,44.5,34.5,10.52,Sodium Isopropyl Xanthate (SIPX),59.4,Pine Oil,13,86.8,Lime (CaO),1275,1.49,2.01,149,175,234.3,19.89,91.91,29.1,0.133
2025-07-15_Shift-A_Bank-3_Cell-05_0691,15-07-2025,Shift-A,Bank-3,Cell-05_0691,1.865,0.646,53.8,20.9,9.77,Sodium Isopropyl Xanthate (SIPX),57.4,Pine Oil,32.5,54.1,Lime (CaO),1219,1.53,1.72,198,133.3,185.8,10.37,76.16,17.6,0.229
2025-07-15_Shift-B_Bank-4_Cell-05_0692,15-07-2025,Shift-B,Bank-4,Cell-05_0692,6.081,2.106,60.5,32.5,9.27,Sodium Isopropyl Xanthate (SIPX),40.6,Pine Oil,9.6,38.6,Lime (CaO),914,1.78,1.85,128,173.4,228.1,18.75,89.67,20.55,0.324
2025-07-15_Shift-C_Bank-1_Cell-06_0693,15-07-2025,Shift-C,Bank-1,Cell-06_0693,2.288,0.792,56.1,45,11.76,Sodium Isopropyl Xanthate (SIPX),8,Pine Oil,26.6,180.6,Lime (CaO),2700,1.56,1.44,209,152.9,126.8,45.81,89.93,20.02,0.099
2025-07-16_Shift-A_Bank-2_Cell-06_0694,16-07-2025,Shift-A,Bank-2,Cell-06_0694,2.404,0.832,68.4,28.8,10.37,Sodium Isopropyl Xanthate (SIPX),68.9,Pine Oil,11.2,127.8,Lime (CaO),1271,1.4,1.76,142,150.4,224.5,14.2,91.8,27.65,0.089
2025-07-16_Shift-B_Bank-3_Cell-06_0695,16-07-2025,Shift-B,Bank-3,Cell-06_0695,1.303,0.451,67.3,29.1,10.68,Sodium Isopropyl Xanthate (SIPX),80,Pine Oil,21,169.2,Lime (CaO),1629,1.72,1.96,135,101.7,185.8,11.77,89.05,29.39,0.063
2025-07-16_Shift-C_Bank-4_Cell-06_0696,16-07-2025,Shift-C,Bank-4,Cell-06_0696,2.343,0.812,61.7,26,11.34,Sodium Isopropyl Xanthate (SIPX),45.7,Pine Oil,31.5,130.9,Lime (CaO),1494,0.95,1.48,115,165.2,159.7,19.35,89.09,25.18,0.126
2025-07-16_Shift-A_Bank-1_Cell-07_0697,16-07-2025,Shift-A,Bank-1,Cell-07_0697,1.621,0.561,63.7,31.2,9.61,Sodium Isopropyl Xanthate (SIPX),22.7,Pine Oil,12.6,125.9,Lime (CaO),693,2.03,2.15,194,74.2,232,7.49,65.74,26.32,0.285
2025-07-17_Shift-B_Bank-2_Cell-07_0698,17-07-2025,Shift-B,Bank-2,Cell-07_0698,1.609,0.557,43.4,23.3,11.22,Sodium Isopropyl Xanthate (SIPX),46.2,Pine Oil,5,148.4,Lime (CaO),968,1.65,1.87,188,175.3,201.1,14.31,66.95,22.45,0.287
2025-07-17_Shift-C_Bank-3_Cell-07_0699,17-07-2025,Shift-C,Bank-3,Cell-07_0699,1.843,0.638,63.3,27,8.56,Sodium Isopropyl Xanthate (SIPX),27.9,Pine Oil,5,117.4,Lime (CaO),867,1.57,2.4,176,228.2,136.2,32.88,84.64,18.04,0.143
2025-07-17_Shift-A_Bank-4_Cell-07_0700,17-07-2025,Shift-A,Bank-4,Cell-07_0700,1.913,0.662,64.8,33.1,10.35,Sodium Isopropyl Xanthate (SIPX),75.7,Pine Oil,40.2,46.5,Lime (CaO),1014,2.15,1.76,186,96.4,213.1,11.39,79.46,20.95,0.2
2025-07-18_Shift-B_Bank-1_Cell-08_0701,18-07-2025,Shift-B,Bank-1,Cell-08_0701,0.709,0.246,72.3,30.9,9.99,Sodium Isopropyl Xanthate (SIPX),86.3,Pine Oil,42.8,101,Lime (CaO),1798,0.76,1.31,87,204.4,144.4,32.73,78.97,25.6,0.066
2025-07-18_Shift-C_Bank-2_Cell-08_0702,18-07-2025,Shift-C,Bank-2,Cell-08_0702,2.117,0.733,75.4,35.1,10.27,Sodium Isopropyl Xanthate (SIPX),54.6,Pine Oil,24.8,34.8,Lime (CaO),1503,1.97,1.65,132,194.9,159.7,33.14,94.83,21.22,0.042
2025-07-18_Shift-A_Bank-3_Cell-08_0703,18-07-2025,Shift-A,Bank-3,Cell-08_0703,0.873,0.302,53.5,36.7,10.53,Sodium Isopropyl Xanthate (SIPX),22.7,Pine Oil,21.3,330.5,Lime (CaO),775,1.91,1.72,117,131.9,182.8,20.81,78.3,31.27,0.09
2025-07-18_Shift-B_Bank-4_Cell-08_0704,18-07-2025,Shift-B,Bank-4,Cell-08_0704,1.657,0.574,66.1,41.5,10.09,Sodium Isopropyl Xanthate (SIPX),47.4,Pine Oil,19.4,24.5,Lime (CaO),2027,0.93,1.79,112,85.4,200.4,14.49,81.44,14.3,0.149
2025-07-19_Shift-C_Bank-1_Cell-09_0705,19-07-2025,Shift-C,Bank-1,Cell-09_0705,1.196,0.414,83.5,24.1,10.68,Sodium Isopropyl Xanthate (SIPX),40.8,Pine Oil,26.1,32.4,Lime (CaO),2147,1.24,1.55,166,113.9,169.7,11.48,74.12,17.79,0.164
2025-07-19_Shift-A_Bank-2_Cell-09_0706,19-07-2025,Shift-A,Bank-2,Cell-09_0706,2.268,0.786,74.6,27.3,12.3,Sodium Isopropyl Xanthate (SIPX),54.7,Pine Oil,23.9,77.5,Lime (CaO),2295,1.88,1.53,226,89.7,195,9.15,67.1,18.18,0.406
2025-07-19_Shift-B_Bank-3_Cell-09_0707,19-07-2025,Shift-B,Bank-3,Cell-09_0707,0.911,0.315,71.5,35.2,9.88,Sodium Isopropyl Xanthate (SIPX),35.5,Pine Oil,18.9,137.3,Lime (CaO),827,1.36,2.09,194,226.6,194.8,31.72,94.72,28.63,0.02
2025-07-20_Shift-C_Bank-4_Cell-09_0708,20-07-2025,Shift-C,Bank-4,Cell-09_0708,1.349,0.467,58.7,41.7,12.12,Sodium Isopropyl Xanthate (SIPX),48.6,Pine Oil,19.3,90.8,Lime (CaO),1723,1.19,1.78,95,77.9,193,13.77,72.89,18.06,0.192
2025-07-20_Shift-A_Bank-1_Cell-10_0709,20-07-2025,Shift-A,Bank-1,Cell-10_0709,1.252,0.433,54.5,34.6,10.41,Sodium Isopropyl Xanthate (SIPX),20,Pine Oil,26.6,27.9,Lime (CaO),1104,1.19,1.66,197,157.1,198.2,21.2,92.24,20.63,0.032
2025-07-20_Shift-B_Bank-2_Cell-10_0710,20-07-2025,Shift-B,Bank-2,Cell-10_0710,1.569,0.543,68.7,35.9,12.09,Sodium Isopropyl Xanthate (SIPX),65.6,Pine Oil,15.2,136.1,Lime (CaO),2635,1.72,1.81,234,170.9,142.2,33.7,93.15,22.28,0.033
2025-07-20_Shift-C_Bank-3_Cell-10_0711,20-07-2025,Shift-C,Bank-3,Cell-10_0711,1.799,0.623,52.6,33.1,11.11,Sodium Isopropyl Xanthate (SIPX),44.1,Pine Oil,28.1,15.1,Lime (CaO),2609,2.19,1.56,260,167.2,194.9,21.63,86.04,17.88,0.118
2025-07-21_Shift-A_Bank-4_Cell-10_0712,21-07-2025,Shift-A,Bank-4,Cell-10_0712,1.048,0.363,60,27.7,10.69,Sodium Isopropyl Xanthate (SIPX),66.9,Pine Oil,19.8,30.8,Lime (CaO),1451,0.55,1.72,183,171.4,109.3,31.66,94.78,17.63,0.046
2025-07-21_Shift-B_Bank-1_Cell-11_0713,21-07-2025,Shift-B,Bank-1,Cell-11_0713,2.169,0.751,61,30.5,10.34,Sodium Isopropyl Xanthate (SIPX),42.4,Pine Oil,25.1,56.8,Lime (CaO),1224,2.6,1.99,113,195.4,216.5,20.51,86.8,23.14,0.145
2025-07-21_Shift-C_Bank-2_Cell-11_0714,21-07-2025,Shift-C,Bank-2,Cell-11_0714,1.643,0.569,75.5,26.7,9.81,Sodium Isopropyl Xanthate (SIPX),43.5,Pine Oil,36.5,176.5,Lime (CaO),1511,1.54,1.5,182,128.6,139.3,17.86,84.83,23.94,0.133
2025-07-21_Shift-A_Bank-3_Cell-11_0715,21-07-2025,Shift-A,Bank-3,Cell-11_0715,0.723,0.25,59,26.4,10.47,Sodium Isopropyl Xanthate (SIPX),24.2,Pine Oil,22.5,93.4,Lime (CaO),983,1.69,1.86,226,154.2,244.2,12.02,74.44,23.86,0.1
2025-07-22_Shift-B_Bank-4_Cell-11_0716,22-07-2025,Shift-B,Bank-4,Cell-11_0716,1.592,0.551,66.3,27.2,10.39,Sodium Isopropyl Xanthate (SIPX),30.2,Pine Oil,7.9,28.3,Lime (CaO),1397,1.45,2.14,205,212.5,267,15.71,82.68,17.61,0.145
2025-07-22_Shift-C_Bank-1_Cell-12_0717,22-07-2025,Shift-C,Bank-1,Cell-12_0717,1.458,0.505,56.1,34.7,10.1,Sodium Isopropyl Xanthate (SIPX),37.2,Pine Oil,19.8,61.2,Lime (CaO),950,1.53,2.02,133,250.8,114.6,58.56,97.74,23.23,0.02
2025-07-22_Shift-A_Bank-2_Cell-12_0718,22-07-2025,Shift-A,Bank-2,Cell-12_0718,1.532,0.531,62.4,26.2,10.16,Sodium Isopropyl Xanthate (SIPX),46,Pine Oil,24.2,160.2,Lime (CaO),1135,1.01,1.7,179,92.7,134.8,13.02,85.73,27.11,0.11
2025-07-23_Shift-B_Bank-3_Cell-12_0719,23-07-2025,Shift-B,Bank-3,Cell-12_0719,1.581,0.548,61.3,34.5,11.34,Sodium Isopropyl Xanthate (SIPX),48.2,Pine Oil,41.3,112.4,Lime (CaO),1379,1.11,1.46,80,52.5,203.8,6.87,63.6,25.13,0.319
2025-07-23_Shift-C_Bank-4_Cell-12_0720,23-07-2025,Shift-C,Bank-4,Cell-12_0720,1.759,0.609,59.7,30.5,11.56,Sodium Isopropyl Xanthate (SIPX),15.3,Pine Oil,6.4,139.4,Lime (CaO),2497,1.95,2.24,129,177.3,218.5,18.45,74.76,27.27,0.235
2025-07-23_Shift-A_Bank-1_Cell-01_0721,23-07-2025,Shift-A,Bank-1,Cell-01_0721,1.011,0.35,67.8,29.1,11.85,Sodium Isopropyl Xanthate (SIPX),42,Pine Oil,22.1,76.1,Lime (CaO),1593,1.05,1.72,146,217,171.6,27.12,93.99,22.44,0.025
2025-07-23_Shift-B_Bank-2_Cell-01_0722,23-07-2025,Shift-B,Bank-2,Cell-01_0722,1.806,0.626,56.8,33.3,11.49,Sodium Isopropyl Xanthate (SIPX),48.9,Pine Oil,27,124,Lime (CaO),1881,2.28,1.74,178,229.7,176.1,33.15,93.63,27.02,0.068
2025-07-24_Shift-C_Bank-3_Cell-01_0723,24-07-2025,Shift-C,Bank-3,Cell-01_0723,2.699,0.935,48.3,27.9,9.21,Sodium Isopropyl Xanthate (SIPX),43.7,Pine Oil,25.7,20.3,Lime (CaO),778,1.05,1.71,162,220.3,165.2,27.2,89.82,16.19,0.137
2025-07-24_Shift-A_Bank-4_Cell-01_0724,24-07-2025,Shift-A,Bank-4,Cell-01_0724,1.335,0.462,67.7,30.8,10.15,Sodium Isopropyl Xanthate (SIPX),27.5,Pine Oil,38.1,5.5,Lime (CaO),1160,0.98,1.51,167,192.3,101,43.95,95.75,16.9,0.021
2025-07-24_Shift-B_Bank-1_Cell-02_0725,24-07-2025,Shift-B,Bank-1,Cell-02_0725,0.56,0.194,71.5,31.6,9.52,Sodium Isopropyl Xanthate (SIPX),45.3,Pine Oil,28,262.9,Lime (CaO),1042,1.37,1.75,193,88.5,188.9,11.16,72.36,26.74,0.071
2025-07-25_Shift-C_Bank-2_Cell-02_0726,25-07-2025,Shift-C,Bank-2,Cell-02_0726,0.782,0.271,61.6,29.2,10.15,Sodium Isopropyl Xanthate (SIPX),63.9,Pine Oil,35.9,94.3,Lime (CaO),1138,1.13,1.65,152,149.6,184.7,17.49,91.53,25.06,0.023
2025-07-25_Shift-A_Bank-3_Cell-02_0727,25-07-2025,Shift-A,Bank-3,Cell-02_0727,1.128,0.391,45.3,26.7,11.92,Sodium Isopropyl Xanthate (SIPX),27.1,Pine Oil,20.8,18.4,Lime (CaO),1860,1.45,1.45,217,164.4,239.6,13.26,70.07,15.35,0.171
2025-07-25_Shift-B_Bank-4_Cell-02_0728,25-07-2025,Shift-B,Bank-4,Cell-02_0728,1.266,0.438,68,25.6,9.05,Sodium Isopropyl Xanthate (SIPX),39.3,Pine Oil,17.3,92.6,Lime (CaO),768,1.52,1.59,127,145.2,130.8,20.45,88.2,16.08,0.07
2025-07-25_Shift-C_Bank-1_Cell-03_0729,25-07-2025,Shift-C,Bank-1,Cell-03_0729,1.348,0.467,47.9,20.8,8.86,Sodium Isopropyl Xanthate (SIPX),21.1,Pine Oil,22,31.2,Lime (CaO),756,1.55,2.16,238,148.2,160.6,13.32,56.3,16.62,0.314
2025-07-26_Shift-A_Bank-2_Cell-03_0730,26-07-2025,Shift-A,Bank-2,Cell-03_0730,1.626,0.563,64.6,27.5,9.61,Sodium Isopropyl Xanthate (SIPX),62.9,Pine Oil,13.6,41.9,Lime (CaO),910,1.4,2.03,207,225.2,245.4,18.4,90.15,16.48,0.086
2025-07-26_Shift-B_Bank-3_Cell-03_0731,26-07-2025,Shift-B,Bank-3,Cell-03_0731,1.404,0.486,54.5,36.3,10.67,Sodium Isopropyl Xanthate (SIPX),44.3,Pine Oil,28.4,180.4,Lime (CaO),1716,1.16,1.59,151,113.7,203.5,15.85,91.88,29.79,0.052
2025-07-26_Shift-C_Bank-4_Cell-03_0732,26-07-2025,Shift-C,Bank-4,Cell-03_0732,1.205,0.417,58.2,25.9,10.82,Sodium Isopropyl Xanthate (SIPX),47.7,Pine Oil,18,57.5,Lime (CaO),2203,1.4,1.76,173,165.2,210.9,14.6,90.42,21.93,0.044
2025-07-27_Shift-A_Bank-1_Cell-04_0733,27-07-2025,Shift-A,Bank-1,Cell-04_0733,1.114,0.386,60.4,42.3,11.52,Sodium Isopropyl Xanthate (SIPX),24.3,Pine Oil,28.5,30.3,Lime (CaO),1914,1.24,1.24,188,108.8,211.1,17.98,89.26,17.81,0.05
2025-07-27_Shift-B_Bank-2_Cell-04_0734,27-07-2025,Shift-B,Bank-2,Cell-04_0734,1.956,0.678,56.5,29.7,8.73,Sodium Isopropyl Xanthate (SIPX),27.4,Pine Oil,13.7,67.7,Lime (CaO),797,2.07,1.94,207,98.3,273.8,7.91,60.71,17.13,0.402
2025-07-27_Shift-C_Bank-3_Cell-04_0735,27-07-2025,Shift-C,Bank-3,Cell-04_0735,0.839,0.291,67,34.7,11.53,Sodium Isopropyl Xanthate (SIPX),19.7,Pine Oil,30.9,98.6,Lime (CaO),2274,1.4,1.48,114,68.3,194.2,9.42,72.84,27.67,0.131
2025-07-27_Shift-A_Bank-4_Cell-04_0736,27-07-2025,Shift-A,Bank-4,Cell-04_0736,1.885,0.653,58.2,36.3,10.1,Sodium Isopropyl Xanthate (SIPX),26.8,Pine Oil,19.7,57.8,Lime (CaO),1012,1.91,1.75,182,173.3,143.5,34.37,96.84,24.38,0.02
2025-07-28_Shift-B_Bank-1_Cell-05_0737,28-07-2025,Shift-B,Bank-1,Cell-05_0737,1.67,0.578,70.3,36.4,11.09,Sodium Isopropyl Xanthate (SIPX),70.4,Pine Oil,34.4,306.6,Lime (CaO),1257,1.97,1.49,85,147,219.4,19.13,76.25,29.96,0.193
2025-07-28_Shift-C_Bank-2_Cell-05_0738,28-07-2025,Shift-C,Bank-2,Cell-05_0738,1.504,0.521,64.4,25.1,9.14,Sodium Isopropyl Xanthate (SIPX),32.8,Pine Oil,20.5,37.3,Lime (CaO),747,1.99,2.29,158,110.4,163.9,12.08,71.61,16.28,0.236
2025-07-28_Shift-A_Bank-3_Cell-05_0739,28-07-2025,Shift-A,Bank-3,Cell-05_0739,3.118,1.08,56.1,31.8,10.4,Sodium Isopropyl Xanthate (SIPX),54.4,Pine Oil,29.7,37.1,Lime (CaO),1370,1.74,1.55,220,59.9,184.9,7.77,83.13,21.14,0.269
2025-07-29_Shift-B_Bank-4_Cell-05_0740,29-07-2025,Shift-B,Bank-4,Cell-05_0740,3.801,1.316,48,45,11.5,Sodium Isopropyl Xanthate (SIPX),59.7,Pine Oil,30.7,283.8,Lime (CaO),1566,1.42,1.54,104,141.7,152.2,35.36,88.4,19.25,0.22
2025-07-29_Shift-C_Bank-1_Cell-06_0741,29-07-2025,Shift-C,Bank-1,Cell-06_0741,1.455,0.504,64.5,24.7,8.89,Sodium Isopropyl Xanthate (SIPX),27.5,Pine Oil,25,141,Lime (CaO),778,1.35,1.72,173,115.7,166.5,12.25,79.36,17.98,0.16
2025-07-29_Shift-A_Bank-2_Cell-06_0742,29-07-2025,Shift-A,Bank-2,Cell-06_0742,0.936,0.324,59,27.6,10.43,Sodium Isopropyl Xanthate (SIPX),46.7,Pine Oil,9,56.3,Lime (CaO),704,0.54,1.88,218,103.7,211.9,9.83,60.53,22.45,0.201
2025-07-29_Shift-B_Bank-3_Cell-06_0743,29-07-2025,Shift-B,Bank-3,Cell-06_0743,1.648,0.571,41.8,27.6,9.37,Sodium Isopropyl Xanthate (SIPX),47,Pine Oil,33.1,56.4,Lime (CaO),846,1.75,1.72,177,138.5,164.8,16.92,78.26,18.36,0.171
2025-07-30_Shift-C_Bank-4_Cell-06_0744,30-07-2025,Shift-C,Bank-4,Cell-06_0744,1.018,0.353,57.4,25.2,10.88,Sodium Isopropyl Xanthate (SIPX),87.9,Pine Oil,23.2,36,Lime (CaO),2041,1.55,1.73,93,172.6,234.8,13.27,81.6,18.98,0.099
2025-07-30_Shift-A_Bank-1_Cell-07_0745,30-07-2025,Shift-A,Bank-1,Cell-07_0745,1.167,0.404,54.3,40,11.14,Sodium Isopropyl Xanthate (SIPX),57.3,Pine Oil,31.1,64.2,Lime (CaO),1598,1.8,1.37,101,134.2,144.6,30,93.81,20.66,0.035
2025-07-30_Shift-B_Bank-2_Cell-07_0746,30-07-2025,Shift-B,Bank-2,Cell-07_0746,2.021,0.7,47.5,30.5,9.89,Sodium Isopropyl Xanthate (SIPX),58.3,Pine Oil,17,136.7,Lime (CaO),1026,1.73,1.82,120,147.2,277.7,12.08,80.73,25.76,0.186
2025-07-31_Shift-C_Bank-3_Cell-07_0747,31-07-2025,Shift-C,Bank-3,Cell-07_0747,1.232,0.427,49.7,26.1,11.28,Sodium Isopropyl Xanthate (SIPX),84.5,Pine Oil,15.8,118,Lime (CaO),837,0.87,1.78,170,200.2,119.6,31.54,92.64,21.95,0.035
2025-07-31_Shift-A_Bank-4_Cell-07_0748,31-07-2025,Shift-A,Bank-4,Cell-07_0748,2.925,1.013,55.7,31.4,10.98,Sodium Isopropyl Xanthate (SIPX),41.7,Pine Oil,32.4,50.4,Lime (CaO),1323,1.39,1.55,234,134.4,188.7,16.78,90.89,23.6,0.106
2025-07-31_Shift-B_Bank-1_Cell-08_0749,31-07-2025,Shift-B,Bank-1,Cell-08_0749,2.837,0.982,67.2,34.2,10.15,Sodium Isopropyl Xanthate (SIPX),40,Pine Oil,33.2,101.9,Lime (CaO),473,1.07,1.47,211,105.7,220,12.61,87.71,24.82,0.176
2025-07-31_Shift-C_Bank-2_Cell-08_0750,31-07-2025,Shift-C,Bank-2,Cell-08_0750,0.726,0.251,42.2,35.1,9.25,Sodium Isopropyl Xanthate (SIPX),22.5,Pine Oil,27.8,171.8,Lime (CaO),441,1.59,1.22,200,70.2,189.7,10.05,65.04,23.41,0.134
2025-08-01_Shift-A_Bank-3_Cell-08_0751,01-08-2025,Shift-A,Bank-3,Cell-08_0751,1.4,0.485,46.2,34.7,11.3,Sodium Isopropyl Xanthate (SIPX),71.3,Pine Oil,26.6,83.9,Lime (CaO),2265,1.27,1.72,159,206.7,184,30.08,94.35,24.28,0.039
2025-08-01_Shift-B_Bank-4_Cell-08_0752,01-08-2025,Shift-B,Bank-4,Cell-08_0752,1.112,0.385,59.6,31.4,9.26,Sodium Isopropyl Xanthate (SIPX),20.4,Pine Oil,20.6,29.2,Lime (CaO),1054,0.85,1.79,158,172.2,92.5,43.86,92.48,17.34,0.041
2025-08-01_Shift-C_Bank-1_Cell-09_0753,01-08-2025,Shift-C,Bank-1,Cell-09_0753,1.682,0.583,75.2,27.3,10.23,Sodium Isopropyl Xanthate (SIPX),42.4,Pine Oil,26.1,96.2,Lime (CaO),903,2.52,1.83,154,154,175.3,17.42,78.01,24.72,0.189
2025-08-01_Shift-A_Bank-2_Cell-09_0754,01-08-2025,Shift-A,Bank-2,Cell-09_0754,1.492,0.517,62.9,33.1,11.08,Sodium Isopropyl Xanthate (SIPX),45.5,Pine Oil,23.5,112.6,Lime (CaO),1754,1,1.76,140,166.3,200.7,20.88,94.49,29.18,0.046
2025-08-02_Shift-B_Bank-3_Cell-09_0755,02-08-2025,Shift-B,Bank-3,Cell-09_0755,3.527,1.221,71.6,37.6,9.8,Sodium Isopropyl Xanthate (SIPX),28.4,Pine Oil,28.8,97.6,Lime (CaO),704,1.17,1.73,231,114.7,303.4,11.26,75.8,22.39,0.441
2025-08-02_Shift-C_Bank-4_Cell-09_0756,02-08-2025,Shift-C,Bank-4,Cell-09_0756,1.49,0.516,79.9,37.1,9.75,Sodium Isopropyl Xanthate (SIPX),21.7,Pine Oil,24.4,186.8,Lime (CaO),494,1.38,1.72,137,134.4,202.9,19.36,81.99,26.83,0.14
2025-08-02_Shift-A_Bank-1_Cell-10_0757,02-08-2025,Shift-A,Bank-1,Cell-10_0757,1.904,0.659,57.1,25.6,10.49,Sodium Isopropyl Xanthate (SIPX),41.9,Pine Oil,25.1,35.3,Lime (CaO),1352,1.38,1.67,173,127.2,219,10.69,88.92,18.41,0.091
2025-08-03_Shift-B_Bank-2_Cell-10_0758,03-08-2025,Shift-B,Bank-2,Cell-10_0758,1.451,0.503,61.9,25.5,11.36,Sodium Isopropyl Xanthate (SIPX),32.4,Pine Oil,39.5,2.8,Lime (CaO),2140,2,1.64,156,270.5,243.6,20.37,84.26,13.81,0.107
2025-08-03_Shift-C_Bank-3_Cell-10_0759,03-08-2025,Shift-C,Bank-3,Cell-10_0759,1.652,0.572,77.5,29.1,12.3,Sodium Isopropyl Xanthate (SIPX),49.7,Pine Oil,34.8,15.2,Lime (CaO),2551,1.42,1.37,148,199,214.9,19.86,83.58,17.55,0.144
2025-08-03_Shift-A_Bank-4_Cell-10_0760,03-08-2025,Shift-A,Bank-4,Cell-10_0760,3.196,1.107,62.9,38.7,11.37,Sodium Isopropyl Xanthate (SIPX),49.4,Pine Oil,22.4,230.5,Lime (CaO),1739,1.88,1.54,140,83.7,210.4,12.31,86.94,27.8,0.212
2025-08-03_Shift-B_Bank-1_Cell-11_0761,03-08-2025,Shift-B,Bank-1,Cell-11_0761,2.05,0.71,53.9,34.1,9.76,Sodium Isopropyl Xanthate (SIPX),38.1,Pine Oil,31.7,227.5,Lime (CaO),1131,2,1.66,161,149.2,218.7,17.87,90.6,29.24,0.085
2025-08-04_Shift-C_Bank-2_Cell-11_0762,04-08-2025,Shift-C,Bank-2,Cell-11_0762,1.542,0.534,64.3,35.4,10.33,Sodium Isopropyl Xanthate (SIPX),36.1,Pine Oil,14,74.5,Lime (CaO),553,1.45,1.73,149,139.2,196.8,19.49,94.73,23.27,0.046
2025-08-04_Shift-A_Bank-3_Cell-11_0763,04-08-2025,Shift-A,Bank-3,Cell-11_0763,2.375,0.822,70.5,33.4,10.71,Sodium Isopropyl Xanthate (SIPX),42.5,Pine Oil,32.8,18.5,Lime (CaO),1923,0.41,1.48,188,145.3,261.4,14.16,81.29,17.72,0.218
2025-08-04_Shift-B_Bank-4_Cell-11_0764,04-08-2025,Shift-B,Bank-4,Cell-11_0764,2.302,0.797,60.9,40.7,10.86,Sodium Isopropyl Xanthate (SIPX),44.4,Pine Oil,23.2,208.3,Lime (CaO),1847,1.37,1.67,204,127.9,179.7,23.53,95.81,27.19,0.032
2025-08-05_Shift-C_Bank-1_Cell-12_0765,05-08-2025,Shift-C,Bank-1,Cell-12_0765,1.749,0.606,62.6,33.6,10.39,Sodium Isopropyl Xanthate (SIPX),31,Pine Oil,15.1,82.1,Lime (CaO),922,1.91,2.03,166,200.3,274.8,18.75,92.15,25.77,0.068
2025-08-05_Shift-A_Bank-2_Cell-12_0766,05-08-2025,Shift-A,Bank-2,Cell-12_0766,1.966,0.681,53.7,28.6,11.09,Sodium Isopropyl Xanthate (SIPX),35.9,Pine Oil,37.2,177,Lime (CaO),1481,1.41,1.47,151,129.5,187.4,14.55,88.74,29.48,0.097
2025-08-05_Shift-B_Bank-3_Cell-12_0767,05-08-2025,Shift-B,Bank-3,Cell-12_0767,2.649,0.917,68.3,36.7,10.35,Sodium Isopropyl Xanthate (SIPX),52.5,Pine Oil,26.4,73.1,Lime (CaO),1156,2.16,1.54,146,61.5,195.4,9.06,81.97,24.84,0.24
2025-08-05_Shift-C_Bank-4_Cell-12_0768,05-08-2025,Shift-C,Bank-4,Cell-12_0768,1.807,0.626,69,39.4,11.5,Sodium Isopropyl Xanthate (SIPX),48.5,Pine Oil,30.4,48.1,Lime (CaO),1476,1.29,1.41,130,100.6,175.7,18.15,92.33,17.8,0.063
2025-08-06_Shift-A_Bank-1_Cell-01_0769,06-08-2025,Shift-A,Bank-1,Cell-01_0769,1.378,0.477,84.1,32.7,9.73,Sodium Isopropyl Xanthate (SIPX),67.6,Pine Oil,30.9,157.2,Lime (CaO),1197,1.15,1.25,106,165.2,98.9,41.56,92.63,26.83,0.035
2025-08-06_Shift-B_Bank-2_Cell-01_0770,06-08-2025,Shift-B,Bank-2,Cell-01_0770,0.776,0.269,57.5,29.2,10.21,Sodium Isopropyl Xanthate (SIPX),76.8,Pine Oil,33.6,114.1,Lime (CaO),1147,1.71,1.44,151,146.7,181.6,17.44,92.41,27.76,0.029
2025-08-06_Shift-C_Bank-3_Cell-01_0771,06-08-2025,Shift-C,Bank-3,Cell-01_0771,1.955,0.677,66.6,32.7,12.07,Sodium Isopropyl Xanthate (SIPX),63.1,Pine Oil,14.7,32,Lime (CaO),1663,1.43,1.85,130,128.3,188.2,16.9,90.06,15.54,0.105
2025-08-07_Shift-A_Bank-4_Cell-01_0772,07-08-2025,Shift-A,Bank-4,Cell-01_0772,0.982,0.34,55,30.9,9.42,Sodium Isopropyl Xanthate (SIPX),58.7,Pine Oil,28.5,190.1,Lime (CaO),852,0.54,1.54,176,180.1,202.3,20.58,86.49,24.29,0.059
2025-08-07_Shift-B_Bank-1_Cell-02_0773,07-08-2025,Shift-B,Bank-1,Cell-02_0773,1.186,0.411,58.5,33.1,9.71,Sodium Isopropyl Xanthate (SIPX),42.3,Pine Oil,21.5,164.5,Lime (CaO),1055,1.61,1.91,162,92.7,118,19.84,93.21,29,0.037
2025-08-07_Shift-C_Bank-2_Cell-02_0774,07-08-2025,Shift-C,Bank-2,Cell-02_0774,2.845,0.985,62.8,22.6,10.94,Sodium Isopropyl Xanthate (SIPX),45.3,Pine Oil,27,107,Lime (CaO),988,1.49,1.92,168,236.2,165.7,22.6,96.74,19.38,0.035
2025-08-07_Shift-A_Bank-3_Cell-02_0775,07-08-2025,Shift-A,Bank-3,Cell-02_0775,1.306,0.452,70.5,29,8.64,Sodium Isopropyl Xanthate (SIPX),39.9,Pine Oil,30.7,39.7,Lime (CaO),580,0.99,1.44,174,204.7,206.9,21.21,87.01,16.28,0.087
2025-08-08_Shift-B_Bank-4_Cell-02_0776,08-08-2025,Shift-B,Bank-4,Cell-02_0776,1.899,0.658,45.7,28.7,11.25,Sodium Isopropyl Xanthate (SIPX),42.6,Pine Oil,27.5,99.3,Lime (CaO),2121,2.19,1.87,164,170.2,117.4,30.61,90.76,23.85,0.08
2025-08-08_Shift-C_Bank-1_Cell-03_0777,08-08-2025,Shift-C,Bank-1,Cell-03_0777,3.155,1.093,51.3,39.8,10.93,Sodium Isopropyl Xanthate (SIPX),8,Pine Oil,19.2,143.4,Lime (CaO),1796,1,1.79,231,133.8,122,35.19,86.96,23.58,0.198
2025-08-08_Shift-A_Bank-2_Cell-03_0778,08-08-2025,Shift-A,Bank-2,Cell-03_0778,1.691,0.585,50.8,40,10.25,Sodium Isopropyl Xanthate (SIPX),77,Pine Oil,25.3,24.5,Lime (CaO),878,1.59,1.57,167,176.1,216.9,26.21,95.22,16.16,0.044
2025-08-09_Shift-B_Bank-3_Cell-03_0779,09-08-2025,Shift-B,Bank-3,Cell-03_0779,1.05,0.364,60.7,35.7,9.39,Sodium Isopropyl Xanthate (SIPX),42,Pine Oil,11.9,17.7,Lime (CaO),955,0.99,1.33,100,132.7,155.6,23.7,87.69,18.55,0.051
2025-08-09_Shift-C_Bank-4_Cell-03_0780,09-08-2025,Shift-C,Bank-4,Cell-03_0780,1.528,0.529,51.9,30.6,10.27,Sodium Isopropyl Xanthate (SIPX),54.2,Pine Oil,21.7,60.1,Lime (CaO),999,1.22,1.94,189,223.2,231.2,22.1,95.98,23.83,0.025
2025-08-09_Shift-A_Bank-1_Cell-04_0781,09-08-2025,Shift-A,Bank-1,Cell-04_0781,1.576,0.546,56,31.8,9.47,Sodium Isopropyl Xanthate (SIPX),72.2,Pine Oil,30.4,281.8,Lime (CaO),953,1.57,1.4,180,150.4,115,31.31,94.75,26.15,0.036
2025-08-09_Shift-B_Bank-2_Cell-04_0782,09-08-2025,Shift-B,Bank-2,Cell-04_0782,0.902,0.312,55.4,28.8,10.86,Sodium Isopropyl Xanthate (SIPX),51.4,Pine Oil,29.5,323.6,Lime (CaO),733,1.36,1.49,166,266.2,185.5,30.46,94.09,31.8,0.022
2025-08-10_Shift-C_Bank-3_Cell-04_0783,10-08-2025,Shift-C,Bank-3,Cell-04_0783,1.437,0.498,58.3,27.8,11.17,Sodium Isopropyl Xanthate (SIPX),72,Pine Oil,16.9,112.3,Lime (CaO),1081,1.45,1.76,155,178.9,188.4,19.31,93.7,23.4,0.048
2025-08-10_Shift-A_Bank-4_Cell-04_0784,10-08-2025,Shift-A,Bank-4,Cell-04_0784,1.171,0.406,73.2,27.6,11.8,Sodium Isopropyl Xanthate (SIPX),23.6,Pine Oil,13.5,167.5,Lime (CaO),2678,1.59,1.74,85,85.2,212.1,8.08,57.01,22.31,0.263
2025-08-10_Shift-B_Bank-1_Cell-05_0785,10-08-2025,Shift-B,Bank-1,Cell-05_0785,2.359,0.817,67.6,29.8,10.75,Sodium Isopropyl Xanthate (SIPX),89.2,Pine Oil,24.1,84.7,Lime (CaO),1717,1.24,1.68,91,250.2,142.6,38.78,94.48,25.74,0.062
2025-08-11_Shift-C_Bank-2_Cell-05_0786,11-08-2025,Shift-C,Bank-2,Cell-05_0786,1.623,0.562,62.1,27.6,11.28,Sodium Isopropyl Xanthate (SIPX),65.6,Pine Oil,29,93.2,Lime (CaO),1563,1.82,1.63,228,202.7,99.5,41.04,95.69,22.35,0.02
2025-08-11_Shift-A_Bank-3_Cell-05_0787,11-08-2025,Shift-A,Bank-3,Cell-05_0787,1.421,0.492,58.1,24.9,10.12,Sodium Isopropyl Xanthate (SIPX),49.8,Pine Oil,27.6,74.4,Lime (CaO),936,1.32,1.45,143,168.2,197.9,15.1,91,21.38,0.055
2025-08-11_Shift-B_Bank-4_Cell-05_0788,11-08-2025,Shift-B,Bank-4,Cell-05_0788,1.757,0.609,64.8,34.2,10.85,Sodium Isopropyl Xanthate (SIPX),25,Pine Oil,26.7,232.2,Lime (CaO),1749,1.6,1.59,104,92.9,236.3,10.35,79.24,30.54,0.182
2025-08-11_Shift-C_Bank-1_Cell-06_0789,11-08-2025,Shift-C,Bank-1,Cell-06_0789,2.073,0.718,67,41.8,10.03,Sodium Isopropyl Xanthate (SIPX),40.8,Pine Oil,37.5,91.7,Lime (CaO),1064,1.55,1.51,125,63.4,173.5,12.55,80.65,20.09,0.199
2025-08-12_Shift-A_Bank-2_Cell-06_0790,12-08-2025,Shift-A,Bank-2,Cell-06_0790,1.051,0.364,54.3,29.5,10.66,Sodium Isopropyl Xanthate (SIPX),72,Pine Oil,25.8,92.9,Lime (CaO),2054,1.72,1.44,191,148,225.7,14.34,91.09,25.57,0.056
2025-08-12_Shift-B_Bank-3_Cell-06_0791,12-08-2025,Shift-B,Bank-3,Cell-06_0791,2.545,0.881,44.7,34.6,9.56,Sodium Isopropyl Xanthate (SIPX),56.1,Pine Oil,25.8,235.9,Lime (CaO),1090,1.65,1.74,185,169,250.8,18.01,87.32,25.86,0.159
2025-08-12_Shift-C_Bank-4_Cell-06_0792,12-08-2025,Shift-C,Bank-4,Cell-06_0792,1.346,0.466,63.8,31.7,11,Sodium Isopropyl Xanthate (SIPX),55.6,Pine Oil,42.4,153.9,Lime (CaO),957,1.31,1.16,164,232,187.5,29.55,95.9,29.81,0.02
2025-08-12_Shift-A_Bank-1_Cell-07_0793,12-08-2025,Shift-A,Bank-1,Cell-07_0793,0.882,0.306,68.5,36.9,11.24,Sodium Isopropyl Xanthate (SIPX),81.4,Pine Oil,12.4,38.9,Lime (CaO),1626,1,1.74,157,213.4,110.4,56.04,95.7,19.42,0.022
2025-08-13_Shift-B_Bank-2_Cell-07_0794,13-08-2025,Shift-B,Bank-2,Cell-07_0794,1.928,0.668,59.6,37,9.46,Sodium Isopropyl Xanthate (SIPX),17.5,Pine Oil,24.3,276.4,Lime (CaO),1058,0.85,1.55,139,151,186.9,23.56,85.96,24.77,0.145
2025-08-13_Shift-C_Bank-3_Cell-07_0795,13-08-2025,Shift-C,Bank-3,Cell-07_0795,1.762,0.61,63.8,31.1,10.42,Sodium Isopropyl Xanthate (SIPX),38,Pine Oil,25.7,171.5,Lime (CaO),1402,0.52,1.58,225,146.2,119.5,28.57,89.71,31.62,0.081
2025-08-13_Shift-A_Bank-4_Cell-07_0796,13-08-2025,Shift-A,Bank-4,Cell-07_0796,2.179,0.755,61.7,25.9,11.75,Sodium Isopropyl Xanthate (SIPX),24,Pine Oil,34.3,91.9,Lime (CaO),2871,1.95,1.41,126,139.7,175.6,14.82,80.03,19.81,0.223
2025-08-14_Shift-B_Bank-1_Cell-08_0797,14-08-2025,Shift-B,Bank-1,Cell-08_0797,1.872,0.648,61.1,28.8,11.17,Sodium Isopropyl Xanthate (SIPX),26.4,Pine Oil,24.8,90.3,Lime (CaO),1795,1.11,1.75,123,156.7,229.9,14.46,88.43,23.83,0.098
2025-08-14_Shift-C_Bank-2_Cell-08_0798,14-08-2025,Shift-C,Bank-2,Cell-08_0798,2.086,0.723,61,29.8,11.16,Sodium Isopropyl Xanthate (SIPX),53.3,Pine Oil,35.5,80.2,Lime (CaO),2081,1.95,1.76,152,40,185.2,4.77,68.34,24.74,0.372
2025-08-14_Shift-A_Bank-3_Cell-08_0799,14-08-2025,Shift-A,Bank-3,Cell-08_0799,0.887,0.307,62.9,27.2,12.21,Sodium Isopropyl Xanthate (SIPX),26,Pine Oil,22.9,40.5,Lime (CaO),2629,0.52,1.36,178,163.5,175.9,18.34,77.93,17.26,0.096
2025-08-14_Shift-B_Bank-4_Cell-08_0800,14-08-2025,Shift-B,Bank-4,Cell-08_0800,1.839,0.637,69.2,35.3,9.73,Sodium Isopropyl Xanthate (SIPX),59.3,Pine Oil,20.8,262.6,Lime (CaO),1475,1.35,1.46,158,184.6,277.7,18.2,92.16,28.86,0.065
2025-08-15_Shift-C_Bank-1_Cell-09_0801,15-08-2025,Shift-C,Bank-1,Cell-09_0801,2.306,0.799,68.9,34.5,10.16,Sodium Isopropyl Xanthate (SIPX),36.5,Pine Oil,26.5,252.5,Lime (CaO),1093,1.31,1.25,161,147.9,237,16.59,93.75,32.2,0.075
2025-08-15_Shift-A_Bank-2_Cell-09_0802,15-08-2025,Shift-A,Bank-2,Cell-09_0802,2.978,1.031,56,27.6,8.16,Sodium Isopropyl Xanthate (SIPX),52.1,Pine Oil,42.5,121.1,Lime (CaO),644,0.63,1.39,257,54.1,179.6,6.07,47.18,18.67,0.885
2025-08-15_Shift-B_Bank-3_Cell-09_0803,15-08-2025,Shift-B,Bank-3,Cell-09_0803,3.4,1.177,68.5,31.4,10.2,Sodium Isopropyl Xanthate (SIPX),41,Pine Oil,28.1,126.1,Lime (CaO),1503,0.89,1.82,145,229.8,188.5,28.8,96.34,28.23,0.051
2025-08-16_Shift-C_Bank-4_Cell-09_0804,16-08-2025,Shift-C,Bank-4,Cell-09_0804,2.779,0.962,55.5,29.4,9.88,Sodium Isopropyl Xanthate (SIPX),46.6,Pine Oil,30.2,289.2,Lime (CaO),1104,2.03,1.56,227,132.3,188.3,15.29,79.76,26.98,0.278
2025-08-16_Shift-A_Bank-1_Cell-10_0805,16-08-2025,Shift-A,Bank-1,Cell-10_0805,1.855,0.643,80.8,29.5,10.73,Sodium Isopropyl Xanthate (SIPX),65.5,Pine Oil,21.8,54.3,Lime (CaO),1174,1.42,1.66,184,215.2,162.7,28.86,97.41,24.17,0.02
2025-08-16_Shift-B_Bank-2_Cell-10_0806,16-08-2025,Shift-B,Bank-2,Cell-10_0806,2.208,0.765,61,38.3,9.83,Sodium Isopropyl Xanthate (SIPX),40.4,Pine Oil,32.9,138,Lime (CaO),1332,1.57,1.51,92,197,170.3,35.21,93.3,25.39,0.065
2025-08-16_Shift-C_Bank-3_Cell-10_0807,16-08-2025,Shift-C,Bank-3,Cell-10_0807,1.684,0.583,43.4,31.7,10.96,Sodium Isopropyl Xanthate (SIPX),27.2,Pine Oil,42.1,43.7,Lime (CaO),2130,0.9,1.15,166,163.1,173.7,22.46,82.07,23.64,0.132
2025-08-17_Shift-A_Bank-4_Cell-10_0808,17-08-2025,Shift-A,Bank-4,Cell-10_0808,1.69,0.585,57.3,29.6,11.09,Sodium Isopropyl Xanthate (SIPX),47.4,Pine Oil,37.4,62.7,Lime (CaO),2010,1.62,1.53,145,186.9,175.1,23.43,94.86,22.11,0.036
2025-08-17_Shift-B_Bank-1_Cell-11_0809,17-08-2025,Shift-B,Bank-1,Cell-11_0809,2.261,0.783,72.5,26.5,9.67,Sodium Isopropyl Xanthate (SIPX),54.5,Pine Oil,31.2,109.8,Lime (CaO),1073,1.27,1.63,166,94.6,175.7,10.31,83.22,21.12,0.187
2025-08-17_Shift-C_Bank-2_Cell-11_0810,17-08-2025,Shift-C,Bank-2,Cell-11_0810,1.561,0.54,66.7,34.3,9.93,Sodium Isopropyl Xanthate (SIPX),19.7,Pine Oil,24.3,165.8,Lime (CaO),1402,1.57,1.92,125,146.1,86.9,44.41,95.54,27.15,0.02
2025-08-18_Shift-A_Bank-3_Cell-11_0811,18-08-2025,Shift-A,Bank-3,Cell-11_0811,1.178,0.408,64.1,37.7,8.29,Sodium Isopropyl Xanthate (SIPX),30,Pine Oil,25.9,56.8,Lime (CaO),323,1.21,1.84,194,212.1,194.5,32.52,92.06,16.87,0.05
2025-08-18_Shift-B_Bank-4_Cell-11_0812,18-08-2025,Shift-B,Bank-4,Cell-11_0812,1.344,0.466,70.6,34.4,9.36,Sodium Isopropyl Xanthate (SIPX),33.1,Pine Oil,17.2,78.5,Lime (CaO),976,0.79,1.79,202,117.5,165.7,18.8,80.29,20.73,0.129
2025-08-18_Shift-C_Bank-1_Cell-12_0813,18-08-2025,Shift-C,Bank-1,Cell-12_0813,2.088,0.723,66.1,44.6,9.69,Sodium Isopropyl Xanthate (SIPX),42.3,Pine Oil,11,77.9,Lime (CaO),1106,1.27,2.42,209,102.1,104.1,36.83,89.57,17.19,0.119
2025-08-18_Shift-A_Bank-2_Cell-12_0814,18-08-2025,Shift-A,Bank-2,Cell-12_0814,1.602,0.555,72.4,40.4,10.47,Sodium Isopropyl Xanthate (SIPX),32.3,Pine Oil,13.9,185,Lime (CaO),861,1.72,2.13,150,153.8,173.9,28.99,90.48,24.91,0.082
2025-08-19_Shift-B_Bank-3_Cell-12_0815,19-08-2025,Shift-B,Bank-3,Cell-12_0815,1.367,0.473,65,35.4,9.24,Sodium Isopropyl Xanthate (SIPX),17.6,Pine Oil,10.8,62.7,Lime (CaO),847,1.83,1.77,232,83.8,165.2,13.98,69.83,16.65,0.231
2025-08-19_Shift-C_Bank-4_Cell-12_0816,19-08-2025,Shift-C,Bank-4,Cell-12_0816,2.198,0.761,69.7,28.6,10.56,Sodium Isopropyl Xanthate (SIPX),40,Pine Oil,23.7,58.8,Lime (CaO),1515,1.36,1.42,168,40,220.7,3.82,73.11,22.45,0.306
2025-08-19_Shift-A_Bank-1_Cell-01_0817,19-08-2025,Shift-A,Bank-1,Cell-01_0817,1.876,0.65,59.4,39.1,10.8,Sodium Isopropyl Xanthate (SIPX),42.8,Pine Oil,21.1,218.4,Lime (CaO),1179,1.47,1.56,182,194.2,253.6,23.97,96.25,26.13,0.021
2025-08-20_Shift-B_Bank-2_Cell-01_0818,20-08-2025,Shift-B,Bank-2,Cell-01_0818,0.953,0.33,56.9,34.9,10.78,Sodium Isopropyl Xanthate (SIPX),19.8,Pine Oil,13.4,130.5,Lime (CaO),1491,1.25,2.09,156,98,161.1,16.41,84.81,28.52,0.053
2025-08-20_Shift-C_Bank-3_Cell-01_0819,20-08-2025,Shift-C,Bank-3,Cell-01_0819,2.932,1.015,76.5,34.3,10.41,Sodium Isopropyl Xanthate (SIPX),35.1,Pine Oil,20.7,350,Lime (CaO),1395,1.85,1.9,146,120.7,187.8,16.99,80.85,32.96,0.286
2025-08-20_Shift-A_Bank-4_Cell-01_0820,20-08-2025,Shift-A,Bank-4,Cell-01_0820,1.297,0.449,63.8,36.6,8.94,Sodium Isopropyl Xanthate (SIPX),38.8,Pine Oil,21.1,213.2,Lime (CaO),732,1.57,1.61,190,45.2,269.5,4.81,64.83,21.84,0.237
2025-08-20_Shift-B_Bank-1_Cell-02_0821,20-08-2025,Shift-B,Bank-1,Cell-02_0821,0.798,0.276,68.8,42,9.81,Sodium Isopropyl Xanthate (SIPX),38.9,Pine Oil,18.5,31,Lime (CaO),1223,1.22,1.74,161,199.1,200.5,34.23,93.38,14.21,0.027
2025-08-21_Shift-C_Bank-2_Cell-02_0822,21-08-2025,Shift-C,Bank-2,Cell-02_0822,1.032,0.357,63.1,33.9,10.01,Sodium Isopropyl Xanthate (SIPX),48.7,Pine Oil,32.3,88.7,Lime (CaO),949,0.82,1.43,180,166.8,207.2,20.93,92.64,24.97,0.029
2025-08-21_Shift-A_Bank-3_Cell-02_0823,21-08-2025,Shift-A,Bank-3,Cell-02_0823,1.635,0.566,62.1,40.8,10.47,Sodium Isopropyl Xanthate (SIPX),72.6,Pine Oil,6.1,104.4,Lime (CaO),1357,1.14,1.88,178,164.6,221.6,24.68,93.03,21.52,0.047
2025-08-21_Shift-B_Bank-4_Cell-02_0824,21-08-2025,Shift-B,Bank-4,Cell-02_0824,1.426,0.494,74.2,38,11.75,Sodium Isopropyl Xanthate (SIPX),54.8,Pine Oil,24,79.5,Lime (CaO),1307,1.48,1.7,186,51.1,188.2,8.2,75.25,21.51,0.172
2025-08-22_Shift-C_Bank-1_Cell-03_0825,22-08-2025,Shift-C,Bank-1,Cell-03_0825,1.389,0.481,66.7,31.3,11.17,Sodium Isopropyl Xanthate (SIPX),31.5,Pine Oil,24.9,102.9,Lime (CaO),1335,2.44,2.03,133,102.7,105.7,22.87,86.15,27.46,0.088
2025-08-22_Shift-A_Bank-2_Cell-03_0826,22-08-2025,Shift-A,Bank-2,Cell-03_0826,2.076,0.719,47.5,33,9.46,Sodium Isopropyl Xanthate (SIPX),47.7,Pine Oil,27.6,106.8,Lime (CaO),1306,1.79,1.51,130,128.3,173.7,18.59,90.33,20.71,0.088
2025-08-22_Shift-B_Bank-3_Cell-03_0827,22-08-2025,Shift-B,Bank-3,Cell-03_0827,1.846,0.639,60.2,34,11.04,Sodium Isopropyl Xanthate (SIPX),48.2,Pine Oil,19.1,57.5,Lime (CaO),1530,2.13,2.22,163,114.1,135.6,21.98,93.91,24.53,0.049
2025-08-22_Shift-C_Bank-4_Cell-03_0828,22-08-2025,Shift-C,Bank-4,Cell-03_0828,1.827,0.633,77.1,34.9,11.01,Sodium Isopropyl Xanthate (SIPX),67.9,Pine Oil,15.7,180.1,Lime (CaO),1076,1.22,1.77,164,137,195.2,18.93,92.63,29.05,0.061
2025-08-23_Shift-A_Bank-1_Cell-04_0829,23-08-2025,Shift-A,Bank-1,Cell-04_0829,1.901,0.658,60.2,25.9,9.63,Sodium Isopropyl Xanthate (SIPX),35.2,Pine Oil,23.9,254.4,Lime (CaO),1351,1.9,1.61,145,161.8,147.8,20.45,90.41,21.22,0.077
2025-08-23_Shift-B_Bank-2_Cell-04_0830,23-08-2025,Shift-B,Bank-2,Cell-04_0830,0.66,0.229,78.1,28.4,10.25,Sodium Isopropyl Xanthate (SIPX),46.8,Pine Oil,38,118.5,Lime (CaO),1635,1.6,1.36,200,79,192.1,8.56,65.49,26.99,0.12
2025-08-23_Shift-C_Bank-3_Cell-04_0831,23-08-2025,Shift-C,Bank-3,Cell-04_0831,0.64,0.222,61.4,29.7,10.83,Sodium Isopropyl Xanthate (SIPX),69.2,Pine Oil,23.5,109.1,Lime (CaO),1763,1.33,1.47,219,184.2,167.3,24.19,96.44,25.13,0.02
2025-08-23_Shift-A_Bank-4_Cell-04_0832,23-08-2025,Shift-A,Bank-4,Cell-04_0832,1.624,0.563,58.8,36.3,10.61,Sodium Isopropyl Xanthate (SIPX),49.5,Pine Oil,45,116.8,Lime (CaO),2365,1.46,1.33,115,105.6,218.5,13.73,83,28.2,0.137
2025-08-24_Shift-B_Bank-1_Cell-05_0833,24-08-2025,Shift-B,Bank-1,Cell-05_0833,1.597,0.553,71.2,32.1,10.18,Sodium Isopropyl Xanthate (SIPX),41.3,Pine Oil,22.2,40.7,Lime (CaO),745,1.07,2.03,121,140.7,242.8,14.08,84.66,20.61,0.116
2025-08-24_Shift-C_Bank-2_Cell-05_0834,24-08-2025,Shift-C,Bank-2,Cell-05_0834,2.482,0.86,57.4,34,10.36,Sodium Isopropyl Xanthate (SIPX),55.1,Pine Oil,29,174.3,Lime (CaO),1110,1.82,1.43,154,172.4,148.5,30.33,96.38,31.9,0.042
2025-08-24_Shift-A_Bank-3_Cell-05_0835,24-08-2025,Shift-A,Bank-3,Cell-05_0835,2.635,0.912,71.8,26.6,9.72,Sodium Isopropyl Xanthate (SIPX),42.8,Pine Oil,29.8,66,Lime (CaO),1142,1.21,1.58,168,150.5,139.5,20.8,93.5,21.86,0.077
2025-08-25_Shift-B_Bank-4_Cell-05_0836,25-08-2025,Shift-B,Bank-4,Cell-05_0836,1.742,0.603,66.6,30.6,10.98,Sodium Isopropyl Xanthate (SIPX),76.2,Pine Oil,30.6,225.9,Lime (CaO),2550,1.88,1.5,156,182.4,279.7,14.9,92.32,31.01,0.067
2025-08-25_Shift-C_Bank-1_Cell-06_0837,25-08-2025,Shift-C,Bank-1,Cell-06_0837,1.297,0.449,64.1,36.1,10.36,Sodium Isopropyl Xanthate (SIPX),47.4,Pine Oil,26.6,100.6,Lime (CaO),2057,0.76,2.02,144,154.5,189.6,22.96,91.64,27.03,0.062
2025-08-25_Shift-A_Bank-2_Cell-06_0838,25-08-2025,Shift-A,Bank-2,Cell-06_0838,1.962,0.679,63.2,36.1,10.56,Sodium Isopropyl Xanthate (SIPX),38.7,Pine Oil,25.7,176.3,Lime (CaO),1899,1.68,1.84,153,135,194.2,19.61,93.6,31.99,0.05
2025-08-25_Shift-B_Bank-3_Cell-06_0839,25-08-2025,Shift-B,Bank-3,Cell-06_0839,1.282,0.444,60.5,29.2,10.74,Sodium Isopropyl Xanthate (SIPX),37.7,Pine Oil,24.9,144.5,Lime (CaO),1231,1.18,1.67,183,93.7,156,12.98,91.81,27.65,0.052
2025-08-26_Shift-C_Bank-4_Cell-06_0840,26-08-2025,Shift-C,Bank-4,Cell-06_0840,1.599,0.554,70.9,33.8,9.3,Sodium Isopropyl Xanthate (SIPX),24.2,Pine Oil,18.8,31.4,Lime (CaO),724,1.76,1.62,114,161.9,199.9,21.01,87.73,19.79,0.099
2025-08-26_Shift-A_Bank-1_Cell-07_0841,26-08-2025,Shift-A,Bank-1,Cell-07_0841,2.421,0.838,54.6,44.4,9.55,Sodium Isopropyl Xanthate (SIPX),56,Pine Oil,26.9,213.1,Lime (CaO),818,1.44,1.43,254,154.8,268.9,21.49,83.15,16.45,0.21
2025-08-26_Shift-B_Bank-2_Cell-07_0842,26-08-2025,Shift-B,Bank-2,Cell-07_0842,2.244,0.777,67.2,29.4,10.94,Sodium Isopropyl Xanthate (SIPX),65.8,Pine Oil,34.9,62.7,Lime (CaO),2310,1.29,1.2,205,177.9,239,16.19,94.4,25.64,0.052
2025-08-27_Shift-C_Bank-3_Cell-07_0843,27-08-2025,Shift-C,Bank-3,Cell-07_0843,2.127,0.736,67.4,32.1,9.25,Sodium Isopropyl Xanthate (SIPX),22.7,Pine Oil,26.7,67,Lime (CaO),837,1.09,1.38,143,210.9,191.3,26.74,94.36,19.26,0.048
2025-08-27_Shift-A_Bank-4_Cell-07_0844,27-08-2025,Shift-A,Bank-4,Cell-07_0844,1.071,0.371,66.1,33.5,10.53,Sodium Isopropyl Xanthate (SIPX),48.3,Pine Oil,31.7,21.7,Lime (CaO),1398,1.8,1.57,187,118.3,142.8,21.21,95.93,18.67,0.02
2025-08-27_Shift-B_Bank-1_Cell-08_0845,27-08-2025,Shift-B,Bank-1,Cell-08_0845,2.409,0.834,65.5,32.2,10.75,Sodium Isopropyl Xanthate (SIPX),66.7,Pine Oil,16.2,103.8,Lime (CaO),1983,1.01,1.83,169,115.1,158.6,17.69,94.19,27.23,0.055
2025-08-27_Shift-C_Bank-2_Cell-08_0846,27-08-2025,Shift-C,Bank-2,Cell-08_0846,1.67,0.578,68.7,25.5,9.26,Sodium Isopropyl Xanthate (SIPX),82.3,Pine Oil,32.5,222.4,Lime (CaO),921,1.6,1.4,157,69.4,200,6.35,68.31,21.77,0.275
2025-08-28_Shift-A_Bank-3_Cell-08_0847,28-08-2025,Shift-A,Bank-3,Cell-08_0847,1.115,0.386,57.9,32.2,11.99,Sodium Isopropyl Xanthate (SIPX),48.5,Pine Oil,17.1,89.6,Lime (CaO),1909,1.45,1.65,108,128.5,197.4,15.87,86.54,22.23,0.072
2025-08-28_Shift-B_Bank-4_Cell-08_0848,28-08-2025,Shift-B,Bank-4,Cell-08_0848,1.277,0.442,59.3,32.1,12.03,Sodium Isopropyl Xanthate (SIPX),56.3,Pine Oil,19.6,151.2,Lime (CaO),1903,1.35,1.84,201,108.8,175.8,15.04,87.43,25.07,0.078
2025-08-28_Shift-C_Bank-1_Cell-09_0849,28-08-2025,Shift-C,Bank-1,Cell-09_0849,2.01,0.696,79.2,30.1,11.34,Sodium Isopropyl Xanthate (SIPX),59.1,Pine Oil,43.6,81.1,Lime (CaO),1477,1.56,1.27,170,95.9,153.7,13.95,80.49,24.88,0.196
2025-08-29_Shift-A_Bank-2_Cell-09_0850,29-08-2025,Shift-A,Bank-2,Cell-09_0850,1.923,0.666,66.2,33.3,9.45,Sodium Isopropyl Xanthate (SIPX),64,Pine Oil,40.4,86.5,Lime (CaO),1154,0.95,1.49,239,116.6,133,22.3,83.15,21.03,0.159
2025-08-29_Shift-B_Bank-3_Cell-09_0851,29-08-2025,Shift-B,Bank-3,Cell-09_0851,0.95,0.329,47.7,37.6,11.08,Sodium Isopropyl Xanthate (SIPX),55.3,Pine Oil,25.9,44.7,Lime (CaO),1549,1.29,1.53,235,219,137.8,47.32,95.71,22.42,0.023
2025-08-29_Shift-C_Bank-4_Cell-09_0852,29-08-2025,Shift-C,Bank-4,Cell-09_0852,1.469,0.509,61.1,32.5,10.25,Sodium Isopropyl Xanthate (SIPX),77.7,Pine Oil,26.2,105.7,Lime (CaO),1330,1.15,1.49,86,90.1,231.4,9.59,79.54,26.17,0.148
2025-08-29_Shift-A_Bank-1_Cell-10_0853,29-08-2025,Shift-A,Bank-1,Cell-10_0853,1.675,0.58,58.3,35.1,10.93,Sodium Isopropyl Xanthate (SIPX),55.4,Pine Oil,21.3,25.9,Lime (CaO),1177,0.78,1.43,172,76.2,177.2,11.68,89.33,18.91,0.087
2025-08-30_Shift-B_Bank-2_Cell-10_0854,30-08-2025,Shift-B,Bank-2,Cell-10_0854,0.897,0.311,65.3,36,10.24,Sodium Isopropyl Xanthate (SIPX),62.2,Pine Oil,36.2,118.8,Lime (CaO),1107,1.56,1.36,182,144.9,182.2,22.32,93.55,27.63,0.031
2025-08-30_Shift-C_Bank-3_Cell-10_0855,30-08-2025,Shift-C,Bank-3,Cell-10_0855,2.969,1.028,58.8,35,10.56,Sodium Isopropyl Xanthate (SIPX),13.5,Pine Oil,14.7,50.2,Lime (CaO),1229,1.51,1.82,223,139.3,223.4,16.87,87.08,22.91,0.183
2025-08-30_Shift-A_Bank-4_Cell-10_0856,30-08-2025,Shift-A,Bank-4,Cell-10_0856,1.704,0.59,44.2,37.5,10.63,Sodium Isopropyl Xanthate (SIPX),93,Pine Oil,20.8,115.6,Lime (CaO),1155,1.16,1.54,215,176.9,197.6,26.54,93.55,25.48,0.041
2025-08-31_Shift-B_Bank-1_Cell-11_0857,31-08-2025,Shift-B,Bank-1,Cell-11_0857,1.902,0.659,69.1,36.7,10.87,Sodium Isopropyl Xanthate (SIPX),35.7,Pine Oil,32.2,74.1,Lime (CaO),1557,1.48,1.33,175,156.6,155.8,28.97,98.04,24.55,0.02
2025-08-31_Shift-C_Bank-2_Cell-11_0858,31-08-2025,Shift-C,Bank-2,Cell-11_0858,1.682,0.582,74.2,36.1,9.85,Sodium Isopropyl Xanthate (SIPX),72.9,Pine Oil,22.8,48.6,Lime (CaO),1759,1.67,1.94,252,147.8,157.5,26.43,91.64,20.72,0.055
2025-08-31_Shift-A_Bank-3_Cell-11_0859,31-08-2025,Shift-A,Bank-3,Cell-11_0859,1.929,0.668,74.7,32.5,9.12,Sodium Isopropyl Xanthate (SIPX),46.5,Pine Oil,19.6,22.6,Lime (CaO),854,1.34,1.88,201,82.5,181,11.23,80.2,18.54,0.19
2025-08-31_Shift-B_Bank-4_Cell-11_0860,31-08-2025,Shift-B,Bank-4,Cell-11_0860,1.5,0.519,65.1,34.3,11.94,Sodium Isopropyl Xanthate (SIPX),65.1,Pine Oil,33.1,28.6,Lime (CaO),1347,1.64,1.27,152,69.9,203.9,9.05,83.83,17.62,0.132
2025-09-01_Shift-C_Bank-1_Cell-12_0861,01-09-2025,Shift-C,Bank-1,Cell-12_0861,2.574,0.891,76.3,29.7,9.14,Sodium Isopropyl Xanthate (SIPX),41.4,Pine Oil,25.9,116.8,Lime (CaO),927,1.93,1.64,135,162.9,192.1,18.7,87.87,23.66,0.153
2025-09-01_Shift-A_Bank-2_Cell-12_0862,01-09-2025,Shift-A,Bank-2,Cell-12_0862,1.221,0.423,71.6,33.9,9.67,Sodium Isopropyl Xanthate (SIPX),74.4,Pine Oil,13.1,79,Lime (CaO),916,1.97,1.9,149,63.7,188.3,8.81,71.65,22.1,0.172
2025-09-01_Shift-B_Bank-3_Cell-12_0863,01-09-2025,Shift-B,Bank-3,Cell-12_0863,1.56,0.54,54,35.2,10.88,Sodium Isopropyl Xanthate (SIPX),53.9,Pine Oil,15.9,244.4,Lime (CaO),2043,2.01,1.93,156,128.5,154.1,22.73,91.33,29.23,0.068
2025-09-02_Shift-C_Bank-4_Cell-12_0864,02-09-2025,Shift-C,Bank-4,Cell-12_0864,1.937,0.671,65.7,32.6,9.25,Sodium Isopropyl Xanthate (SIPX),8,Pine Oil,24.3,95.2,Lime (CaO),1338,1.46,1.83,158,148.1,167.8,21.85,89.14,20.73,0.097
2025-09-02_Shift-A_Bank-1_Cell-01_0865,02-09-2025,Shift-A,Bank-1,Cell-01_0865,2.936,1.017,46.6,32.5,10.28,Sodium Isopropyl Xanthate (SIPX),44.5,Pine Oil,15.3,62.3,Lime (CaO),972,1.26,1.71,115,169.2,195.9,21.29,92.2,23.81,0.115
2025-09-02_Shift-B_Bank-2_Cell-01_0866,02-09-2025,Shift-B,Bank-2,Cell-01_0866,1.549,0.536,66,21.5,10.59,Sodium Isopropyl Xanthate (SIPX),53.4,Pine Oil,17.6,175.1,Lime (CaO),1299,0.69,1.86,209,134.3,95.2,21.09,81.34,17.07,0.15
2025-09-02_Shift-C_Bank-3_Cell-01_0867,02-09-2025,Shift-C,Bank-3,Cell-01_0867,1.473,0.51,81.3,31.9,11.22,Sodium Isopropyl Xanthate (SIPX),50,Pine Oil,14.4,116,Lime (CaO),2371,0.89,1.85,150,118,180.1,15.74,77.51,29.54,0.159
2025-09-03_Shift-A_Bank-4_Cell-01_0868,03-09-2025,Shift-A,Bank-4,Cell-01_0868,1.453,0.503,74.5,32.2,8.91,Sodium Isopropyl Xanthate (SIPX),39.4,Pine Oil,6.3,32.2,Lime (CaO),1164,1.4,1.97,177,134.6,145,22.6,82.15,17.62,0.115
2025-09-03_Shift-B_Bank-1_Cell-02_0869,03-09-2025,Shift-B,Bank-1,Cell-02_0869,0.82,0.284,63.6,40.4,10.99,Sodium Isopropyl Xanthate (SIPX),46.9,Pine Oil,14.9,314.2,Lime (CaO),1557,2.04,1.82,213,218.1,301.4,23.67,78.09,28.15,0.112
2025-09-03_Shift-C_Bank-2_Cell-02_0870,03-09-2025,Shift-C,Bank-2,Cell-02_0870,1.76,0.609,65.2,28.7,10.32,Sodium Isopropyl Xanthate (SIPX),8,Pine Oil,27.8,42.4,Lime (CaO),2103,1.16,1.82,215,149.2,246.4,12.79,73.49,21.45,0.253
2025-09-04_Shift-A_Bank-3_Cell-02_0871,04-09-2025,Shift-A,Bank-3,Cell-02_0871,5.206,1.803,53.8,30.5,9.95,Sodium Isopropyl Xanthate (SIPX),40,Pine Oil,24.3,27.8,Lime (CaO),599,1.25,1.54,174,161.1,235.2,15.59,95.05,20.94,0.109
2025-09-04_Shift-B_Bank-4_Cell-02_0872,04-09-2025,Shift-B,Bank-4,Cell-02_0872,1.251,0.433,72.8,30.9,9.6,Sodium Isopropyl Xanthate (SIPX),29.6,Pine Oil,38.8,92.1,Lime (CaO),774,1.74,1.56,207,129.8,180.8,16.64,79.28,21.64,0.131
2025-09-04_Shift-C_Bank-1_Cell-03_0873,04-09-2025,Shift-C,Bank-1,Cell-03_0873,2.924,1.012,73.7,30.3,11.38,Sodium Isopropyl Xanthate (SIPX),52.1,Pine Oil,39.1,176.9,Lime (CaO),2150,1.79,1.6,259,154.6,263.9,13.25,72.62,26.7,0.419
2025-09-04_Shift-A_Bank-2_Cell-03_0874,04-09-2025,Shift-A,Bank-2,Cell-03_0874,1.772,0.614,53.6,38.8,10.77,Sodium Isopropyl Xanthate (SIPX),68.1,Pine Oil,7.7,110.8,Lime (CaO),854,1.97,1.97,155,223.5,228.9,30.23,94.06,26.4,0.053
2025-09-05_Shift-B_Bank-3_Cell-03_0875,05-09-2025,Shift-B,Bank-3,Cell-03_0875,1.502,0.52,70.2,37.5,10.87,Sodium Isopropyl Xanthate (SIPX),64.7,Pine Oil,26.7,24,Lime (CaO),1956,1.24,1.57,195,200.3,191.9,30.92,95.71,18.18,0.034
2025-09-05_Shift-C_Bank-4_Cell-03_0876,05-09-2025,Shift-C,Bank-4,Cell-03_0876,1.919,0.664,61.3,33.4,11.83,Sodium Isopropyl Xanthate (SIPX),43.6,Pine Oil,15.1,91.9,Lime (CaO),2409,1.88,1.94,165,200.7,202.1,25.34,93.45,21.29,0.051
2025-09-05_Shift-A_Bank-1_Cell-04_0877,05-09-2025,Shift-A,Bank-1,Cell-04_0877,1.642,0.569,64.9,31.1,9.4,Sodium Isopropyl Xanthate (SIPX),61.8,Pine Oil,13.3,211.9,Lime (CaO),1518,0.66,1.75,184,85.6,183.7,10.85,71.99,26.18,0.229
2025-09-05_Shift-B_Bank-2_Cell-04_0878,05-09-2025,Shift-B,Bank-2,Cell-04_0878,1.676,0.58,65.9,38.3,9.88,Sodium Isopropyl Xanthate (SIPX),61.6,Pine Oil,23,70,Lime (CaO),1484,1.99,1.89,167,93.4,192.4,14.81,89.73,19.77,0.071
2025-09-06_Shift-C_Bank-3_Cell-04_0879,06-09-2025,Shift-C,Bank-3,Cell-04_0879,0.889,0.308,62.7,28.7,9.86,Sodium Isopropyl Xanthate (SIPX),33.5,Pine Oil,29.4,72.3,Lime (CaO),1581,1.45,1.45,157,187,207.6,19.06,91.06,23.09,0.034
2025-09-06_Shift-A_Bank-4_Cell-04_0880,06-09-2025,Shift-A,Bank-4,Cell-04_0880,0.837,0.29,74,24.1,11.14,Sodium Isopropyl Xanthate (SIPX),34.6,Pine Oil,17.6,128.1,Lime (CaO),1887,0.59,1.76,203,125.1,270,7.92,53.84,21.88,0.212
2025-09-06_Shift-B_Bank-1_Cell-05_0881,06-09-2025,Shift-B,Bank-1,Cell-05_0881,2.105,0.729,64.6,30.7,10.22,Sodium Isopropyl Xanthate (SIPX),61.1,Pine Oil,30.3,48.2,Lime (CaO),1252,1.29,1.27,136,116.5,134.6,19.88,95.67,25.79,0.03
2025-09-07_Shift-C_Bank-2_Cell-05_0882,07-09-2025,Shift-C,Bank-2,Cell-05_0882,1.424,0.493,67.3,36.9,9.46,Sodium Isopropyl Xanthate (SIPX),45.2,Pine Oil,5,2,Lime (CaO),558,2.02,1.89,200,216.9,242.5,25.98,84.33,17.36,0.1
2025-09-07_Shift-A_Bank-3_Cell-05_0883,07-09-2025,Shift-A,Bank-3,Cell-05_0883,1.246,0.431,54.9,44.8,10.46,Sodium Isopropyl Xanthate (SIPX),27.2,Pine Oil,17.2,33.9,Lime (CaO),1214,1.27,1.94,172,182.9,173.1,39.95,95.01,16.09,0.027
2025-09-07_Shift-B_Bank-4_Cell-05_0884,07-09-2025,Shift-B,Bank-4,Cell-05_0884,1.606,0.556,80.3,33.3,10.56,Sodium Isopropyl Xanthate (SIPX),15.7,Pine Oil,16.6,63.5,Lime (CaO),1369,1.75,1.75,158,200.8,248.4,20.56,85.48,26.03,0.108
2025-09-07_Shift-C_Bank-1_Cell-06_0885,07-09-2025,Shift-C,Bank-1,Cell-06_0885,2.234,0.774,66,29,11.29,Sodium Isopropyl Xanthate (SIPX),61,Pine Oil,24.7,85.5,Lime (CaO),1840,1.46,1.97,199,128.8,174.7,15.79,92.7,25.12,0.072
2025-09-08_Shift-A_Bank-2_Cell-06_0886,08-09-2025,Shift-A,Bank-2,Cell-06_0886,1.726,0.598,68.1,26.8,10.77,Sodium Isopropyl Xanthate (SIPX),36.2,Pine Oil,22.2,65.4,Lime (CaO),738,1.9,2.12,191,125,209,11.64,82.83,22.39,0.144
2025-09-08_Shift-B_Bank-3_Cell-06_0887,08-09-2025,Shift-B,Bank-3,Cell-06_0887,2.678,0.927,55,23.8,10.7,Sodium Isopropyl Xanthate (SIPX),68.3,Pine Oil,22.4,177.8,Lime (CaO),1514,1.06,2.05,204,137.4,110.4,21.01,91.51,22.38,0.101
2025-09-08_Shift-C_Bank-4_Cell-06_0888,08-09-2025,Shift-C,Bank-4,Cell-06_0888,3.106,1.076,72.5,35.9,10.22,Sodium Isopropyl Xanthate (SIPX),22.4,Pine Oil,24.2,38.8,Lime (CaO),1544,1.47,1.79,173,120.7,270,12.5,88.03,21.67,0.177
2025-09-09_Shift-A_Bank-1_Cell-07_0889,09-09-2025,Shift-A,Bank-1,Cell-07_0889,1.969,0.682,64.4,37.3,9.72,Sodium Isopropyl Xanthate (SIPX),45.2,Pine Oil,28.9,92.4,Lime (CaO),1513,2.12,1.66,103,106.2,146.6,21.28,89.08,22.09,0.087
2025-09-09_Shift-B_Bank-2_Cell-07_0890,09-09-2025,Shift-B,Bank-2,Cell-07_0890,2.408,0.834,45.7,35.3,10.67,Sodium Isopropyl Xanthate (SIPX),42.9,Pine Oil,25.3,25.5,Lime (CaO),1586,1.66,1.23,151,125.5,193.9,17.71,94.29,17.11,0.061
2025-09-09_Shift-C_Bank-3_Cell-07_0891,09-09-2025,Shift-C,Bank-3,Cell-07_0891,2.696,0.933,70.8,31.9,10.08,Sodium Isopropyl Xanthate (SIPX),52.8,Pine Oil,21.4,146,Lime (CaO),1006,1.4,1.81,96,192,141.6,32.6,94.22,30.78,0.069
2025-09-09_Shift-A_Bank-4_Cell-07_0892,09-09-2025,Shift-A,Bank-4,Cell-07_0892,2.572,0.891,57.4,35.9,12.01,Sodium Isopropyl Xanthate (SIPX),68.3,Pine Oil,27.6,108.8,Lime (CaO),1075,2.4,1.91,190,77.5,128.5,16.92,84.16,20.97,0.202
2025-09-10_Shift-B_Bank-1_Cell-08_0893,10-09-2025,Shift-B,Bank-1,Cell-08_0893,2.071,0.717,74,33.9,11.68,Sodium Isopropyl Xanthate (SIPX),22.1,Pine Oil,31.4,310.4,Lime (CaO),2244,1.94,1.7,199,180.2,180.6,25.94,82.44,28.26,0.196
2025-09-10_Shift-C_Bank-2_Cell-08_0894,10-09-2025,Shift-C,Bank-2,Cell-08_0894,2.057,0.712,61.3,29,11,Sodium Isopropyl Xanthate (SIPX),56.3,Pine Oil,19,37.6,Lime (CaO),1231,1.79,1.8,201,116,162.7,15.22,93.46,19.66,0.062
2025-09-10_Shift-A_Bank-3_Cell-08_0895,10-09-2025,Shift-A,Bank-3,Cell-08_0895,1.99,0.689,63.7,42.6,10.76,Sodium Isopropyl Xanthate (SIPX),64.6,Pine Oil,23.5,252,Lime (CaO),1960,1.58,1.47,184,139.9,136.2,36.17,96.89,21.84,0.024
2025-09-11_Shift-B_Bank-4_Cell-08_0896,11-09-2025,Shift-B,Bank-4,Cell-08_0896,2.148,0.744,54.4,37,9.2,Sodium Isopropyl Xanthate (SIPX),43.5,Pine Oil,14.1,69.6,Lime (CaO),436,1.77,2.04,105,139.4,121.8,33.37,92.32,20.53,0.092
2025-09-11_Shift-C_Bank-1_Cell-09_0897,11-09-2025,Shift-C,Bank-1,Cell-09_0897,0.905,0.314,53.6,20.4,10.19,Sodium Isopropyl Xanthate (SIPX),53.5,Pine Oil,40.2,29.6,Lime (CaO),1522,0.53,1.25,161,136.2,195.8,9.81,59.37,17.79,0.202
2025-09-11_Shift-A_Bank-2_Cell-09_0898,11-09-2025,Shift-A,Bank-2,Cell-09_0898,1.146,0.397,60.3,39.6,10.5,Sodium Isopropyl Xanthate (SIPX),52.2,Pine Oil,11.9,307.9,Lime (CaO),1881,1.62,1.85,111,128.7,184.1,22.3,84.32,27.18,0.07
2025-09-11_Shift-B_Bank-3_Cell-09_0899,11-09-2025,Shift-B,Bank-3,Cell-09_0899,2.766,0.958,69,40.6,10.62,Sodium Isopropyl Xanthate (SIPX),56.5,Pine Oil,20.9,120.4,Lime (CaO),1772,1.38,1.47,151,122.6,80,50.57,94.42,23.51,0.072
2025-09-12_Shift-C_Bank-4_Cell-09_0900,12-09-2025,Shift-C,Bank-4,Cell-09_0900,2.277,0.789,50.7,33.2,10.85,Sodium Isopropyl Xanthate (SIPX),56.1,Pine Oil,15.4,121.3,Lime (CaO),800,1.24,1.84,226,213.3,165.9,32.51,94.63,27.07,0.046
2025-09-12_Shift-A_Bank-1_Cell-10_0901,12-09-2025,Shift-A,Bank-1,Cell-10_0901,2.988,1.035,47.8,35.9,11.28,Sodium Isopropyl Xanthate (SIPX),28.3,Pine Oil,43.7,45.3,Lime (CaO),1271,1.37,1.05,207,151.2,211.5,20.02,84.5,23.02,0.216
2025-09-12_Shift-B_Bank-2_Cell-10_0902,12-09-2025,Shift-B,Bank-2,Cell-10_0902,1.427,0.494,69,35.9,9.74,Sodium Isopropyl Xanthate (SIPX),63.8,Pine Oil,19.5,8.6,Lime (CaO),701,0.8,1.89,190,144,141.1,28.58,93.32,15.53,0.056
2025-09-13_Shift-C_Bank-3_Cell-10_0903,13-09-2025,Shift-C,Bank-3,Cell-10_0903,0.986,0.342,56.9,29.7,9.75,Sodium Isopropyl Xanthate (SIPX),67,Pine Oil,19.5,67.5,Lime (CaO),1209,0.69,1.62,158,119.1,213.5,12.26,82.46,20.2,0.097
2025-09-13_Shift-A_Bank-4_Cell-10_0904,13-09-2025,Shift-A,Bank-4,Cell-10_0904,1.446,0.501,58.7,35.8,11.78,Sodium Isopropyl Xanthate (SIPX),49.3,Pine Oil,20.7,58.1,Lime (CaO),2168,1.97,1.83,127,130.4,209.9,17.36,90.84,20.75,0.054
2025-09-13_Shift-B_Bank-1_Cell-11_0905,13-09-2025,Shift-B,Bank-1,Cell-11_0905,1.67,0.578,46.2,28.8,11.13,Sodium Isopropyl Xanthate (SIPX),19.1,Pine Oil,24.9,16.1,Lime (CaO),699,1.64,1.99,172,119.2,143.2,17.65,83.8,16.44,0.127
2025-09-13_Shift-C_Bank-2_Cell-11_0906,13-09-2025,Shift-C,Bank-2,Cell-11_0906,1.654,0.573,56.2,29.8,10.03,Sodium Isopropyl Xanthate (SIPX),43.9,Pine Oil,21,70.9,Lime (CaO),1168,0.44,1.66,207,186.7,189.4,21.83,88.28,21.81,0.093
2025-09-14_Shift-A_Bank-3_Cell-11_0907,14-09-2025,Shift-A,Bank-3,Cell-11_0907,2.576,0.892,61.9,38.9,10.3,Sodium Isopropyl Xanthate (SIPX),49.5,Pine Oil,22.8,92.5,Lime (CaO),1628,1.21,1.6,181,113.8,227.9,15.52,94.49,22.66,0.056
2025-09-14_Shift-B_Bank-4_Cell-11_0908,14-09-2025,Shift-B,Bank-4,Cell-11_0908,1.855,0.642,55.4,29.3,10.43,Sodium Isopropyl Xanthate (SIPX),39.5,Pine Oil,24.5,10.2,Lime (CaO),1401,1.33,1.35,169,152.8,180.5,18.35,94.3,15.69,0.041
2025-09-14_Shift-C_Bank-1_Cell-12_0909,14-09-2025,Shift-C,Bank-1,Cell-12_0909,1.933,0.669,56.2,29.6,12.3,Sodium Isopropyl Xanthate (SIPX),56.9,Pine Oil,33.3,46.7,Lime (CaO),1433,1.89,1.73,196,121.9,150.5,17.79,87.98,17.85,0.101
2025-09-15_Shift-A_Bank-2_Cell-12_0910,15-09-2025,Shift-A,Bank-2,Cell-12_0910,1.168,0.404,75.1,27.8,11.03,Sodium Isopropyl Xanthate (SIPX),16.4,Pine Oil,22.3,180.7,Lime (CaO),1793,1.39,1.14,119,40,140.4,5.79,62.48,26.74,0.246
2025-09-15_Shift-B_Bank-3_Cell-12_0911,15-09-2025,Shift-B,Bank-3,Cell-12_0911,1.449,0.502,63.8,34.9,8.8,Sodium Isopropyl Xanthate (SIPX),52.3,Pine Oil,31.3,115.9,Lime (CaO),834,1.26,1.45,196,225.7,182.6,33.31,95.22,19.12,0.029
2025-09-15_Shift-C_Bank-4_Cell-12_0912,15-09-2025,Shift-C,Bank-4,Cell-12_0912,1.481,0.513,57.3,36.9,9.94,Sodium Isopropyl Xanthate (SIPX),45,Pine Oil,14.1,69.9,Lime (CaO),1423,0.87,1.65,186,200.6,210.5,27.64,92.27,23.72,0.051
2025-09-15_Shift-A_Bank-1_Cell-01_0913,15-09-2025,Shift-A,Bank-1,Cell-01_0913,1.428,0.495,60.7,32.5,11.57,Sodium Isopropyl Xanthate (SIPX),55.3,Pine Oil,30.9,190.4,Lime (CaO),1952,0.84,1.68,174,119.9,80,36.99,95.31,27.52,0.033
2025-09-16_Shift-B_Bank-2_Cell-01_0914,16-09-2025,Shift-B,Bank-2,Cell-01_0914,3.367,1.166,73.5,38.3,10.78,Sodium Isopropyl Xanthate (SIPX),39,Pine Oil,18.8,106.3,Lime (CaO),2036,1.11,1.92,248,128.4,165.4,23.62,90.04,26.69,0.159
2025-09-16_Shift-C_Bank-3_Cell-01_0915,16-09-2025,Shift-C,Bank-3,Cell-01_0915,1.535,0.532,74.5,31.4,7.8,Sodium Isopropyl Xanthate (SIPX),31.6,Pine Oil,13.3,183.5,Lime (CaO),253,1.18,1.93,189,174.2,209.7,19.62,73.89,14.27,0.224
2025-09-16_Shift-A_Bank-4_Cell-01_0916,16-09-2025,Shift-A,Bank-4,Cell-01_0916,1.444,0.5,55.1,31.9,11.04,Sodium Isopropyl Xanthate (SIPX),32.1,Pine Oil,22.3,119.6,Lime (CaO),940,1.57,1.49,140,175.5,200.4,21.08,96.57,28,0.02
2025-09-16_Shift-B_Bank-1_Cell-02_0917,16-09-2025,Shift-B,Bank-1,Cell-02_0917,0.663,0.23,61.6,27.9,12.22,Sodium Isopropyl Xanthate (SIPX),36.3,Pine Oil,36.6,18.6,Lime (CaO),2495,1.89,1.74,185,119.6,166,14.71,74.65,13.95,0.094
2025-09-17_Shift-C_Bank-2_Cell-02_0918,17-09-2025,Shift-C,Bank-2,Cell-02_0918,1.099,0.381,62.8,38.3,8.5,Sodium Isopropyl Xanthate (SIPX),46.3,Pine Oil,25.6,8.5,Lime (CaO),626,1.67,1.6,154,72.4,139.2,15.85,85.51,15.35,0.077
2025-09-17_Shift-A_Bank-3_Cell-02_0919,17-09-2025,Shift-A,Bank-3,Cell-02_0919,1.433,0.496,53.6,29,11.84,Sodium Isopropyl Xanthate (SIPX),48.7,Pine Oil,37.5,64.7,Lime (CaO),2365,1.77,1.72,213,251.5,218.9,24.58,86.07,20.33,0.088
2025-09-17_Shift-B_Bank-4_Cell-02_0920,17-09-2025,Shift-B,Bank-4,Cell-02_0920,1.2,0.415,61.5,34.8,7.8,Sodium Isopropyl Xanthate (SIPX),42.6,Pine Oil,17.3,158,Lime (CaO),293,1.34,1.83,176,195.9,175.2,30.1,90.89,17.42,0.068
2025-09-18_Shift-C_Bank-1_Cell-03_0921,18-09-2025,Shift-C,Bank-1,Cell-03_0921,2.859,0.99,62,32.6,11.29,Sodium Isopropyl Xanthate (SIPX),38.4,Pine Oil,33.4,57.5,Lime (CaO),2633,1.7,1.57,179,157.5,215.1,18.14,96.38,23.74,0.063
2025-09-18_Shift-A_Bank-2_Cell-03_0922,18-09-2025,Shift-A,Bank-2,Cell-03_0922,1.493,0.517,71.7,27.5,10.39,Sodium Isopropyl Xanthate (SIPX),39.7,Pine Oil,18.1,214.4,Lime (CaO),1550,1.39,1.7,110,158.4,207.5,15.32,84.73,27.32,0.11
2025-09-18_Shift-B_Bank-3_Cell-03_0923,18-09-2025,Shift-B,Bank-3,Cell-03_0923,2.749,0.952,72.3,29.8,8.17,Sodium Isopropyl Xanthate (SIPX),91.1,Pine Oil,26,148.6,Lime (CaO),508,1.26,1.83,167,179.8,169.4,23.51,89.64,14.8,0.142
2025-09-18_Shift-C_Bank-4_Cell-03_0924,18-09-2025,Shift-C,Bank-4,Cell-03_0924,1.642,0.569,59.2,40.2,10.82,Sodium Isopropyl Xanthate (SIPX),32.1,Pine Oil,26,202.4,Lime (CaO),1093,2.25,1.97,163,185.6,239.3,25.21,91.87,23.76,0.057
2025-09-19_Shift-A_Bank-1_Cell-04_0925,19-09-2025,Shift-A,Bank-1,Cell-04_0925,1.625,0.563,60.2,34,11.49,Sodium Isopropyl Xanthate (SIPX),36,Pine Oil,30,66.1,Lime (CaO),2407,0.47,1.75,126,49.9,162.7,8.02,64,23.92,0.312
2025-09-19_Shift-B_Bank-2_Cell-04_0926,19-09-2025,Shift-B,Bank-2,Cell-04_0926,1.541,0.534,67.6,27.8,10.75,Sodium Isopropyl Xanthate (SIPX),105.3,Pine Oil,26.3,40,Lime (CaO),1053,0.66,1.63,157,133.2,244.8,11.03,81.29,20.01,0.136
2025-09-19_Shift-C_Bank-3_Cell-04_0927,19-09-2025,Shift-C,Bank-3,Cell-04_0927,3.293,1.14,67,32.2,10.01,Sodium Isopropyl Xanthate (SIPX),21.2,Pine Oil,31.9,127.4,Lime (CaO),1061,1.34,1.57,165,142.3,238.3,14.57,94.42,30.05,0.096
2025-09-20_Shift-A_Bank-4_Cell-04_0928,20-09-2025,Shift-A,Bank-4,Cell-04_0928,0.69,0.239,53.8,34.5,11.06,Sodium Isopropyl Xanthate (SIPX),29.6,Pine Oil,18.7,21.7,Lime (CaO),1612,1.01,1.92,155,64.1,307.2,5.55,61.65,17.72,0.143
2025-09-20_Shift-B_Bank-1_Cell-05_0929,20-09-2025,Shift-B,Bank-1,Cell-05_0929,1.274,0.441,53.9,31,12.06,Sodium Isopropyl Xanthate (SIPX),62.4,Pine Oil,7.5,54.8,Lime (CaO),2926,1.06,2.01,147,85.2,197,10.06,68.3,18.97,0.208
2025-09-20_Shift-C_Bank-2_Cell-05_0930,20-09-2025,Shift-C,Bank-2,Cell-05_0930,2.138,0.74,60.7,23.4,8.51,Sodium Isopropyl Xanthate (SIPX),38.1,Pine Oil,21,47.3,Lime (CaO),513,1.96,1.99,168,157.4,189,13.78,77.13,16.8,0.242
2025-09-20_Shift-A_Bank-3_Cell-05_0931,20-09-2025,Shift-A,Bank-3,Cell-05_0931,1.952,0.676,75.9,33.5,8.96,Sodium Isopropyl Xanthate (SIPX),75,Pine Oil,22.8,180.9,Lime (CaO),908,2.14,1.67,149,189.9,138,35.24,93.15,17.9,0.054
2025-09-21_Shift-B_Bank-4_Cell-05_0932,21-09-2025,Shift-B,Bank-4,Cell-05_0932,1.362,0.472,57.6,43.4,9.6,Sodium Isopropyl Xanthate (SIPX),56.2,Pine Oil,29,204.2,Lime (CaO),1206,0.78,1.55,148,228.3,249.6,33.01,91.17,20.32,0.046
2025-09-21_Shift-C_Bank-1_Cell-06_0933,21-09-2025,Shift-C,Bank-1,Cell-06_0933,2.466,0.854,82.3,24,10.44,Sodium Isopropyl Xanthate (SIPX),53.8,Pine Oil,21.6,121.2,Lime (CaO),1192,0.85,1.47,202,189.9,232.3,13.91,74.76,21.96,0.312
2025-09-21_Shift-A_Bank-2_Cell-06_0934,21-09-2025,Shift-A,Bank-2,Cell-06_0934,1.264,0.438,55,28.6,10.97,Sodium Isopropyl Xanthate (SIPX),48.4,Pine Oil,12.9,100.1,Lime (CaO),1863,1.55,2,222,130.8,174.3,15.81,83.11,26.86,0.101
2025-09-22_Shift-B_Bank-3_Cell-06_0935,22-09-2025,Shift-B,Bank-3,Cell-06_0935,2.145,0.743,61.8,29.4,9.88,Sodium Isopropyl Xanthate (SIPX),78.4,Pine Oil,13.2,80.6,Lime (CaO),1053,1.43,2.25,217,98.9,80,26.92,94.42,20.55,0.061
2025-09-22_Shift-C_Bank-4_Cell-06_0936,22-09-2025,Shift-C,Bank-4,Cell-06_0936,1.601,0.554,64.3,34.9,8.55,Sodium Isopropyl Xanthate (SIPX),49.8,Pine Oil,13.8,338.9,Lime (CaO),728,1.67,1.78,121,166.7,226.9,19.81,76.98,18.89,0.186
2025-09-22_Shift-A_Bank-1_Cell-07_0937,22-09-2025,Shift-A,Bank-1,Cell-07_0937,2.97,1.029,53.9,40,10.08,Sodium Isopropyl Xanthate (SIPX),50.5,Pine Oil,9.9,30.9,Lime (CaO),980,1.37,1.98,190,147.4,179.1,26.55,94.5,17.02,0.076
2025-09-22_Shift-B_Bank-2_Cell-07_0938,22-09-2025,Shift-B,Bank-2,Cell-07_0938,0.572,0.198,60.5,38.5,10.41,Sodium Isopropyl Xanthate (SIPX),48.5,Pine Oil,29.7,253.7,Lime (CaO),1160,0.95,1.6,211,130.1,162.9,24.49,86.63,29.78,0.033
2025-09-23_Shift-C_Bank-3_Cell-07_0939,23-09-2025,Shift-C,Bank-3,Cell-07_0939,0.882,0.305,65.8,35.4,10.56,Sodium Isopropyl Xanthate (SIPX),23.5,Pine Oil,30.2,140.6,Lime (CaO),1524,1.69,1.78,218,181.9,176.3,28.34,92.52,29.91,0.049
2025-09-23_Shift-A_Bank-4_Cell-07_0940,23-09-2025,Shift-A,Bank-4,Cell-07_0940,0.972,0.337,53.4,26.1,10.76,Sodium Isopropyl Xanthate (SIPX),44.4,Pine Oil,20.7,60,Lime (CaO),1573,1.27,1.91,136,140.4,245.9,10.73,80.3,22.88,0.091
2025-09-23_Shift-B_Bank-1_Cell-08_0941,23-09-2025,Shift-B,Bank-1,Cell-08_0941,1.374,0.476,56,26.1,10.63,Sodium Isopropyl Xanthate (SIPX),50,Pine Oil,26.6,53.1,Lime (CaO),2113,1.55,1.15,190,106.2,187.5,10.65,90.92,19.33,0.061
2025-09-24_Shift-C_Bank-2_Cell-08_0942,24-09-2025,Shift-C,Bank-2,Cell-08_0942,1.438,0.498,59,35.8,10.15,Sodium Isopropyl Xanthate (SIPX),38.5,Pine Oil,25.7,20.9,Lime (CaO),1551,1.4,1.47,168,137.2,275.5,13.88,93.01,18.37,0.052
2025-09-24_Shift-A_Bank-3_Cell-08_0943,24-09-2025,Shift-A,Bank-3,Cell-08_0943,0.85,0.294,49.9,26,10.67,Sodium Isopropyl Xanthate (SIPX),52.1,Pine Oil,29.4,91,Lime (CaO),1540,1.82,1.62,235,189.4,163.7,21.67,82.66,21.17,0.068
2025-09-24_Shift-B_Bank-4_Cell-08_0944,24-09-2025,Shift-B,Bank-4,Cell-08_0944,1.058,0.366,58.4,31.8,11.35,Sodium Isopropyl Xanthate (SIPX),46.4,Pine Oil,29.4,20,Lime (CaO),1353,1.54,1.37,112,100.9,200,12.11,87.03,17.96,0.067
2025-09-24_Shift-C_Bank-1_Cell-09_0945,24-09-2025,Shift-C,Bank-1,Cell-09_0945,1.115,0.386,63,34.6,10.31,Sodium Isopropyl Xanthate (SIPX),59.9,Pine Oil,5,187.7,Lime (CaO),1146,1.08,1.45,136,160,170.1,25.11,94.06,32.69,0.025
2025-09-25_Shift-A_Bank-2_Cell-09_0946,25-09-2025,Shift-A,Bank-2,Cell-09_0946,4.491,1.555,58.6,27.1,10.7,Sodium Isopropyl Xanthate (SIPX),57.9,Pine Oil,21.8,107.3,Lime (CaO),2303,1.59,1.58,96,147.3,285.4,10.16,86.6,24.43,0.302
2025-09-25_Shift-B_Bank-3_Cell-09_0947,25-09-2025,Shift-B,Bank-3,Cell-09_0947,1.346,0.466,61.8,32.5,9.79,Sodium Isopropyl Xanthate (SIPX),21.4,Pine Oil,20.3,95,Lime (CaO),1173,1.66,1.67,251,135.9,287.9,11.64,76.4,24.87,0.162
2025-09-25_Shift-C_Bank-4_Cell-09_0948,25-09-2025,Shift-C,Bank-4,Cell-09_0948,1.373,0.476,56.4,35.6,10.9,Sodium Isopropyl Xanthate (SIPX),78.2,Pine Oil,24.3,110.3,Lime (CaO),1754,1.89,1.6,163,74.6,170.7,12.11,93.41,26.63,0.031
2025-09-26_Shift-A_Bank-1_Cell-10_0949,26-09-2025,Shift-A,Bank-1,Cell-10_0949,0.987,0.342,67.9,38.5,9.87,Sodium Isopropyl Xanthate (SIPX),43.4,Pine Oil,30.8,68.6,Lime (CaO),1021,1.19,1.51,169,155.3,260.3,18.33,92.08,22.83,0.05
2025-09-26_Shift-B_Bank-2_Cell-10_0950,26-09-2025,Shift-B,Bank-2,Cell-10_0950,0.718,0.249,74.2,36.2,10.77,Sodium Isopropyl Xanthate (SIPX),44.5,Pine Oil,24.7,75.8,Lime (CaO),1047,1.73,1.74,186,84.5,195.4,12.22,82.64,24.32,0.066
2025-09-26_Shift-C_Bank-3_Cell-10_0951,26-09-2025,Shift-C,Bank-3,Cell-10_0951,1.523,0.528,58.1,33.4,10.43,Sodium Isopropyl Xanthate (SIPX),39.8,Pine Oil,37.6,271.2,Lime (CaO),1019,0.73,1.29,161,201.5,228.5,22.49,90.67,32.64,0.053
2025-09-26_Shift-A_Bank-4_Cell-10_0952,26-09-2025,Shift-A,Bank-4,Cell-10_0952,1.052,0.364,66.1,29.1,10.11,Sodium Isopropyl Xanthate (SIPX),37.2,Pine Oil,34.1,175.7,Lime (CaO),1143,1.4,1.65,179,145.6,133.9,23.37,94.89,28.93,0.02
2025-09-27_Shift-B_Bank-1_Cell-11_0953,27-09-2025,Shift-B,Bank-1,Cell-11_0953,1.544,0.535,60,27.4,10.09,Sodium Isopropyl Xanthate (SIPX),73.8,Pine Oil,22.9,136.6,Lime (CaO),1021,1.33,1.68,180,122.6,206,11.89,92.4,24.94,0.04
2025-09-27_Shift-C_Bank-2_Cell-11_0954,27-09-2025,Shift-C,Bank-2,Cell-11_0954,0.817,0.283,65.1,30.3,9.92,Sodium Isopropyl Xanthate (SIPX),70.9,Pine Oil,22.2,60,Lime (CaO),1621,2.06,1.74,133,205.7,140.8,33.04,93.98,19.18,0.028
2025-09-27_Shift-A_Bank-3_Cell-11_0955,27-09-2025,Shift-A,Bank-3,Cell-11_0955,1.162,0.402,75.3,35.1,8.84,Sodium Isopropyl Xanthate (SIPX),54,Pine Oil,5,13.3,Lime (CaO),719,1.38,1.87,161,100.5,201.8,13.55,69.36,19.99,0.188
2025-09-27_Shift-B_Bank-4_Cell-11_0956,27-09-2025,Shift-B,Bank-4,Cell-11_0956,1.703,0.59,66.3,34.8,10.76,Sodium Isopropyl Xanthate (SIPX),44.1,Pine Oil,21.1,126,Lime (CaO),1339,1.71,1.72,193,114.1,120.2,25.5,93.59,30.04,0.048
2025-09-28_Shift-C_Bank-1_Cell-12_0957,28-09-2025,Shift-C,Bank-1,Cell-12_0957,1.866,0.646,46.9,22.1,10.62,Sodium Isopropyl Xanthate (SIPX),57.1,Pine Oil,11.8,94.8,Lime (CaO),1480,0.71,2.08,200,62.2,185.7,5.17,50.83,17.63,0.504
2025-09-28_Shift-A_Bank-2_Cell-12_0958,28-09-2025,Shift-A,Bank-2,Cell-12_0958,0.919,0.318,72.5,39.3,9.9,Sodium Isopropyl Xanthate (SIPX),42.6,Pine Oil,25.4,83.7,Lime (CaO),1133,1.09,1.71,178,239.9,215.2,35.13,93.14,22.28,0.034
2025-09-28_Shift-B_Bank-3_Cell-12_0959,28-09-2025,Shift-B,Bank-3,Cell-12_0959,1.593,0.552,49.4,32.8,9.46,Sodium Isopropyl Xanthate (SIPX),49.7,Pine Oil,44.5,9.6,Lime (CaO),1026,1.5,1.1,141,125.2,262.7,11.91,75.52,14.22,0.202
2025-09-29_Shift-C_Bank-4_Cell-12_0960,29-09-2025,Shift-C,Bank-4,Cell-12_0960,0.898,0.311,63.2,35,8.75,Sodium Isopropyl Xanthate (SIPX),56.9,Pine Oil,26.1,159.7,Lime (CaO),791,0.78,1.72,160,148.5,145.7,27.62,90.93,19.51,0.039
2025-09-29_Shift-A_Bank-1_Cell-01_0961,29-09-2025,Shift-A,Bank-1,Cell-01_0961,1.401,0.485,47.1,35.1,11.86,Sodium Isopropyl Xanthate (SIPX),34.9,Pine Oil,12.2,220.7,Lime (CaO),1752,1.23,2.02,117,144.4,286.5,13.69,66.67,23.73,0.243
2025-09-29_Shift-B_Bank-2_Cell-01_0962,29-09-2025,Shift-B,Bank-2,Cell-01_0962,1.865,0.646,60,31.1,11.7,Sodium Isopropyl Xanthate (SIPX),58.8,Pine Oil,18.9,124.2,Lime (CaO),1239,1.62,1.7,180,169.6,189.7,20.84,95.28,27.11,0.024
2025-09-29_Shift-C_Bank-3_Cell-01_0963,29-09-2025,Shift-C,Bank-3,Cell-01_0963,2.07,0.717,72.9,29.2,10.97,Sodium Isopropyl Xanthate (SIPX),29.7,Pine Oil,20.6,120.1,Lime (CaO),981,1.49,1.53,205,103.9,99.9,22.44,93.61,27,0.048
2025-09-30_Shift-A_Bank-4_Cell-01_0964,30-09-2025,Shift-A,Bank-4,Cell-01_0964,1.508,0.522,45.8,44,9.55,Sodium Isopropyl Xanthate (SIPX),35.7,Pine Oil,29.3,41.4,Lime (CaO),806,0.48,1.62,138,159.2,118.2,49.65,87.75,17.26,0.101
2025-09-30_Shift-B_Bank-1_Cell-02_0965,30-09-2025,Shift-B,Bank-1,Cell-02_0965,2.443,0.846,53.2,37.3,10.07,Sodium Isopropyl Xanthate (SIPX),26.7,Pine Oil,21.3,64,Lime (CaO),968,1.88,1.58,141,130.2,196,19.55,92.77,22.14,0.081
2025-09-30_Shift-C_Bank-2_Cell-02_0966,30-09-2025,Shift-C,Bank-2,Cell-02_0966,1.436,0.497,61.5,36,10.14,Sodium Isopropyl Xanthate (SIPX),64.3,Pine Oil,22.6,26.7,Lime (CaO),648,1.7,1.76,126,66.6,258.2,7.25,82.11,17.64,0.127
2025-10-01_Shift-A_Bank-3_Cell-02_0967,01-10-2025,Shift-A,Bank-3,Cell-02_0967,2.193,0.759,58.9,27.8,11.77,Sodium Isopropyl Xanthate (SIPX),28.6,Pine Oil,20,44,Lime (CaO),1520,1.96,1.78,243,130.6,134.9,19.65,83.03,19.34,0.185
2025-10-01_Shift-B_Bank-4_Cell-02_0968,01-10-2025,Shift-B,Bank-4,Cell-02_0968,3.605,1.248,73.9,39.6,11.03,Sodium Isopropyl Xanthate (SIPX),33.4,Pine Oil,31.3,94.5,Lime (CaO),1545,1.04,1.25,127,122.5,195.5,20.01,89.99,23.45,0.17
2025-10-01_Shift-C_Bank-1_Cell-03_0969,01-10-2025,Shift-C,Bank-1,Cell-03_0969,3.645,1.262,70.1,28.6,12.3,Sodium Isopropyl Xanthate (SIPX),68.6,Pine Oil,29.8,61,Lime (CaO),1987,1.99,1.63,116,195.3,190.3,21.59,90.87,19.46,0.166
2025-10-01_Shift-A_Bank-2_Cell-03_0970,01-10-2025,Shift-A,Bank-2,Cell-03_0970,0.955,0.331,66.2,34.5,10.64,Sodium Isopropyl Xanthate (SIPX),35.7,Pine Oil,34.5,100.5,Lime (CaO),1409,1.43,1.63,173,147.2,183.4,21.32,94.63,27.45,0.022
2025-10-02_Shift-B_Bank-3_Cell-03_0971,02-10-2025,Shift-B,Bank-3,Cell-03_0971,1.084,0.375,63.2,24.5,10.02,Sodium Isopropyl Xanthate (SIPX),42.6,Pine Oil,21,175.5,Lime (CaO),1442,2.12,2.12,175,155.9,172.4,15.76,82.16,21.71,0.091
2025-10-02_Shift-C_Bank-4_Cell-03_0972,02-10-2025,Shift-C,Bank-4,Cell-03_0972,2.985,1.034,65.3,22.4,9.82,Sodium Isopropyl Xanthate (SIPX),27.8,Pine Oil,34.8,100,Lime (CaO),1554,1.45,1.57,190,148.9,173.3,13.48,84.05,18.95,0.24
2025-10-02_Shift-A_Bank-1_Cell-04_0973,02-10-2025,Shift-A,Bank-1,Cell-04_0973,1.026,0.355,54.7,34.7,8.65,Sodium Isopropyl Xanthate (SIPX),61,Pine Oil,11.7,121,Lime (CaO),973,0.59,1.95,241,47.8,198,6.46,47.95,17.68,0.288
2025-10-03_Shift-B_Bank-2_Cell-04_0974,03-10-2025,Shift-B,Bank-2,Cell-04_0974,1.304,0.452,52.5,22.7,11.49,Sodium Isopropyl Xanthate (SIPX),59.3,Pine Oil,13.1,173.4,Lime (CaO),1395,1.26,1.89,143,134.7,201.6,10.63,72.02,20.89,0.185
2025-10-03_Shift-C_Bank-3_Cell-04_0975,03-10-2025,Shift-C,Bank-3,Cell-04_0975,1.909,0.661,69.1,35.8,10.97,Sodium Isopropyl Xanthate (SIPX),55.7,Pine Oil,24.1,19.1,Lime (CaO),1937,1.29,1.47,226,163.4,245.5,18.58,94.48,17.41,0.041
2025-10-03_Shift-A_Bank-4_Cell-04_0976,03-10-2025,Shift-A,Bank-4,Cell-04_0976,1.186,0.411,65.4,33,11.36,Sodium Isopropyl Xanthate (SIPX),69.2,Pine Oil,22.1,96.3,Lime (CaO),2647,2.11,2.07,208,134.3,146.6,23.06,89.77,24.8,0.066
2025-10-03_Shift-B_Bank-1_Cell-05_0977,03-10-2025,Shift-B,Bank-1,Cell-05_0977,4.172,1.445,64.6,38.8,10.56,Sodium Isopropyl Xanthate (SIPX),33.5,Pine Oil,19.7,224.3,Lime (CaO),1781,1.06,1.74,172,184.7,161.8,35.44,95,29.44,0.096
2025-10-04_Shift-C_Bank-2_Cell-05_0978,04-10-2025,Shift-C,Bank-2,Cell-05_0978,2.322,0.804,61.6,33.2,11.22,Sodium Isopropyl Xanthate (SIPX),40.6,Pine Oil,11.9,43.7,Lime (CaO),1757,1.42,1.88,169,147.6,122.9,30.38,98.56,24.15,0.022
2025-10-04_Shift-A_Bank-3_Cell-05_0979,04-10-2025,Shift-A,Bank-3,Cell-05_0979,1.303,0.451,68,34.6,7.8,Sodium Isopropyl Xanthate (SIPX),25.7,Pine Oil,18.9,59.9,Lime (CaO),276,1.42,1.67,228,163.3,163.8,26.57,83.5,16.45,0.124
2025-10-04_Shift-B_Bank-4_Cell-05_0980,04-10-2025,Shift-B,Bank-4,Cell-05_0980,1.48,0.512,61.4,35.9,10.76,Sodium Isopropyl Xanthate (SIPX),49.2,Pine Oil,34.6,15.8,Lime (CaO),924,0.91,1.65,123,170.4,219.9,21.68,90.45,15.41,0.061
2025-10-05_Shift-C_Bank-1_Cell-06_0981,05-10-2025,Shift-C,Bank-1,Cell-06_0981,1.186,0.411,52.3,32.3,12.3,Sodium Isopropyl Xanthate (SIPX),38.5,Pine Oil,24.8,65,Lime (CaO),3125,1.26,1.63,135,229.3,189.8,29.56,93.35,18.22,0.028
2025-10-05_Shift-A_Bank-2_Cell-06_0982,05-10-2025,Shift-A,Bank-2,Cell-06_0982,0.748,0.259,63,39.3,10.39,Sodium Isopropyl Xanthate (SIPX),17.9,Pine Oil,18.7,148.1,Lime (CaO),1839,1.22,1.59,164,94.3,231.5,12.85,83.98,26.76,0.052
2025-10-05_Shift-B_Bank-3_Cell-06_0983,05-10-2025,Shift-B,Bank-3,Cell-06_0983,0.968,0.335,70.8,41.9,11.38,Sodium Isopropyl Xanthate (SIPX),44.5,Pine Oil,36.6,39.8,Lime (CaO),936,1.48,1.55,183,47.5,93,17.59,83.56,17.69,0.1
2025-10-05_Shift-C_Bank-4_Cell-06_0984,05-10-2025,Shift-C,Bank-4,Cell-06_0984,2.791,0.967,52.8,31,10.85,Sodium Isopropyl Xanthate (SIPX),30.2,Pine Oil,24.5,30.5,Lime (CaO),2094,2.07,2.07,167,157.3,204.6,17.85,90.58,20.27,0.125
2025-10-06_Shift-A_Bank-1_Cell-07_0985,06-10-2025,Shift-A,Bank-1,Cell-07_0985,1.57,0.544,63.5,41.4,10.54,Sodium Isopropyl Xanthate (SIPX),57.7,Pine Oil,10.5,141,Lime (CaO),935,1.32,1.75,176,181.1,225.3,27.24,95.49,24.43,0.037
2025-10-06_Shift-B_Bank-2_Cell-07_0986,06-10-2025,Shift-B,Bank-2,Cell-07_0986,2.751,0.953,73,35.8,11.16,Sodium Isopropyl Xanthate (SIPX),44.8,Pine Oil,44.6,12.9,Lime (CaO),1715,1.16,0.97,189,40,164.3,6.8,70.96,17.49,0.44
2025-10-06_Shift-C_Bank-3_Cell-07_0987,06-10-2025,Shift-C,Bank-3,Cell-07_0987,1.901,0.658,47.3,45,10.42,Sodium Isopropyl Xanthate (SIPX),56.4,Pine Oil,27.5,295.1,Lime (CaO),1486,2.6,2,101,159,245.2,24.64,62.35,20.15,0.408
2025-10-07_Shift-A_Bank-4_Cell-07_0988,07-10-2025,Shift-A,Bank-4,Cell-07_0988,2.223,0.77,63.5,26.8,12.3,Sodium Isopropyl Xanthate (SIPX),42.7,Pine Oil,21.1,47.2,Lime (CaO),2448,1.27,1.88,206,179,150.9,23.05,92.26,16.81,0.081
2025-10-07_Shift-B_Bank-1_Cell-08_0989,07-10-2025,Shift-B,Bank-1,Cell-08_0989,1.096,0.38,57,29.4,10.54,Sodium Isopropyl Xanthate (SIPX),31.8,Pine Oil,32.6,189.4,Lime (CaO),1936,1.37,1.52,134,176.3,220.9,17.37,91.45,29.24,0.052
2025-10-07_Shift-C_Bank-2_Cell-08_0990,07-10-2025,Shift-C,Bank-2,Cell-08_0990,1.994,0.69,58.8,35.2,10.59,Sodium Isopropyl Xanthate (SIPX),48.1,Pine Oil,30.3,54.6,Lime (CaO),1800,1.3,1.62,148,92.6,270.3,9.35,88.94,24.84,0.098
2025-10-07_Shift-A_Bank-3_Cell-08_0991,07-10-2025,Shift-A,Bank-3,Cell-08_0991,1.256,0.435,60.6,43.1,9.88,Sodium Isopropyl Xanthate (SIPX),55.7,Pine Oil,18,31.6,Lime (CaO),852,1.48,1.68,162,150.4,179.6,30.01,95.78,17.79,0.02
2025-10-08_Shift-B_Bank-4_Cell-08_0992,08-10-2025,Shift-B,Bank-4,Cell-08_0992,2.024,0.701,77.7,29.5,11.49,Sodium Isopropyl Xanthate (SIPX),29.1,Pine Oil,26.9,89.6,Lime (CaO),2145,1.84,1.33,184,178.4,185.1,21.07,90.93,26.42,0.07
2025-10-08_Shift-C_Bank-1_Cell-09_0993,08-10-2025,Shift-C,Bank-1,Cell-09_0993,2.03,0.703,51.3,37.7,9.13,Sodium Isopropyl Xanthate (SIPX),62.5,Pine Oil,13.3,16.9,Lime (CaO),487,1.62,1.86,170,144,264.9,16.23,84.06,16.8,0.149
2025-10-08_Shift-A_Bank-2_Cell-09_0994,08-10-2025,Shift-A,Bank-2,Cell-09_0994,0.998,0.346,50.9,36.7,10.43,Sodium Isopropyl Xanthate (SIPX),65.1,Pine Oil,23.8,31.1,Lime (CaO),712,1.89,1.98,223,203.2,288.6,20.27,86.41,17.94,0.069
2025-10-08_Shift-B_Bank-3_Cell-09_0995,08-10-2025,Shift-B,Bank-3,Cell-09_0995,0.973,0.337,76.7,28,11.7,Sodium Isopropyl Xanthate (SIPX),25.8,Pine Oil,26.5,35.7,Lime (CaO),1778,1.54,1.84,192,140.2,202.8,14.16,75.95,19.94,0.112
2025-10-09_Shift-C_Bank-4_Cell-09_0996,09-10-2025,Shift-C,Bank-4,Cell-09_0996,1.659,0.575,58.1,40.3,10.44,Sodium Isopropyl Xanthate (SIPX),33.8,Pine Oil,22.7,62.4,Lime (CaO),821,1.61,1.7,176,163.6,159.9,33.41,97.48,18.67,0.029
2025-10-09_Shift-A_Bank-1_Cell-10_0997,09-10-2025,Shift-A,Bank-1,Cell-10_0997,1.836,0.636,61.8,39.4,10.08,Sodium Isopropyl Xanthate (SIPX),52.9,Pine Oil,21.7,72.7,Lime (CaO),1023,1.92,1.58,191,210,163.2,40.74,98.56,23.69,0.02
2025-10-09_Shift-B_Bank-2_Cell-10_0998,09-10-2025,Shift-B,Bank-2,Cell-10_0998,1.147,0.397,58.6,36.1,8.63,Sodium Isopropyl Xanthate (SIPX),67.1,Pine Oil,16.2,124.7,Lime (CaO),538,0.98,1.87,138,143.6,192.8,21.02,84.05,16.5,0.092
2025-10-10_Shift-C_Bank-3_Cell-10_0999,10-10-2025,Shift-C,Bank-3,Cell-10_0999,1.618,0.56,54,34.1,10.83,Sodium Isopropyl Xanthate (SIPX),76,Pine Oil,31.1,116.2,Lime (CaO),1464,2.5,2.17,248,96,96.1,26.14,80.81,28.06,0.152
2025-10-10_Shift-A_Bank-4_Cell-10_1000,10-10-2025,Shift-A,Bank-4,Cell-10_1000,2.033,0.704,60,34.2,11.03,Sodium Isopropyl Xanthate (SIPX),46.7,Pine Oil,37.4,96.5,Lime (CaO),2193,1.23,1.44,124,182.5,168.2,28.51,95.6,27.84,0.039
2025-10-10_Shift-B_Bank-1_Cell-11_1001,10-10-2025,Shift-B,Bank-1,Cell-11_1001,2.074,0.718,82.9,32.6,8.71,Sodium Isopropyl Xanthate (SIPX),79.1,Pine Oil,19,159.3,Lime (CaO),847,1.3,1.94,169,218.9,169.2,32,91.17,19.55,0.092
2025-10-10_Shift-C_Bank-2_Cell-11_1002,10-10-2025,Shift-C,Bank-2,Cell-11_1002,3.07,1.063,73.8,36.3,11.48,Sodium Isopropyl Xanthate (SIPX),40.8,Pine Oil,29,114,Lime (CaO),1538,0.94,1.46,154,211.9,201,29.97,95.52,29.34,0.065
2025-10-11_Shift-A_Bank-3_Cell-11_1003,11-10-2025,Shift-A,Bank-3,Cell-11_1003,2.736,0.947,54.8,33.2,11.13,Sodium Isopropyl Xanthate (SIPX),65.8,Pine Oil,27.9,119.8,Lime (CaO),1736,0.95,1.42,153,184.3,279.3,16.69,93.78,28.46,0.081
2025-10-11_Shift-B_Bank-4_Cell-11_1004,11-10-2025,Shift-B,Bank-4,Cell-11_1004,1.051,0.364,67.5,28.6,11.48,Sodium Isopropyl Xanthate (SIPX),29,Pine Oil,24.1,35.4,Lime (CaO),2318,1.86,1.74,148,40,192.5,4.37,62.43,18.45,0.218
2025-10-11_Shift-C_Bank-1_Cell-12_1005,11-10-2025,Shift-C,Bank-1,Cell-12_1005,3.245,1.124,54.9,27.5,10.95,Sodium Isopropyl Xanthate (SIPX),53.6,Pine Oil,10.3,167.6,Lime (CaO),2025,2.4,1.96,136,119.5,101.6,23.63,86.9,26.21,0.198
2025-10-12_Shift-A_Bank-2_Cell-12_1006,12-10-2025,Shift-A,Bank-2,Cell-12_1006,1.28,0.443,46.9,29.1,11.02,Sodium Isopropyl Xanthate (SIPX),8,Pine Oil,12.3,154.1,Lime (CaO),1094,1.21,2.25,210,121.9,148,17.69,65.23,27.36,0.247
2025-10-12_Shift-B_Bank-3_Cell-12_1007,12-10-2025,Shift-B,Bank-3,Cell-12_1007,1.646,0.57,71.9,32.9,11.23,Sodium Isopropyl Xanthate (SIPX),54.4,Pine Oil,5,150.4,Lime (CaO),1916,1.54,2.18,202,231,194.3,29.73,91.94,29.03,0.059
2025-10-12_Shift-C_Bank-4_Cell-12_1008,12-10-2025,Shift-C,Bank-4,Cell-12_1008,0.749,0.259,58,35.6,8.97,Sodium Isopropyl Xanthate (SIPX),53.7,Pine Oil,27.3,231.7,Lime (CaO),458,2.38,1.66,151,257.6,234.2,30.48,89.28,19.97,0.04
2025-10-12_Shift-A_Bank-1_Cell-01_1009,12-10-2025,Shift-A,Bank-1,Cell-01_1009,1.489,0.516,60.6,29.7,9.7,Sodium Isopropyl Xanthate (SIPX),62.3,Pine Oil,23.7,93.4,Lime (CaO),1262,2.09,2.09,185,131.6,232.8,12.48,84.71,23.59,0.107
2025-10-13_Shift-B_Bank-2_Cell-01_1010,13-10-2025,Shift-B,Bank-2,Cell-01_1010,0.831,0.288,68.4,40.6,10.28,Sodium Isopropyl Xanthate (SIPX),37,Pine Oil,5,82.5,Lime (CaO),1013,1.35,1.87,159,113.2,180,20.74,84.97,20.39,0.059
2025-10-13_Shift-C_Bank-3_Cell-01_1011,13-10-2025,Shift-C,Bank-3,Cell-01_1011,2.402,0.832,65.3,31.6,10.77,Sodium Isopropyl Xanthate (SIPX),28.6,Pine Oil,7.6,114.6,Lime (CaO),2156,1.67,2.08,123,190.6,240.6,18.85,88.92,29.34,0.139
2025-10-13_Shift-A_Bank-4_Cell-01_1012,13-10-2025,Shift-A,Bank-4,Cell-01_1012,1.145,0.396,48.2,35.5,11.46,Sodium Isopropyl Xanthate (SIPX),28.6,Pine Oil,41.7,56,Lime (CaO),1354,1.44,1.29,190,181.2,234.5,21.33,84.48,20.3,0.087
2025-10-14_Shift-B_Bank-1_Cell-02_1013,14-10-2025,Shift-B,Bank-1,Cell-02_1013,1.816,0.629,63,23.5,11.49,Sodium Isopropyl Xanthate (SIPX),44.2,Pine Oil,17.7,109.4,Lime (CaO),1478,0.99,1.65,188,113.1,177,10.58,77.67,22.48,0.199
2025-10-14_Shift-C_Bank-2_Cell-02_1014,14-10-2025,Shift-C,Bank-2,Cell-02_1014,1.18,0.409,71.2,28.9,9.57,Sodium Isopropyl Xanthate (SIPX),47.8,Pine Oil,31.8,59.4,Lime (CaO),839,1.11,1.46,174,174.1,123.4,30.03,93.9,19.33,0.037
2025-10-14_Shift-A_Bank-3_Cell-02_1015,14-10-2025,Shift-A,Bank-3,Cell-02_1015,1.229,0.426,51.8,38.1,10.63,Sodium Isopropyl Xanthate (SIPX),40.5,Pine Oil,19.7,82.4,Lime (CaO),1587,1.93,1.72,150,100.4,217.3,13.99,86.23,24.62,0.076
2025-10-14_Shift-B_Bank-4_Cell-02_1016,14-10-2025,Shift-B,Bank-4,Cell-02_1016,2.215,0.767,67.4,24,9.59,Sodium Isopropyl Xanthate (SIPX),76.1,Pine Oil,24.5,43.6,Lime (CaO),997,1.98,1.92,158,111.7,254.3,7.47,73.13,18.36,0.314
2025-10-15_Shift-C_Bank-1_Cell-03_1017,15-10-2025,Shift-C,Bank-1,Cell-03_1017,1.574,0.545,64.8,38.8,10.22,Sodium Isopropyl Xanthate (SIPX),33.1,Pine Oil,34.9,117.6,Lime (CaO),837,1.36,1.51,153,145.4,171.3,26.35,94.16,27.19,0.03
2025-10-15_Shift-A_Bank-2_Cell-03_1018,15-10-2025,Shift-A,Bank-2,Cell-03_1018,3.322,1.151,68.4,40.9,10.71,Sodium Isopropyl Xanthate (SIPX),71,Pine Oil,20.9,87.9,Lime (CaO),1005,1.56,1.71,99,110.6,261.9,14.05,89.23,22.95,0.183
2025-10-15_Shift-B_Bank-3_Cell-03_1019,15-10-2025,Shift-B,Bank-3,Cell-03_1019,1.307,0.452,69.4,31.1,7.8,Sodium Isopropyl Xanthate (SIPX),27.3,Pine Oil,17.8,148.2,Lime (CaO),259,1.95,1.83,167,200.5,113.8,41.05,92.98,15.46,0.042
2025-10-16_Shift-C_Bank-4_Cell-03_1020,16-10-2025,Shift-C,Bank-4,Cell-03_1020,2.434,0.843,56.1,34.5,12.3,Sodium Isopropyl Xanthate (SIPX),47.3,Pine Oil,36.8,176.1,Lime (CaO),2308,0.73,1.72,185,122.2,134.9,24.11,85.13,21.17,0.18
2025-10-16_Shift-A_Bank-1_Cell-04_1021,16-10-2025,Shift-A,Bank-1,Cell-04_1021,1.667,0.577,48.3,38.8,10.94,Sodium Isopropyl Xanthate (SIPX),67.3,Pine Oil,24.4,193.9,Lime (CaO),1687,1.26,1.43,168,139.4,183.3,23.61,93.05,26.37,0.058
2025-10-16_Shift-B_Bank-2_Cell-04_1022,16-10-2025,Shift-B,Bank-2,Cell-04_1022,2.235,0.774,57.5,30.6,9.83,Sodium Isopropyl Xanthate (SIPX),66.4,Pine Oil,33.8,61.2,Lime (CaO),1216,2.3,1.49,232,107.8,172.9,14.22,77.81,23.73,0.245
2025-10-16_Shift-C_Bank-3_Cell-04_1023,16-10-2025,Shift-C,Bank-3,Cell-04_1023,1.326,0.459,69.6,37.5,12.23,Sodium Isopropyl Xanthate (SIPX),38.4,Pine Oil,17.8,114.7,Lime (CaO),1765,1.58,1.76,127,199.8,159.3,37.2,93.33,19.75,0.034
2025-10-17_Shift-A_Bank-4_Cell-04_1024,17-10-2025,Shift-A,Bank-4,Cell-04_1024,1.567,0.543,57.4,29.5,10.07,Sodium Isopropyl Xanthate (SIPX),56,Pine Oil,36.7,202.1,Lime (CaO),1256,0.98,1.34,140,118,196.1,13.15,83.15,29.14,0.132
2025-10-17_Shift-B_Bank-1_Cell-05_1025,17-10-2025,Shift-B,Bank-1,Cell-05_1025,1.524,0.528,56.1,30.5,10.53,Sodium Isopropyl Xanthate (SIPX),53.6,Pine Oil,26.5,43.3,Lime (CaO),2335,1.5,1.77,170,204.8,165.7,28.16,96.1,20.79,0.02
2025-10-17_Shift-C_Bank-2_Cell-05_1026,17-10-2025,Shift-C,Bank-2,Cell-05_1026,1.126,0.39,46.5,28.8,9.94,Sodium Isopropyl Xanthate (SIPX),36.3,Pine Oil,27.9,94.8,Lime (CaO),1523,1.88,1.78,174,201.3,173.5,24.65,91.25,22.53,0.032
2025-10-18_Shift-A_Bank-3_Cell-05_1027,18-10-2025,Shift-A,Bank-3,Cell-05_1027,2.113,0.732,76.9,34.8,11.97,Sodium Isopropyl Xanthate (SIPX),57.1,Pine Oil,25.2,45.8,Lime (CaO),1968,0.4,1.63,93,128.6,202.8,17.04,66.58,19.47,0.373
2025-10-18_Shift-B_Bank-4_Cell-05_1028,18-10-2025,Shift-B,Bank-4,Cell-05_1028,2.102,0.728,69,39,10.3,Sodium Isopropyl Xanthate (SIPX),79.5,Pine Oil,19.5,260.9,Lime (CaO),1162,1.52,1.82,188,151.4,159.3,29.71,95.06,25.85,0.036
2025-10-18_Shift-C_Bank-1_Cell-06_1029,18-10-2025,Shift-C,Bank-1,Cell-06_1029,2.941,1.018,66.9,27.4,10.96,Sodium Isopropyl Xanthate (SIPX),58.1,Pine Oil,32.6,127.1,Lime (CaO),1915,1.48,1.51,161,140.7,134.5,20.84,96.17,26.6,0.054
2025-10-18_Shift-A_Bank-2_Cell-06_1030,18-10-2025,Shift-A,Bank-2,Cell-06_1030,1.367,0.473,59.9,35.1,10.35,Sodium Isopropyl Xanthate (SIPX),19.7,Pine Oil,22.2,49.5,Lime (CaO),1040,1.39,1.58,134,130,225.1,15.67,91.54,24.85,0.067
2025-10-19_Shift-B_Bank-3_Cell-06_1031,19-10-2025,Shift-B,Bank-3,Cell-06_1031,1.871,0.648,60.6,42.6,11.45,Sodium Isopropyl Xanthate (SIPX),54.3,Pine Oil,10.5,216.2,Lime (CaO),1057,1.44,1.96,148,152.2,268.6,19.94,86.88,20.3,0.119
2025-10-19_Shift-C_Bank-4_Cell-06_1032,19-10-2025,Shift-C,Bank-4,Cell-06_1032,1.231,0.426,58.4,35,12.3,Sodium Isopropyl Xanthate (SIPX),27.7,Pine Oil,8.9,70.2,Lime (CaO),1462,1.3,1.54,114,74.1,239,8.41,62.84,20.26,0.248
2025-10-19_Shift-A_Bank-1_Cell-07_1033,19-10-2025,Shift-A,Bank-1,Cell-07_1033,1.244,0.431,66.7,37,10.51,Sodium Isopropyl Xanthate (SIPX),84.9,Pine Oil,29.6,182.5,Lime (CaO),1458,0.84,1.7,232,181.2,160.5,32.87,94.36,25.61,0.033
2025-10-20_Shift-B_Bank-2_Cell-07_1034,20-10-2025,Shift-B,Bank-2,Cell-07_1034,3.16,1.094,58.1,31.8,10.56,Sodium Isopropyl Xanthate (SIPX),41.4,Pine Oil,13.6,65.2,Lime (CaO),1784,1.16,1.96,175,156.6,176.8,21.21,95.6,23.37,0.063
2025-10-20_Shift-C_Bank-3_Cell-07_1035,20-10-2025,Shift-C,Bank-3,Cell-07_1035,1.46,0.506,53.4,28,9.83,Sodium Isopropyl Xanthate (SIPX),66.7,Pine Oil,25.2,154,Lime (CaO),1373,1.55,1.72,176,131.9,85.1,31.79,94.42,25.88,0.043
2025-10-20_Shift-A_Bank-4_Cell-07_1036,20-10-2025,Shift-A,Bank-4,Cell-07_1036,2.641,0.915,74.8,40.3,10.14,Sodium Isopropyl Xanthate (SIPX),28.9,Pine Oil,23.4,33,Lime (CaO),1500,1.42,1.83,158,128,173.3,24.12,94.63,16.94,0.067
2025-10-20_Shift-B_Bank-1_Cell-08_1037,20-10-2025,Shift-B,Bank-1,Cell-08_1037,0.687,0.238,66.3,37.1,9.28,Sodium Isopropyl Xanthate (SIPX),68.5,Pine Oil,25.4,95.6,Lime (CaO),385,1.29,1.69,178,130.5,137.6,27.77,95.73,21.58,0.02
2025-10-21_Shift-C_Bank-2_Cell-08_1038,21-10-2025,Shift-C,Bank-2,Cell-08_1038,2.235,0.774,71.1,30.6,9.91,Sodium Isopropyl Xanthate (SIPX),46.8,Pine Oil,5,145.5,Lime (CaO),810,1.76,2.06,198,244.4,209.5,26.65,92.06,29.23,0.076
2025-10-21_Shift-A_Bank-3_Cell-08_1039,21-10-2025,Shift-A,Bank-3,Cell-08_1039,1.641,0.568,65.3,30.9,10.35,Sodium Isopropyl Xanthate (SIPX),17.9,Pine Oil,21.1,120,Lime (CaO),1307,1.66,1.36,140,163.2,207.3,18.19,93.96,28.2,0.04
2025-10-21_Shift-B_Bank-4_Cell-08_1040,21-10-2025,Shift-B,Bank-4,Cell-08_1040,0.917,0.317,62.1,29.3,10.91,Sodium Isopropyl Xanthate (SIPX),38.9,Pine Oil,38.8,102,Lime (CaO),2395,0.4,1.42,89,101.7,194,11.35,59.38,25.67,0.193
2025-10-21_Shift-C_Bank-1_Cell-09_1041,21-10-2025,Shift-C,Bank-1,Cell-09_1041,1.584,0.549,61.5,29.5,9.53,Sodium Isopropyl Xanthate (SIPX),73.7,Pine Oil,39.2,65,Lime (CaO),915,1.17,1.35,140,73.3,161.6,9.89,80,21.28,0.155
2025-10-22_Shift-A_Bank-2_Cell-09_1042,22-10-2025,Shift-A,Bank-2,Cell-09_1042,3.712,1.285,57.1,32.3,9.71,Sodium Isopropyl Xanthate (SIPX),35.1,Pine Oil,11.7,88.2,Lime (CaO),735,1.25,1.79,159,110.1,209.1,12.89,89.16,27.52,0.184
2025-10-22_Shift-B_Bank-3_Cell-09_1043,22-10-2025,Shift-B,Bank-3,Cell-09_1043,1.331,0.461,61.1,24.8,10.43,Sodium Isopropyl Xanthate (SIPX),30.7,Pine Oil,37.7,135.3,Lime (CaO),1106,1.79,1.43,187,104,193.3,9.53,75.88,26.32,0.151
2025-10-22_Shift-C_Bank-4_Cell-09_1044,22-10-2025,Shift-C,Bank-4,Cell-09_1044,1.356,0.469,55.3,28.5,9.98,Sodium Isopropyl Xanthate (SIPX),42.5,Pine Oil,33.1,47.3,Lime (CaO),2179,1.43,1.45,183,109.3,203.3,11.25,85.56,21.1,0.09
2025-10-23_Shift-A_Bank-1_Cell-10_1045,23-10-2025,Shift-A,Bank-1,Cell-10_1045,0.654,0.227,57.6,39.7,11.47,Sodium Isopropyl Xanthate (SIPX),53,Pine Oil,27.2,350,Lime (CaO),1367,1.87,1.76,173,181.2,135.9,42.58,92.61,23.16,0.036
2025-10-23_Shift-B_Bank-2_Cell-10_1046,23-10-2025,Shift-B,Bank-2,Cell-10_1046,1.783,0.617,71.4,33.4,9.46,Sodium Isopropyl Xanthate (SIPX),30.6,Pine Oil,25.5,171.4,Lime (CaO),1578,0.82,1.43,196,146.1,188.6,19.76,87.89,24.91,0.108
2025-10-23_Shift-C_Bank-3_Cell-10_1047,23-10-2025,Shift-C,Bank-3,Cell-10_1047,0.826,0.286,66.8,31.6,12.3,Sodium Isopropyl Xanthate (SIPX),42,Pine Oil,34.9,35.6,Lime (CaO),1556,0.64,1.3,123,135.2,237.5,13.57,67.25,16.81,0.138
2025-10-23_Shift-A_Bank-4_Cell-10_1048,23-10-2025,Shift-A,Bank-4,Cell-10_1048,1.212,0.42,59.8,29.6,10.6,Sodium Isopropyl Xanthate (SIPX),41.6,Pine Oil,34.4,30,Lime (CaO),1547,1.27,1.32,145,255.9,221.4,25.32,93.3,20.71,0.038
2025-10-24_Shift-B_Bank-1_Cell-11_1049,24-10-2025,Shift-B,Bank-1,Cell-11_1049,0.984,0.341,66.9,41.7,9.66,Sodium Isopropyl Xanthate (SIPX),46.9,Pine Oil,28.1,84.9,Lime (CaO),1196,1.01,1.7,143,208.5,221.3,32.24,92.51,16.82,0.033
2025-10-24_Shift-C_Bank-2_Cell-11_1050,24-10-2025,Shift-C,Bank-2,Cell-11_1050,1.067,0.369,56.5,32,10.79,Sodium Isopropyl Xanthate (SIPX),47.3,Pine Oil,20.9,87.5,Lime (CaO),1502,1.99,1.72,87,220.5,268.8,19.84,85.96,25.15,0.066
2025-10-24_Shift-A_Bank-3_Cell-11_1051,24-10-2025,Shift-A,Bank-3,Cell-11_1051,1.636,0.567,59.8,30.7,9.95,Sodium Isopropyl Xanthate (SIPX),48.9,Pine Oil,30.9,52.6,Lime (CaO),1465,1.62,1.65,144,65.9,174.8,8.65,85.23,21.11,0.114
2025-10-25_Shift-B_Bank-4_Cell-11_1052,25-10-2025,Shift-B,Bank-4,Cell-11_1052,0.667,0.231,70.2,38.7,9.08,Sodium Isopropyl Xanthate (SIPX),35.2,Pine Oil,31.3,26.1,Lime (CaO),1003,1.88,1.62,207,142.7,164.7,26.78,84.64,15.8,0.046
2025-10-25_Shift-C_Bank-1_Cell-12_1053,25-10-2025,Shift-C,Bank-1,Cell-12_1053,2.071,0.717,69.4,29.2,11.07,Sodium Isopropyl Xanthate (SIPX),36,Pine Oil,22.3,36.3,Lime (CaO),1965,1.27,1.42,195,119.1,173.7,14.81,92.31,21.01,0.061
2025-10-25_Shift-A_Bank-2_Cell-12_1054,25-10-2025,Shift-A,Bank-2,Cell-12_1054,2.196,0.76,53.7,29.9,11.46,Sodium Isopropyl Xanthate (SIPX),43.9,Pine Oil,20.8,137.1,Lime (CaO),1780,1.02,1.93,185,176.1,116.3,33.64,94.88,27.9,0.038
2025-10-25_Shift-B_Bank-3_Cell-12_1055,25-10-2025,Shift-B,Bank-3,Cell-12_1055,1.44,0.499,54.7,33.1,10.1,Sodium Isopropyl Xanthate (SIPX),45.2,Pine Oil,34.2,71.1,Lime (CaO),746,1.01,1.48,170,200.9,119.9,42.18,98.17,28.1,0.02
2025-10-26_Shift-C_Bank-4_Cell-12_1056,26-10-2025,Shift-C,Bank-4,Cell-12_1056,0.564,0.195,62.9,33,10.04,Sodium Isopropyl Xanthate (SIPX),38.1,Pine Oil,39,39.9,Lime (CaO),1264,1.56,1.39,220,165.7,218.6,19.05,84.81,19.61,0.035
2025-10-26_Shift-A_Bank-1_Cell-01_1057,26-10-2025,Shift-A,Bank-1,Cell-01_1057,1.053,0.365,76.7,34.3,9.49,Sodium Isopropyl Xanthate (SIPX),51.8,Pine Oil,17.3,95.3,Lime (CaO),1078,2.21,2.21,125,108.1,125.8,22.73,78.07,21.88,0.115
2025-10-26_Shift-B_Bank-2_Cell-01_1058,26-10-2025,Shift-B,Bank-2,Cell-01_1058,2.685,0.93,45.7,43.9,10.26,Sodium Isopropyl Xanthate (SIPX),13.3,Pine Oil,21.6,108.5,Lime (CaO),611,1.62,1.95,128,118.3,140.6,30.86,86.49,18.77,0.166
2025-10-27_Shift-C_Bank-3_Cell-01_1059,27-10-2025,Shift-C,Bank-3,Cell-01_1059,1.383,0.479,50.3,20.6,9.44,Sodium Isopropyl Xanthate (SIPX),41,Pine Oil,28.4,92.8,Lime (CaO),1026,1.37,1.65,166,184.6,171,15.4,80.77,17.87,0.15
2025-10-27_Shift-A_Bank-4_Cell-01_1060,27-10-2025,Shift-A,Bank-4,Cell-01_1060,0.975,0.338,56.6,34.7,12.2,Sodium Isopropyl Xanthate (SIPX),30.6,Pine Oil,19.3,82.8,Lime (CaO),1476,1.44,1.8,139,156.8,230.7,18.2,86.9,19.67,0.069
2025-10-27_Shift-B_Bank-1_Cell-02_1061,27-10-2025,Shift-B,Bank-1,Cell-02_1061,2.243,0.777,58.9,33.2,10.84,Sodium Isopropyl Xanthate (SIPX),75.3,Pine Oil,41,192.4,Lime (CaO),1386,2.3,1.53,186,156.2,192.8,20.52,88.58,32.49,0.13
2025-10-27_Shift-C_Bank-2_Cell-02_1062,27-10-2025,Shift-C,Bank-2,Cell-02_1062,1.205,0.417,58.4,33.2,10.94,Sodium Isopropyl Xanthate (SIPX),46.3,Pine Oil,27.8,37.6,Lime (CaO),1370,1.97,1.47,148,152.4,153.3,25.21,97.18,20.36,0.02
2025-10-28_Shift-A_Bank-3_Cell-02_1063,28-10-2025,Shift-A,Bank-3,Cell-02_1063,2.029,0.703,62.1,32.9,11.13,Sodium Isopropyl Xanthate (SIPX),37.3,Pine Oil,39.8,15.2,Lime (CaO),1770,1.5,1.53,132,184.4,223.5,20.61,92.82,19.18,0.067
2025-10-28_Shift-B_Bank-4_Cell-02_1064,28-10-2025,Shift-B,Bank-4,Cell-02_1064,3.46,1.198,57.5,32.7,10.01,Sodium Isopropyl Xanthate (SIPX),45.7,Pine Oil,20,67.9,Lime (CaO),1647,1.58,1.82,177,180.2,125.1,35.83,97.06,23.03,0.035
2025-10-28_Shift-C_Bank-1_Cell-03_1065,28-10-2025,Shift-C,Bank-1,Cell-03_1065,1.874,0.649,68.6,30.2,10.14,Sodium Isopropyl Xanthate (SIPX),42.9,Pine Oil,12.7,153,Lime (CaO),584,1.28,2.06,223,147.6,157.1,21.11,90.08,24.69,0.092
2025-10-29_Shift-A_Bank-2_Cell-03_1066,29-10-2025,Shift-A,Bank-2,Cell-03_1066,0.858,0.297,68.4,28.1,10.82,Sodium Isopropyl Xanthate (SIPX),29.1,Pine Oil,22.4,15.8,Lime (CaO),1794,1.1,1.63,154,145.8,155.9,19.22,94.61,17.62,0.02
2025-10-29_Shift-B_Bank-3_Cell-03_1067,29-10-2025,Shift-B,Bank-3,Cell-03_1067,2.638,0.913,69.2,45,10.72,Sodium Isopropyl Xanthate (SIPX),41,Pine Oil,10.6,98.1,Lime (CaO),1209,1.88,1.71,153,112.5,276,15.49,84.51,17.15,0.209
2025-10-29_Shift-C_Bank-4_Cell-03_1068,29-10-2025,Shift-C,Bank-4,Cell-03_1068,1.163,0.403,48.9,29.3,10.04,Sodium Isopropyl Xanthate (SIPX),8,Pine Oil,30.7,275.5,Lime (CaO),1108,1.46,1.67,220,111.9,195.7,12.38,57.72,29.09,0.262
2025-10-29_Shift-A_Bank-1_Cell-04_1069,29-10-2025,Shift-A,Bank-1,Cell-04_1069,1.264,0.438,64.5,33.5,9.14,Sodium Isopropyl Xanthate (SIPX),25.7,Pine Oil,27.8,122.9,Lime (CaO),507,1.85,1.52,202,176.1,180,25.08,90.76,22.23,0.049
2025-10-30_Shift-B_Bank-2_Cell-04_1070,30-10-2025,Shift-B,Bank-2,Cell-04_1070,1.585,0.549,67.7,25.2,10.54,Sodium Isopropyl Xanthate (SIPX),72.4,Pine Oil,21.5,31.8,Lime (CaO),1540,2.14,2.21,171,115.8,193.9,10.78,78.88,18.96,0.177
2025-10-30_Shift-C_Bank-3_Cell-04_1071,30-10-2025,Shift-C,Bank-3,Cell-04_1071,0.83,0.287,53.2,33.6,10.21,Sodium Isopropyl Xanthate (SIPX),60.9,Pine Oil,23.1,68,Lime (CaO),1654,1.67,1.88,106,189.1,230.2,21.12,90.12,25.85,0.041
2025-10-30_Shift-A_Bank-4_Cell-04_1072,30-10-2025,Shift-A,Bank-4,Cell-04_1072,1.761,0.61,62.1,28.1,8.6,Sodium Isopropyl Xanthate (SIPX),69.7,Pine Oil,30.9,125.6,Lime (CaO),929,1.6,1.47,134,147.5,157.7,19.29,91.93,17.18,0.063
2025-10-31_Shift-B_Bank-1_Cell-05_1073,31-10-2025,Shift-B,Bank-1,Cell-05_1073,1.809,0.627,77.7,38.4,11.32,Sodium Isopropyl Xanthate (SIPX),58.1,Pine Oil,25.8,106.2,Lime (CaO),2708,1.54,2,166,180.6,220.2,25.12,91.46,24.5,0.072
2025-10-31_Shift-C_Bank-2_Cell-05_1074,31-10-2025,Shift-C,Bank-2,Cell-05_1074,1.519,0.526,47.9,36,10.03,Sodium Isopropyl Xanthate (SIPX),27.3,Pine Oil,8,84,Lime (CaO),795,1.33,2.02,226,127.1,235.6,15.14,71.29,24.07,0.223
2025-10-31_Shift-A_Bank-3_Cell-05_1075,31-10-2025,Shift-A,Bank-3,Cell-05_1075,1.019,0.353,70.3,26.8,10.6,Sodium Isopropyl Xanthate (SIPX),90.9,Pine Oil,22.9,293.3,Lime (CaO),1124,1.13,1.76,174,75.5,116.5,12.6,81.82,23.31,0.101
2025-10-31_Shift-B_Bank-4_Cell-05_1076,31-10-2025,Shift-B,Bank-4,Cell-05_1076,1.792,0.621,53.5,38.3,9.63,Sodium Isopropyl Xanthate (SIPX),81.5,Pine Oil,36.9,70.7,Lime (CaO),985,1.34,1.11,80,258.8,249.7,31.61,91.58,15.91,0.066
2025-11-01_Shift-C_Bank-1_Cell-06_1077,01-11-2025,Shift-C,Bank-1,Cell-06_1077,1.902,0.659,66.2,36,10.23,Sodium Isopropyl Xanthate (SIPX),43.2,Pine Oil,13.6,70.4,Lime (CaO),1327,1.4,1.82,99,195.5,238,23.08,93.5,24.24,0.049
2025-11-01_Shift-A_Bank-2_Cell-06_1078,01-11-2025,Shift-A,Bank-2,Cell-06_1078,3.494,1.21,61.1,28.6,8.52,Sodium Isopropyl Xanthate (SIPX),70,Pine Oil,9.1,150.5,Lime (CaO),501,1.9,2.09,155,188.7,243,16.3,81.85,17.97,0.321
2025-11-01_Shift-B_Bank-3_Cell-06_1079,01-11-2025,Shift-B,Bank-3,Cell-06_1079,1.948,0.675,66.7,33.8,11.28,Sodium Isopropyl Xanthate (SIPX),76.5,Pine Oil,25.2,73.4,Lime (CaO),1140,1.15,1.67,217,178.3,123.3,37.43,93.96,20.62,0.068
2025-11-01_Shift-C_Bank-4_Cell-06_1080,01-11-2025,Shift-C,Bank-4,Cell-06_1080,4.995,1.73,72.2,33.2,10.37,Sodium Isopropyl Xanthate (SIPX),37.3,Pine Oil,10.5,98.1,Lime (CaO),1759,0.87,2.04,149,144.7,205.6,17.79,86.79,28.94,0.329
2025-11-02_Shift-A_Bank-1_Cell-07_1081,02-11-2025,Shift-A,Bank-1,Cell-07_1081,1.463,0.506,62.6,31.7,9.04,Sodium Isopropyl Xanthate (SIPX),27.4,Pine Oil,28.7,161.7,Lime (CaO),769,1.69,1.45,159,196.3,222.9,21.04,91.57,19.79,0.04
2025-11-02_Shift-B_Bank-2_Cell-07_1082,02-11-2025,Shift-B,Bank-2,Cell-07_1082,1.924,0.666,66.9,32.6,10.39,Sodium Isopropyl Xanthate (SIPX),42.5,Pine Oil,18.8,56.6,Lime (CaO),1723,0.96,1.69,223,130.9,138,23.47,95.45,22.67,0.033
2025-11-02_Shift-C_Bank-3_Cell-07_1083,02-11-2025,Shift-C,Bank-3,Cell-07_1083,1.282,0.444,68.2,30.5,10.86,Sodium Isopropyl Xanthate (SIPX),46.9,Pine Oil,31.2,107.9,Lime (CaO),1316,1.34,1.34,213,181.5,266.3,15.5,91.32,28.2,0.052
2025-11-03_Shift-A_Bank-4_Cell-07_1084,03-11-2025,Shift-A,Bank-4,Cell-07_1084,1.037,0.359,56.4,30.1,11.77,Sodium Isopropyl Xanthate (SIPX),56,Pine Oil,35.7,129.7,Lime (CaO),1371,1.92,1.78,164,108.4,168.2,14.43,82.84,24.76,0.089
2025-11-03_Shift-B_Bank-1_Cell-08_1085,03-11-2025,Shift-B,Bank-1,Cell-08_1085,4.221,1.462,53.1,34.9,11.1,Sodium Isopropyl Xanthate (SIPX),12.6,Pine Oil,33.9,135.8,Lime (CaO),949,1.1,1.58,133,139.2,191.4,19.6,87.86,29.12,0.255
2025-11-03_Shift-C_Bank-2_Cell-08_1086,03-11-2025,Shift-C,Bank-2,Cell-08_1086,1.835,0.636,57.2,28.4,11.31,Sodium Isopropyl Xanthate (SIPX),69.2,Pine Oil,22.6,265,Lime (CaO),1081,1.17,1.7,165,144.9,193.8,15.55,91.08,28.94,0.06
2025-11-03_Shift-A_Bank-3_Cell-08_1087,03-11-2025,Shift-A,Bank-3,Cell-08_1087,1.176,0.407,56.7,21.3,11.77,Sodium Isopropyl Xanthate (SIPX),39.7,Pine Oil,5,47.1,Lime (CaO),1472,0.95,2.28,217,101.4,240.9,6.23,48.51,16.85,0.329
2025-11-04_Shift-B_Bank-4_Cell-08_1088,04-11-2025,Shift-B,Bank-4,Cell-08_1088,1.439,0.498,60.7,32,11.36,Sodium Isopropyl Xanthate (SIPX),70.7,Pine Oil,35.1,235.2,Lime (CaO),1900,2.34,1.56,151,162.5,131.2,29.9,91.54,29.65,0.053
2025-11-04_Shift-C_Bank-1_Cell-09_1089,04-11-2025,Shift-C,Bank-1,Cell-09_1089,2.026,0.702,74.2,27,11.42,Sodium Isopropyl Xanthate (SIPX),44.1,Pine Oil,28.2,139.3,Lime (CaO),1683,1.54,1.54,154,173.3,243.6,13.97,89.35,22.61,0.103
2025-11-04_Shift-A_Bank-2_Cell-09_1090,04-11-2025,Shift-A,Bank-2,Cell-09_1090,0.93,0.322,73.6,33.5,11.02,Sodium Isopropyl Xanthate (SIPX),8,Pine Oil,13.3,21.6,Lime (CaO),2612,1.43,1.99,96,173.7,111.1,40,83.31,17.89,0.07
2025-11-05_Shift-B_Bank-3_Cell-09_1091,05-11-2025,Shift-B,Bank-3,Cell-09_1091,1.855,0.643,64.1,25.4,9.02,Sodium Isopropyl Xanthate (SIPX),47,Pine Oil,19.3,52.9,Lime (CaO),414,1.81,2.06,174,179.3,185.2,17.62,88.72,19.75,0.101
2025-11-05_Shift-C_Bank-4_Cell-09_1092,05-11-2025,Shift-C,Bank-4,Cell-09_1092,1.946,0.674,75.4,29.1,10.14,Sodium Isopropyl Xanthate (SIPX),27.4,Pine Oil,11.2,24.7,Lime (CaO),1319,1.21,2.11,236,109.7,222.1,10.6,63.23,18.12,0.389
2025-11-05_Shift-A_Bank-1_Cell-10_1093,05-11-2025,Shift-A,Bank-1,Cell-10_1093,1.366,0.473,61.5,37.4,11.14,Sodium Isopropyl Xanthate (SIPX),48.7,Pine Oil,13.7,93.1,Lime (CaO),1184,2.42,2.17,114,168,209.4,23.7,85.15,26.08,0.104
2025-11-05_Shift-B_Bank-2_Cell-10_1094,05-11-2025,Shift-B,Bank-2,Cell-10_1094,1.347,0.466,59.1,30.7,11.48,Sodium Isopropyl Xanthate (SIPX),21.8,Pine Oil,20.1,272.4,Lime (CaO),2281,1.55,1.52,202,193.5,156.2,28.4,93.05,30.1,0.037
2025-11-06_Shift-C_Bank-3_Cell-10_1095,06-11-2025,Shift-C,Bank-3,Cell-10_1095,1.438,0.498,54.4,43.2,11.65,Sodium Isopropyl Xanthate (SIPX),58.1,Pine Oil,13.4,107.3,Lime (CaO),2088,1.68,1.82,185,168.3,251.8,23.96,91.26,19.73,0.065
2025-11-06_Shift-A_Bank-4_Cell-10_1096,06-11-2025,Shift-A,Bank-4,Cell-10_1096,2.351,0.814,67.4,34.8,11.55,Sodium Isopropyl Xanthate (SIPX),38.7,Pine Oil,28.1,39.7,Lime (CaO),887,2.09,2.09,125,127.7,231,14.85,83.71,19.24,0.184
2025-11-06_Shift-B_Bank-1_Cell-11_1097,06-11-2025,Shift-B,Bank-1,Cell-11_1097,1.364,0.472,52.8,21.6,9.82,Sodium Isopropyl Xanthate (SIPX),45.3,Pine Oil,42.4,74.3,Lime (CaO),1304,1.52,1.53,144,152.6,225.3,10.21,69.37,16.56,0.217
2025-11-07_Shift-C_Bank-2_Cell-11_1098,07-11-2025,Shift-C,Bank-2,Cell-11_1098,2.796,0.968,75,32.1,11.66,Sodium Isopropyl Xanthate (SIPX),54.3,Pine Oil,32,105.2,Lime (CaO),882,1.3,1.8,93,192.9,125,37.42,93.35,27.82,0.076
2025-11-07_Shift-A_Bank-3_Cell-11_1099,07-11-2025,Shift-A,Bank-3,Cell-11_1099,2.7,0.935,62.5,32.3,10.84,Sodium Isopropyl Xanthate (SIPX),70.3,Pine Oil,19.3,148.5,Lime (CaO),1847,1.76,1.79,156,204.2,233.9,21.34,95.74,30.58,0.037
2025-11-07_Shift-B_Bank-4_Cell-11_1100,07-11-2025,Shift-B,Bank-4,Cell-11_1100,2.394,0.829,66.9,36.8,12.3,Sodium Isopropyl Xanthate (SIPX),57.7,Pine Oil,19.4,112.5,Lime (CaO),2789,1.6,2.13,183,126.3,210.2,17.39,91.07,20.19,0.103
2025-11-07_Shift-C_Bank-1_Cell-12_1101,07-11-2025,Shift-C,Bank-1,Cell-12_1101,0.847,0.293,46.3,24.9,10.57,Sodium Isopropyl Xanthate (SIPX),58.4,Pine Oil,37,108.2,Lime (CaO),1242,1.11,1.5,178,178.1,162.1,19.56,80.85,20.26,0.073
2025-11-08_Shift-A_Bank-2_Cell-12_1102,08-11-2025,Shift-A,Bank-2,Cell-12_1102,2.266,0.785,56.2,29.9,12.3,Sodium Isopropyl Xanthate (SIPX),56.9,Pine Oil,37.2,20.5,Lime (CaO),3684,2.02,1.75,178,163.5,244.2,14.88,79.82,19.42,0.251
2025-11-08_Shift-B_Bank-3_Cell-12_1103,08-11-2025,Shift-B,Bank-3,Cell-12_1103,0.815,0.282,45.9,42.2,10.42,Sodium Isopropyl Xanthate (SIPX),30.2,Pine Oil,28.9,97.5,Lime (CaO),597,1.42,1.54,123,189,202.1,32.5,90.67,17.83,0.039
2025-11-08_Shift-C_Bank-4_Cell-12_1104,08-11-2025,Shift-C,Bank-4,Cell-12_1104,1.584,0.548,63,37.6,9.18,Sodium Isopropyl Xanthate (SIPX),42.3,Pine Oil,22.9,42.8,Lime (CaO),999,1.25,1.59,149,174.9,230.7,22.52,94.56,18.68,0.04
2025-11-09_Shift-A_Bank-1_Cell-01_1105,09-11-2025,Shift-A,Bank-1,Cell-01_1105,1.865,0.646,42.9,21.5,11.46,Sodium Isopropyl Xanthate (SIPX),32.9,Pine Oil,14.7,83,Lime (CaO),1533,1.6,1.82,224,143.3,220.8,9.74,60.09,17.52,0.416
2025-11-09_Shift-B_Bank-2_Cell-01_1106,09-11-2025,Shift-B,Bank-2,Cell-01_1106,2.021,0.7,50.8,25.1,9.92,Sodium Isopropyl Xanthate (SIPX),26.8,Pine Oil,26.4,32.4,Lime (CaO),1411,1.73,1.49,90,190,203.5,16.79,81.48,16.19,0.171
2025-11-09_Shift-C_Bank-3_Cell-01_1107,09-11-2025,Shift-C,Bank-3,Cell-01_1107,1.724,0.597,57.4,32.3,9.79,Sodium Isopropyl Xanthate (SIPX),12.3,Pine Oil,11.9,177.4,Lime (CaO),1349,0.78,1.89,163,203.4,181.3,27.44,88.11,29.03,0.088
2025-11-09_Shift-A_Bank-4_Cell-01_1108,09-11-2025,Shift-A,Bank-4,Cell-01_1108,1.808,0.626,54.9,30.5,11.62,Sodium Isopropyl Xanthate (SIPX),21.8,Pine Oil,19.8,47.1,Lime (CaO),1550,1.61,1.74,212,123.4,281.2,10.01,78.03,17.46,0.213
2025-11-10_Shift-B_Bank-1_Cell-02_1109,10-11-2025,Shift-B,Bank-1,Cell-02_1109,2.971,1.029,65.4,26.1,11.5,Sodium Isopropyl Xanthate (SIPX),41.4,Pine Oil,16.8,39.6,Lime (CaO),2616,1.72,2.12,211,149.9,156.2,18.07,89.45,17.87,0.163
2025-11-10_Shift-C_Bank-2_Cell-02_1110,10-11-2025,Shift-C,Bank-2,Cell-02_1110,2.678,0.927,64.6,43.1,11.48,Sodium Isopropyl Xanthate (SIPX),44.8,Pine Oil,19.5,26.3,Lime (CaO),2239,0.46,1.84,190,65.1,224.3,10.39,69.63,16.41,0.428
2025-11-10_Shift-A_Bank-3_Cell-02_1111,10-11-2025,Shift-A,Bank-3,Cell-02_1111,1.4,0.485,68.4,35.5,10.35,Sodium Isopropyl Xanthate (SIPX),47.4,Pine Oil,14.9,82.9,Lime (CaO),1478,1.74,1.55,125,208.7,210.9,27.28,95.69,29.02,0.027
2025-11-11_Shift-B_Bank-4_Cell-02_1112,11-11-2025,Shift-B,Bank-4,Cell-02_1112,0.767,0.265,62,36.8,11.14,Sodium Isopropyl Xanthate (SIPX),65.6,Pine Oil,28.4,56.9,Lime (CaO),1497,1.79,1.57,119,156.4,175.7,25.71,95.4,22.86,0.02
2025-11-11_Shift-C_Bank-1_Cell-03_1113,11-11-2025,Shift-C,Bank-1,Cell-03_1113,1.014,0.351,63.2,36.2,12.28,Sodium Isopropyl Xanthate (SIPX),49.7,Pine Oil,19.1,195.8,Lime (CaO),1656,0.69,1.51,146,161.1,160.5,28.4,90.04,22.21,0.044
2025-11-11_Shift-A_Bank-2_Cell-03_1114,11-11-2025,Shift-A,Bank-2,Cell-03_1114,1.843,0.638,58.6,24.5,11.25,Sodium Isopropyl Xanthate (SIPX),20.8,Pine Oil,39.8,20,Lime (CaO),806,1.91,1.4,173,112.4,247.9,7.92,67.29,14.93,0.322
2025-11-11_Shift-B_Bank-3_Cell-03_1115,11-11-2025,Shift-B,Bank-3,Cell-03_1115,1.089,0.377,59.2,41.3,10.18,Sodium Isopropyl Xanthate (SIPX),44.4,Pine Oil,18.8,103.5,Lime (CaO),1289,1.75,1.62,181,138.7,222.7,21.01,94.81,24.12,0.02
2025-11-12_Shift-C_Bank-4_Cell-03_1116,12-11-2025,Shift-C,Bank-4,Cell-03_1116,2.976,1.031,65.6,39.7,12.02,Sodium Isopropyl Xanthate (SIPX),44.1,Pine Oil,30.5,216.6,Lime (CaO),1518,1.15,1.83,181,178.3,240.8,23.65,91.48,22.3,0.123
2025-11-12_Shift-A_Bank-1_Cell-04_1117,12-11-2025,Shift-A,Bank-1,Cell-04_1117,1.943,0.673,56.4,28.2,11.53,Sodium Isopropyl Xanthate (SIPX),52.9,Pine Oil,30.4,18.7,Lime (CaO),952,0.82,1.54,191,129.3,188.7,14.16,86,16.87,0.127
2025-11-12_Shift-B_Bank-2_Cell-04_1118,12-11-2025,Shift-B,Bank-2,Cell-04_1118,0.729,0.252,56.4,27,10.42,Sodium Isopropyl Xanthate (SIPX),21.8,Pine Oil,29.3,61.4,Lime (CaO),1624,1.08,1.52,133,151.8,170.3,17.44,86.15,21.21,0.047
2025-11-12_Shift-C_Bank-3_Cell-04_1119,12-11-2025,Shift-C,Bank-3,Cell-04_1119,3.498,1.211,51.7,34.3,10.19,Sodium Isopropyl Xanthate (SIPX),46.3,Pine Oil,35.4,147.1,Lime (CaO),1204,1.5,1.37,200,139.4,224.6,16.39,93.63,30.43,0.096
2025-11-13_Shift-A_Bank-4_Cell-04_1120,13-11-2025,Shift-A,Bank-4,Cell-04_1120,2.061,0.714,70.3,33.3,10.95,Sodium Isopropyl Xanthate (SIPX),56.3,Pine Oil,32,86.8,Lime (CaO),1434,1.73,1.4,167,204.9,167.9,31.07,94.83,29.79,0.042
2025-11-13_Shift-B_Bank-1_Cell-05_1121,13-11-2025,Shift-B,Bank-1,Cell-05_1121,1.482,0.513,62.7,30.6,11.99,Sodium Isopropyl Xanthate (SIPX),62.3,Pine Oil,35.7,118.9,Lime (CaO),1295,2.16,1.58,180,128.8,224.9,13.09,80.12,25.39,0.152
2025-11-13_Shift-C_Bank-2_Cell-05_1122,13-11-2025,Shift-C,Bank-2,Cell-05_1122,2.038,0.706,54.7,27.7,10.81,Sodium Isopropyl Xanthate (SIPX),32.2,Pine Oil,23,36.3,Lime (CaO),1401,1.35,1.72,97,180.5,217.3,16.81,87.15,19.85,0.131
2025-11-14_Shift-A_Bank-3_Cell-05_1123,14-11-2025,Shift-A,Bank-3,Cell-05_1123,0.885,0.306,68.9,26.4,10.83,Sodium Isopropyl Xanthate (SIPX),46.3,Pine Oil,16.2,71.1,Lime (CaO),1623,1.09,2.04,80,116.2,172.7,12.84,67.87,21.69,0.159
2025-11-14_Shift-B_Bank-4_Cell-05_1124,14-11-2025,Shift-B,Bank-4,Cell-05_1124,2.629,0.91,57.2,32.7,10.45,Sodium Isopropyl Xanthate (SIPX),49.3,Pine Oil,43,89.1,Lime (CaO),1326,1.06,1.4,108,189.1,274.2,17.16,86.39,26.85,0.183
2025-11-14_Shift-C_Bank-1_Cell-06_1125,14-11-2025,Shift-C,Bank-1,Cell-06_1125,1.396,0.484,50,30.6,10.09,Sodium Isopropyl Xanthate (SIPX),73.8,Pine Oil,10.3,22.9,Lime (CaO),1585,1.16,1.74,231,199.8,155.7,29.3,91.11,21.07,0.056
2025-11-14_Shift-A_Bank-2_Cell-06_1126,14-11-2025,Shift-A,Bank-2,Cell-06_1126,1.469,0.509,70.7,29.4,10.25,Sodium Isopropyl Xanthate (SIPX),19.3,Pine Oil,11.2,88.7,Lime (CaO),1666,2.38,2.4,121,202.1,125.2,35.16,80.35,24.99,0.168
2025-11-15_Shift-B_Bank-3_Cell-06_1127,15-11-2025,Shift-B,Bank-3,Cell-06_1127,1.301,0.451,57.4,41,10.53,Sodium Isopropyl Xanthate (SIPX),29.6,Pine Oil,29.1,66.2,Lime (CaO),1278,1.77,1.69,193,220.6,229.4,32.17,96.57,22.08,0.031
2025-11-15_Shift-C_Bank-4_Cell-06_1128,15-11-2025,Shift-C,Bank-4,Cell-06_1128,1.254,0.434,58.5,32.6,12.03,Sodium Isopropyl Xanthate (SIPX),96.5,Pine Oil,38.6,350,Lime (CaO),1106,1.92,1.37,141,164,91.1,44.5,92.73,23.64,0.035
2025-11-15_Shift-A_Bank-1_Cell-07_1129,15-11-2025,Shift-A,Bank-1,Cell-07_1129,2.142,0.742,62.4,39.6,10.17,Sodium Isopropyl Xanthate (SIPX),41.1,Pine Oil,25.7,84.3,Lime (CaO),1088,1.35,1.64,156,209.4,258.6,25.81,96.29,25.67,0.034
2025-11-16_Shift-B_Bank-2_Cell-07_1130,16-11-2025,Shift-B,Bank-2,Cell-07_1130,1.782,0.617,71.7,30.2,10.45,Sodium Isopropyl Xanthate (SIPX),12,Pine Oil,33,224.2,Lime (CaO),1384,1.45,1.55,163,228,194.7,26.36,90.21,30.93,0.065
2025-11-16_Shift-C_Bank-3_Cell-07_1131,16-11-2025,Shift-C,Bank-3,Cell-07_1131,2.104,0.729,62.2,34.3,9.58,Sodium Isopropyl Xanthate (SIPX),35.5,Pine Oil,6,118.3,Lime (CaO),765,1.74,2.09,227,96.1,124.4,20.39,82.89,22.68,0.18
2025-11-16_Shift-A_Bank-4_Cell-07_1132,16-11-2025,Shift-A,Bank-4,Cell-07_1132,1.594,0.552,51.8,32.7,11.08,Sodium Isopropyl Xanthate (SIPX),8,Pine Oil,19.5,77.1,Lime (CaO),1161,1.24,1.82,187,121,146.4,20.55,84.42,28.66,0.135
2025-11-16_Shift-B_Bank-1_Cell-08_1133,16-11-2025,Shift-B,Bank-1,Cell-08_1133,1.985,0.687,66.6,24.2,11.7,Sodium Isopropyl Xanthate (SIPX),50.3,Pine Oil,7.1,203.2,Lime (CaO),1991,1.33,1.86,180,78.2,114.8,11.69,72.93,22.41,0.304
2025-11-17_Shift-C_Bank-2_Cell-08_1134,17-11-2025,Shift-C,Bank-2,Cell-08_1134,1.342,0.465,57.9,40.4,11.94,Sodium Isopropyl Xanthate (SIPX),60.6,Pine Oil,31,31.8,Lime (CaO),3286,1.17,1.82,214,200.9,207.6,31.72,90.49,16.97,0.058
2025-11-17_Shift-A_Bank-3_Cell-08_1135,17-11-2025,Shift-A,Bank-3,Cell-08_1135,0.828,0.287,62,36.9,10.95,Sodium Isopropyl Xanthate (SIPX),37.5,Pine Oil,12.5,152.9,Lime (CaO),1728,1.47,1.98,206,64.6,213.1,8.79,73.48,29.39,0.118
2025-11-17_Shift-B_Bank-4_Cell-08_1136,17-11-2025,Shift-B,Bank-4,Cell-08_1136,2.717,0.941,43,29.1,10.25,Sodium Isopropyl Xanthate (SIPX),62.6,Pine Oil,28.6,9.7,Lime (CaO),832,1.1,1.61,199,97.3,176,11.87,80.49,18.85,0.288
2025-11-18_Shift-C_Bank-1_Cell-09_1137,18-11-2025,Shift-C,Bank-1,Cell-09_1137,2.842,0.984,65,32.1,10.9,Sodium Isopropyl Xanthate (SIPX),14.5,Pine Oil,33.6,82.3,Lime (CaO),2151,1.57,1.55,199,66.6,168.1,9.62,82.14,27.75,0.247
2025-11-18_Shift-A_Bank-2_Cell-09_1138,18-11-2025,Shift-A,Bank-2,Cell-09_1138,1.119,0.387,78.5,28.5,10.7,Sodium Isopropyl Xanthate (SIPX),22.2,Pine Oil,22.6,81.8,Lime (CaO),1943,1.57,1.56,159,163.1,213.4,15.99,84.19,26.24,0.107
2025-11-18_Shift-B_Bank-3_Cell-09_1139,18-11-2025,Shift-B,Bank-3,Cell-09_1139,4.081,1.413,75.4,39.4,10.46,Sodium Isopropyl Xanthate (SIPX),41.9,Pine Oil,29.1,101.2,Lime (CaO),1841,1.37,1.73,148,97.9,218.7,14.19,90.18,25.79,0.189
2025-11-18_Shift-C_Bank-4_Cell-09_1140,18-11-2025,Shift-C,Bank-4,Cell-09_1140,2.431,0.842,77.6,34.6,10.53,Sodium Isopropyl Xanthate (SIPX),32.5,Pine Oil,28.8,71.7,Lime (CaO),2067,1.1,1.53,132,68.9,242.7,7.58,73.85,25.74,0.323
2025-11-19_Shift-A_Bank-1_Cell-10_1141,19-11-2025,Shift-A,Bank-1,Cell-10_1141,2.406,0.833,53.3,34.9,10.83,Sodium Isopropyl Xanthate (SIPX),40.7,Pine Oil,22.1,148.9,Lime (CaO),1259,1.49,1.5,134,148,160.8,24.85,97.6,30.48,0.02
2025-11-19_Shift-B_Bank-2_Cell-10_1142,19-11-2025,Shift-B,Bank-2,Cell-10_1142,1.619,0.561,69.8,40.1,10.12,Sodium Isopropyl Xanthate (SIPX),23.3,Pine Oil,14.1,46.2,Lime (CaO),1131,1.24,1.68,130,150.8,188.6,25.89,91.73,18.88,0.055
2025-11-19_Shift-C_Bank-3_Cell-10_1143,19-11-2025,Shift-C,Bank-3,Cell-10_1143,1.46,0.506,55.9,39,10.17,Sodium Isopropyl Xanthate (SIPX),49.9,Pine Oil,29.1,162.7,Lime (CaO),1902,1.47,1.56,179,60.3,160.8,11.71,89.23,26.28,0.077
2025-11-20_Shift-A_Bank-4_Cell-10_1144,20-11-2025,Shift-A,Bank-4,Cell-10_1144,1.465,0.507,63.9,37,12.02,Sodium Isopropyl Xanthate (SIPX),43.3,Pine Oil,29.5,35.4,Lime (CaO),2393,1.91,1.41,156,115.7,197.5,17.06,90.07,16.91,0.055
2025-11-20_Shift-B_Bank-1_Cell-11_1145,20-11-2025,Shift-B,Bank-1,Cell-11_1145,1.727,0.598,56.3,27.8,9.2,Sodium Isopropyl Xanthate (SIPX),49.7,Pine Oil,13.5,43,Lime (CaO),669,1.42,2.16,125,134.2,170.7,15.95,82.87,17.59,0.16
2025-11-20_Shift-C_Bank-2_Cell-11_1146,20-11-2025,Shift-C,Bank-2,Cell-11_1146,1.091,0.378,69.6,36.8,9.49,Sodium Isopropyl Xanthate (SIPX),20,Pine Oil,30.2,51.9,Lime (CaO),1213,1.62,1.8,124,206.6,203.5,29.35,90.71,19.66,0.052
2025-11-20_Shift-A_Bank-3_Cell-11_1147,20-11-2025,Shift-A,Bank-3,Cell-11_1147,2.262,0.783,68.8,33.9,10.3,Sodium Isopropyl Xanthate (SIPX),54.9,Pine Oil,24,166.4,Lime (CaO),1428,1.13,1.59,156,253,190.1,34.59,96.39,30.14,0.045
2025-11-21_Shift-B_Bank-4_Cell-11_1148,21-11-2025,Shift-B,Bank-4,Cell-11_1148,2.356,0.816,64.4,25.8,11.25,Sodium Isopropyl Xanthate (SIPX),40,Pine Oil,19.7,96.4,Lime (CaO),910,1.93,1.74,136,135,213.3,11.73,85.83,22.2,0.159
2025-11-21_Shift-C_Bank-1_Cell-12_1149,21-11-2025,Shift-C,Bank-1,Cell-12_1149,2.188,0.758,59.4,25.2,10.56,Sodium Isopropyl Xanthate (SIPX),64.9,Pine Oil,17.8,99,Lime (CaO),1595,1.28,1.71,229,138.7,163.3,15.35,88.56,22.15,0.102
2025-11-21_Shift-A_Bank-2_Cell-12_1150,21-11-2025,Shift-A,Bank-2,Cell-12_1150,1.428,0.494,55.7,32.7,10.9,Sodium Isopropyl Xanthate (SIPX),33.1,Pine Oil,32,132.5,Lime (CaO),1686,1.21,1.76,107,159.3,198.8,19.93,89.1,28.9,0.072
2025-11-22_Shift-B_Bank-3_Cell-12_1151,22-11-2025,Shift-B,Bank-3,Cell-12_1151,1.083,0.375,69.4,24.4,9.74,Sodium Isopropyl Xanthate (SIPX),70.3,Pine Oil,11.2,170.9,Lime (CaO),1080,1.34,1.78,242,147.4,147.8,17.31,76.88,20.17,0.131
2025-11-22_Shift-C_Bank-4_Cell-12_1152,22-11-2025,Shift-C,Bank-4,Cell-12_1152,1.111,0.385,72,35.7,10.17,Sodium Isopropyl Xanthate (SIPX),72,Pine Oil,15.1,105,Lime (CaO),1679,1.63,1.81,176,179.3,216.2,23.1,91.55,25.04,0.046
2025-11-22_Shift-A_Bank-1_Cell-01_1153,22-11-2025,Shift-A,Bank-1,Cell-01_1153,0.805,0.279,71,35,10.38,Sodium Isopropyl Xanthate (SIPX),59.6,Pine Oil,21,121,Lime (CaO),1449,1.52,1.62,202,256.2,176.9,39.2,96.36,26.03,0.02
2025-11-22_Shift-B_Bank-2_Cell-01_1154,22-11-2025,Shift-B,Bank-2,Cell-01_1154,1.767,0.612,55.6,42.9,8.89,Sodium Isopropyl Xanthate (SIPX),28.3,Pine Oil,38.5,238.5,Lime (CaO),687,1.43,1.4,198,67.8,199.4,12.09,65.07,19.86,0.329
2025-11-23_Shift-C_Bank-3_Cell-01_1155,23-11-2025,Shift-C,Bank-3,Cell-01_1155,1.545,0.535,40,37.4,9.3,Sodium Isopropyl Xanthate (SIPX),8,Pine Oil,33.5,155.9,Lime (CaO),1194,1.15,1.65,188,125.7,200.1,18.56,62,21.7,0.316
2025-11-23_Shift-A_Bank-4_Cell-01_1156,23-11-2025,Shift-A,Bank-4,Cell-01_1156,0.5,0.173,74.1,37.3,11.13,Sodium Isopropyl Xanthate (SIPX),48,Pine Oil,36.2,76.6,Lime (CaO),2020,1.26,1.17,124,124.9,207.6,17.69,82.57,23.38,0.049
2025-11-23_Shift-B_Bank-1_Cell-02_1157,23-11-2025,Shift-B,Bank-1,Cell-02_1157,0.948,0.328,58.6,25.7,10.63,Sodium Isopropyl Xanthate (SIPX),32.6,Pine Oil,36.1,182.9,Lime (CaO),1493,1.64,1.65,159,187.9,193.4,17.98,87.55,27.71,0.054
2025-11-23_Shift-C_Bank-2_Cell-02_1158,23-11-2025,Shift-C,Bank-2,Cell-02_1158,2.562,0.887,55.6,28,10.98,Sodium Isopropyl Xanthate (SIPX),67.1,Pine Oil,13.4,103.6,Lime (CaO),1737,1.73,2.04,133,180.3,158.2,23.35,95.1,24.19,0.055
2025-11-24_Shift-A_Bank-3_Cell-02_1159,24-11-2025,Shift-A,Bank-3,Cell-02_1159,1.862,0.645,72.8,21.8,8.99,Sodium Isopropyl Xanthate (SIPX),38.4,Pine Oil,23.4,68.1,Lime (CaO),732,1.45,1.93,140,241.8,177.6,20.69,82.63,15.12,0.172
2025-11-24_Shift-B_Bank-4_Cell-02_1160,24-11-2025,Shift-B,Bank-4,Cell-02_1160,0.892,0.309,62.2,32.8,11.03,Sodium Isopropyl Xanthate (SIPX),55.4,Pine Oil,34.1,178.4,Lime (CaO),2658,1.61,1.22,236,166,119.8,34.55,95.28,33.16,0.027
2025-11-24_Shift-C_Bank-1_Cell-03_1161,24-11-2025,Shift-C,Bank-1,Cell-03_1161,2.928,1.014,59.5,27.7,7.8,Sodium Isopropyl Xanthate (SIPX),26,Pine Oil,38.3,45.1,Lime (CaO),137,1.38,1.49,158,66.2,181,7.39,64.15,16.55,0.572
2025-11-25_Shift-A_Bank-2_Cell-03_1162,25-11-2025,Shift-A,Bank-2,Cell-03_1162,1.506,0.522,60.9,33.5,11.56,Sodium Isopropyl Xanthate (SIPX),44,Pine Oil,16.2,60.5,Lime (CaO),2436,0.72,1.8,240,116.4,198.8,15.01,75.92,22.98,0.209
2025-11-25_Shift-B_Bank-3_Cell-03_1163,25-11-2025,Shift-B,Bank-3,Cell-03_1163,4.25,1.472,75.6,35.2,11.2,Sodium Isopropyl Xanthate (SIPX),49.8,Pine Oil,5,176.6,Lime (CaO),1089,1.29,1.66,260,82.1,184.6,12.15,66.47,28.39,0.779
2025-11-25_Shift-C_Bank-4_Cell-03_1164,25-11-2025,Shift-C,Bank-4,Cell-03_1164,1.407,0.487,68.2,40.3,11.4,Sodium Isopropyl Xanthate (SIPX),66.4,Pine Oil,20.2,82.5,Lime (CaO),1612,1.21,1.84,255,40,187.4,6.96,64.41,21.88,0.275
2025-11-25_Shift-A_Bank-1_Cell-04_1165,25-11-2025,Shift-A,Bank-1,Cell-04_1165,1.982,0.686,68.4,31.7,11.06,Sodium Isopropyl Xanthate (SIPX),26.1,Pine Oil,32.6,21.2,Lime (CaO),1162,1.15,1.66,176,151.7,283.6,12.79,86.15,19.23,0.133
2025-11-26_Shift-B_Bank-2_Cell-04_1166,26-11-2025,Shift-B,Bank-2,Cell-04_1166,1.531,0.53,59.5,26,8.68,Sodium Isopropyl Xanthate (SIPX),59.7,Pine Oil,11.8,11.6,Lime (CaO),805,2.1,1.96,165,131.9,188.5,13.12,73.15,18.93,0.23
2025-11-26_Shift-C_Bank-3_Cell-04_1167,26-11-2025,Shift-C,Bank-3,Cell-04_1167,2.963,1.026,43.9,36.1,10.2,Sodium Isopropyl Xanthate (SIPX),40.1,Pine Oil,28.6,65,Lime (CaO),1966,1.37,1.39,194,54.2,195.9,7.79,77.33,21.92,0.353
2025-11-26_Shift-A_Bank-4_Cell-04_1168,26-11-2025,Shift-A,Bank-4,Cell-04_1168,1.525,0.528,53.3,45,10.52,Sodium Isopropyl Xanthate (SIPX),52.1,Pine Oil,9,47.7,Lime (CaO),1461,0.96,1.97,147,183.3,110.6,62.95,94.04,15.19,0.043
2025-11-27_Shift-B_Bank-1_Cell-05_1169,27-11-2025,Shift-B,Bank-1,Cell-05_1169,4.203,1.456,66.5,29.8,9.53,Sodium Isopropyl Xanthate (SIPX),72.5,Pine Oil,5.4,92.2,Lime (CaO),985,1.13,2.14,113,136.4,141.4,21.31,87,21.4,0.272
2025-11-27_Shift-C_Bank-2_Cell-05_1170,27-11-2025,Shift-C,Bank-2,Cell-05_1170,1.662,0.576,63,31.6,11.14,Sodium Isopropyl Xanthate (SIPX),35.6,Pine Oil,33.3,106.5,Lime (CaO),1925,1.37,1.32,179,77,165.9,11.04,90.32,26.87,0.061
2025-11-27_Shift-A_Bank-3_Cell-05_1171,27-11-2025,Shift-A,Bank-3,Cell-05_1171,3.387,1.173,63.6,30,9.02,Sodium Isopropyl Xanthate (SIPX),34.4,Pine Oil,22.4,78.4,Lime (CaO),560,1.04,1.81,139,151.4,235.7,14.33,86.67,18.39,0.232
2025-11-27_Shift-B_Bank-4_Cell-05_1172,27-11-2025,Shift-B,Bank-4,Cell-05_1172,1.859,0.644,78.6,34.1,11.58,Sodium Isopropyl Xanthate (SIPX),45.1,Pine Oil,12.4,79.9,Lime (CaO),1894,1.69,1.85,143,177.9,126.3,36.91,95.59,24.24,0.035
2025-11-28_Shift-C_Bank-1_Cell-06_1173,28-11-2025,Shift-C,Bank-1,Cell-06_1173,2.398,0.83,51.2,35,10.01,Sodium Isopropyl Xanthate (SIPX),52.3,Pine Oil,22.1,64.4,Lime (CaO),1120,2.02,1.77,160,140.4,150.6,25.24,94.26,23.85,0.07
2025-11-28_Shift-A_Bank-2_Cell-06_1174,28-11-2025,Shift-A,Bank-2,Cell-06_1174,1.18,0.409,61.8,32.7,9.07,Sodium Isopropyl Xanthate (SIPX),43.2,Pine Oil,27.3,139.2,Lime (CaO),458,1.8,1.78,151,155.6,197.6,19.58,92.1,21.4,0.044
2025-11-28_Shift-B_Bank-3_Cell-06_1175,28-11-2025,Shift-B,Bank-3,Cell-06_1175,2.423,0.839,62.2,38.1,12.21,Sodium Isopropyl Xanthate (SIPX),48.2,Pine Oil,41,62.4,Lime (CaO),1970,1.35,1.46,209,152.6,144.7,31.95,93.9,19.29,0.058
2025-11-29_Shift-C_Bank-4_Cell-06_1176,29-11-2025,Shift-C,Bank-4,Cell-06_1176,1.627,0.564,48.4,35.8,11.56,Sodium Isopropyl Xanthate (SIPX),54,Pine Oil,33,101.5,Lime (CaO),2094,1.65,1.49,173,185.3,116.5,44.38,96.14,27.09,0.039
2025-11-29_Shift-A_Bank-1_Cell-07_1177,29-11-2025,Shift-A,Bank-1,Cell-07_1177,0.762,0.264,61.7,28.8,11.85,Sodium Isopropyl Xanthate (SIPX),60.2,Pine Oil,13.8,226,Lime (CaO),1532,1.83,1.73,178,180.5,137.3,27.82,92.16,24.68,0.029
2025-11-29_Shift-B_Bank-2_Cell-07_1178,29-11-2025,Shift-B,Bank-2,Cell-07_1178,1.675,0.58,70.7,34.5,10.82,Sodium Isopropyl Xanthate (SIPX),49.5,Pine Oil,26.9,53.6,Lime (CaO),1230,2.56,1.59,197,172.3,170.2,26.98,90.72,24.08,0.07
2025-11-29_Shift-C_Bank-3_Cell-07_1179,29-11-2025,Shift-C,Bank-3,Cell-07_1179,2.566,0.889,61.5,29.1,10.57,Sodium Isopropyl Xanthate (SIPX),52.8,Pine Oil,12,46.3,Lime (CaO),1109,1.49,2.04,203,115.9,208.1,11.96,88.48,23.25,0.145
2025-11-30_Shift-A_Bank-4_Cell-07_1180,30-11-2025,Shift-A,Bank-4,Cell-07_1180,0.619,0.214,57,37.6,10.35,Sodium Isopropyl Xanthate (SIPX),34.6,Pine Oil,13.5,129.2,Lime (CaO),1595,1.52,1.67,107,182.6,254.7,21.34,88.84,27.05,0.031
2025-11-30_Shift-B_Bank-1_Cell-08_1181,30-11-2025,Shift-B,Bank-1,Cell-08_1181,1.477,0.511,63,29.5,11.64,Sodium Isopropyl Xanthate (SIPX),68,Pine Oil,13.9,99.2,Lime (CaO),2078,1.07,1.96,145,216.1,232.5,20.27,90.85,23.41,0.07
2025-11-30_Shift-C_Bank-2_Cell-08_1182,30-11-2025,Shift-C,Bank-2,Cell-08_1182,1.494,0.517,64.7,35.7,10.4,Sodium Isopropyl Xanthate (SIPX),57.4,Pine Oil,38.8,350,Lime (CaO),1063,1.48,1.46,218,63,198.5,8.82,67.28,30.24,0.249
2025-12-01_Shift-A_Bank-3_Cell-08_1183,01-12-2025,Shift-A,Bank-3,Cell-08_1183,3.859,1.336,55.3,34.3,10.02,Sodium Isopropyl Xanthate (SIPX),27.6,Pine Oil,24.5,55.9,Lime (CaO),1616,0.72,1.51,173,228.7,100.1,60.42,97.33,20.86,0.045
2025-12-01_Shift-B_Bank-4_Cell-08_1184,01-12-2025,Shift-B,Bank-4,Cell-08_1184,0.868,0.3,60.9,30.3,9.86,Sodium Isopropyl Xanthate (SIPX),49.3,Pine Oil,25.9,199.1,Lime (CaO),1394,1.23,1.75,136,205.9,158.2,29.41,95.49,26.8,0.023
2025-12-01_Shift-C_Bank-1_Cell-09_1185,01-12-2025,Shift-C,Bank-1,Cell-09_1185,1.358,0.47,56.8,36.9,9.87,Sodium Isopropyl Xanthate (SIPX),8,Pine Oil,5.9,47.4,Lime (CaO),966,1.4,2.35,110,159.6,164.8,28.15,73.41,20.76,0.193
2025-12-01_Shift-A_Bank-2_Cell-09_1186,01-12-2025,Shift-A,Bank-2,Cell-09_1186,3.275,1.134,81.5,35,9.07,Sodium Isopropyl Xanthate (SIPX),35.7,Pine Oil,18.6,136.2,Lime (CaO),1198,1.85,2.08,139,138.4,155.7,24.12,84.44,22.83,0.237
2025-12-02_Shift-B_Bank-3_Cell-09_1187,02-12-2025,Shift-B,Bank-3,Cell-09_1187,1.679,0.581,60.3,35.2,10.2,Sodium Isopropyl Xanthate (SIPX),48.1,Pine Oil,5,118.1,Lime (CaO),1490,2.32,2.28,203,141.5,113,34.23,86.24,26.26,0.122
2025-12-02_Shift-C_Bank-4_Cell-09_1188,02-12-2025,Shift-C,Bank-4,Cell-09_1188,1.838,0.636,64.2,34.2,11.07,Sodium Isopropyl Xanthate (SIPX),8,Pine Oil,25.9,92.1,Lime (CaO),1647,1.51,1.6,125,79.2,227,9.17,77.71,27.2,0.206
2025-12-02_Shift-A_Bank-1_Cell-10_1189,02-12-2025,Shift-A,Bank-1,Cell-10_1189,2.218,0.768,50.8,33.3,8.05,Sodium Isopropyl Xanthate (SIPX),38.9,Pine Oil,27.3,79.7,Lime (CaO),459,1.55,1.65,194,66.4,190.7,8.85,69.91,15.38,0.367
2025-12-03_Shift-B_Bank-2_Cell-10_1190,03-12-2025,Shift-B,Bank-2,Cell-10_1190,1.139,0.394,58.2,29.7,10.94,Sodium Isopropyl Xanthate (SIPX),52.1,Pine Oil,35.6,16.9,Lime (CaO),1744,0.77,1.2,190,262,206.5,27.91,92.21,14.42,0.031
2025-12-03_Shift-C_Bank-3_Cell-10_1191,03-12-2025,Shift-C,Bank-3,Cell-10_1191,2.314,0.801,63.8,41.8,10.25,Sodium Isopropyl Xanthate (SIPX),54.4,Pine Oil,18.1,160,Lime (CaO),1151,1.19,1.65,120,153,224.3,23.41,92.14,20.9,0.087
2025-12-03_Shift-A_Bank-4_Cell-10_1192,03-12-2025,Shift-A,Bank-4,Cell-10_1192,0.899,0.311,75.5,27.5,9.94,Sodium Isopropyl Xanthate (SIPX),63.3,Pine Oil,5,30.3,Lime (CaO),564,1.89,1.94,162,159.8,154.7,20.73,80.52,19.55,0.088
2025-12-03_Shift-B_Bank-1_Cell-11_1193,03-12-2025,Shift-B,Bank-1,Cell-11_1193,1.725,0.597,73.8,31.3,9.93,Sodium Isopropyl Xanthate (SIPX),43,Pine Oil,14.1,109.2,Lime (CaO),970,1.5,1.87,171,110.3,183.5,14.15,87.75,27.44,0.11
2025-12-04_Shift-C_Bank-2_Cell-11_1194,04-12-2025,Shift-C,Bank-2,Cell-11_1194,1.235,0.428,67.4,42.1,8.38,Sodium Isopropyl Xanthate (SIPX),22,Pine Oil,30.6,35.4,Lime (CaO),546,1.55,1.4,100,135.3,259.6,18.08,71.12,16.27,0.197
2025-12-04_Shift-A_Bank-3_Cell-11_1195,04-12-2025,Shift-A,Bank-3,Cell-11_1195,1.585,0.549,75.8,28.3,11.28,Sodium Isopropyl Xanthate (SIPX),42.3,Pine Oil,5,79.6,Lime (CaO),1935,0.84,2.18,170,154.4,148.9,21.52,75.86,22.01,0.214
2025-12-04_Shift-B_Bank-4_Cell-11_1196,04-12-2025,Shift-B,Bank-4,Cell-11_1196,1.232,0.427,61.5,29.2,10.63,Sodium Isopropyl Xanthate (SIPX),23.3,Pine Oil,20,148.3,Lime (CaO),1402,1.41,1.56,189,140.6,256.2,11.82,88.38,28.81,0.07
2025-12-04_Shift-C_Bank-1_Cell-12_1197,04-12-2025,Shift-C,Bank-1,Cell-12_1197,1.02,0.353,82.3,28,10.1,Sodium Isopropyl Xanthate (SIPX),12.7,Pine Oil,36.8,64.5,Lime (CaO),1660,2.04,1.45,225,113.9,148.4,15.69,56.29,22.29,0.243
2025-12-05_Shift-A_Bank-2_Cell-12_1198,05-12-2025,Shift-A,Bank-2,Cell-12_1198,1.006,0.348,55.5,25.9,9,Sodium Isopropyl Xanthate (SIPX),73.2,Pine Oil,32.1,41.7,Lime (CaO),841,1.4,1.63,144,159,146.2,20.24,86.76,17.17,0.067
2025-12-05_Shift-B_Bank-3_Cell-12_1199,05-12-2025,Shift-B,Bank-3,Cell-12_1199,2.158,0.747,69,34.3,10.59,Sodium Isopropyl Xanthate (SIPX),36.8,Pine Oil,36.9,100.5,Lime (CaO),1207,1.04,1.25,169,141.8,222.9,16.77,94.3,28.11,0.056
2025-12-05_Shift-C_Bank-4_Cell-12_1200,05-12-2025,Shift-C,Bank-4,Cell-12_1200,0.974,0.337,59.2,30.4,9.09,Sodium Isopropyl Xanthate (SIPX),13.8,Pine Oil,24.9,24.8,Lime (CaO),774,2.23,1.86,188,141.9,188.1,17.1,72.01,19.91,0.141
2025-12-06_Shift-A_Bank-1_Cell-01_1201,06-12-2025,Shift-A,Bank-1,Cell-01_1201,1.818,0.63,57.2,39.5,8.99,Sodium Isopropyl Xanthate (SIPX),50.1,Pine Oil,32.4,95.2,Lime (CaO),550,0.86,1.29,187,156.9,258.2,19.3,86.31,18.82,0.106
2025-12-06_Shift-B_Bank-2_Cell-01_1202,06-12-2025,Shift-B,Bank-2,Cell-01_1202,1.688,0.585,44.1,22.7,11.11,Sodium Isopropyl Xanthate (SIPX),27.9,Pine Oil,7.5,218.9,Lime (CaO),1078,2.11,2.16,166,176.5,230.7,12.22,53.63,21.64,0.452
2025-12-06_Shift-C_Bank-3_Cell-01_1203,06-12-2025,Shift-C,Bank-3,Cell-01_1203,1.589,0.55,79,31.6,9.53,Sodium Isopropyl Xanthate (SIPX),42.6,Pine Oil,17.3,54.5,Lime (CaO),1132,1.88,1.93,175,115.5,131.9,20.83,87.5,19.65,0.088
2025-12-06_Shift-A_Bank-4_Cell-01_1204,06-12-2025,Shift-A,Bank-4,Cell-01_1204,2.218,0.768,66.7,31.2,10.24,Sodium Isopropyl Xanthate (SIPX),58.7,Pine Oil,13.1,182.8,Lime (CaO),1020,1.54,1.86,213,129.3,186,16.26,91.03,32.48,0.101
2025-12-07_Shift-B_Bank-1_Cell-02_1205,07-12-2025,Shift-B,Bank-1,Cell-02_1205,1.07,0.37,73.2,38.5,10.25,Sodium Isopropyl Xanthate (SIPX),18.8,Pine Oil,22.5,25.3,Lime (CaO),1450,1.42,1.67,180,131.1,252.1,15.96,85.29,19.46,0.082
2025-12-07_Shift-C_Bank-2_Cell-02_1206,07-12-2025,Shift-C,Bank-2,Cell-02_1206,1.917,0.664,67.2,34.4,11.76,Sodium Isopropyl Xanthate (SIPX),8,Pine Oil,39.5,157.6,Lime (CaO),2571,2.6,1.72,129,144.3,96.2,39.79,76.24,26.55,0.237
2025-12-07_Shift-A_Bank-3_Cell-02_1207,07-12-2025,Shift-A,Bank-3,Cell-02_1207,1.137,0.394,52.1,34.9,8.98,Sodium Isopropyl Xanthate (SIPX),53,Pine Oil,38,19.4,Lime (CaO),905,0.87,1.61,212,207.6,165.2,33.88,85.66,15.11,0.084
2025-12-08_Shift-B_Bank-4_Cell-02_1208,08-12-2025,Shift-B,Bank-4,Cell-02_1208,2.072,0.718,79.1,38.7,10.39,Sodium Isopropyl Xanthate (SIPX),40.6,Pine Oil,27.8,151.3,Lime (CaO),1376,0.79,1.53,153,185,188.2,30.35,91.2,26.78,0.091
2025-12-08_Shift-C_Bank-1_Cell-03_1209,08-12-2025,Shift-C,Bank-1,Cell-03_1209,1.124,0.389,47.7,32.5,10.69,Sodium Isopropyl Xanthate (SIPX),55.8,Pine Oil,26.9,36.5,Lime (CaO),1471,1.91,1.95,189,198.2,229.6,21.28,87.12,19.6,0.06
2025-12-08_Shift-A_Bank-2_Cell-03_1210,08-12-2025,Shift-A,Bank-2,Cell-03_1210,1.112,0.385,68.9,29.5,11.15,Sodium Isopropyl Xanthate (SIPX),41.8,Pine Oil,19.7,117.3,Lime (CaO),1011,1.89,2.05,168,232.1,260.6,19.46,92.55,26.35,0.038
2025-12-08_Shift-B_Bank-3_Cell-03_1211,08-12-2025,Shift-B,Bank-3,Cell-03_1211,1.318,0.456,63.4,35.3,10.57,Sodium Isopropyl Xanthate (SIPX),58.9,Pine Oil,26.4,77.7,Lime (CaO),2332,1.55,1.75,193,119.3,158.9,20.54,94.47,24.46,0.045
2025-12-09_Shift-C_Bank-4_Cell-03_1212,09-12-2025,Shift-C,Bank-4,Cell-03_1212,1.337,0.463,62.3,33,9.55,Sodium Isopropyl Xanthate (SIPX),83,Pine Oil,23.1,117.9,Lime (CaO),749,1.83,2,139,190.1,194.4,24.53,93.48,24.42,0.036
2025-12-09_Shift-A_Bank-1_Cell-04_1213,09-12-2025,Shift-A,Bank-1,Cell-04_1213,1.374,0.476,66.7,34.2,10.54,Sodium Isopropyl Xanthate (SIPX),52.5,Pine Oil,30,66.9,Lime (CaO),1521,1.84,1.58,123,171.8,171.7,26.31,94.37,27.22,0.027
2025-12-09_Shift-B_Bank-2_Cell-04_1214,09-12-2025,Shift-B,Bank-2,Cell-04_1214,1.958,0.678,53.6,33.8,8.78,Sodium Isopropyl Xanthate (SIPX),78.6,Pine Oil,13.3,168.5,Lime (CaO),508,1.42,2.01,175,65.2,217.3,7.78,70.73,19.22,0.296
2025-12-10_Shift-C_Bank-3_Cell-04_1215,10-12-2025,Shift-C,Bank-3,Cell-04_1215,1.893,0.655,75.4,43.5,11.52,Sodium Isopropyl Xanthate (SIPX),64,Pine Oil,20.4,37.1,Lime (CaO),1328,1.44,1.94,199,186.1,178.3,37.78,93.53,16.03,0.056
2025-12-10_Shift-A_Bank-4_Cell-04_1216,10-12-2025,Shift-A,Bank-4,Cell-04_1216,1.365,0.473,61.5,27.7,11.11,Sodium Isopropyl Xanthate (SIPX),40.2,Pine Oil,26.3,258.1,Lime (CaO),2415,1.74,1.64,200,176.3,116.9,30.52,95.54,30.54,0.02
2025-12-10_Shift-B_Bank-1_Cell-05_1217,10-12-2025,Shift-B,Bank-1,Cell-05_1217,2.181,0.755,49.9,38.5,10.93,Sodium Isopropyl Xanthate (SIPX),77.4,Pine Oil,23.9,63.4,Lime (CaO),922,1.98,1.8,80,215.6,215.6,30.67,90.16,22.52,0.103
2025-12-10_Shift-C_Bank-2_Cell-05_1218,10-12-2025,Shift-C,Bank-2,Cell-05_1218,0.872,0.302,62.7,37.1,9.77,Sodium Isopropyl Xanthate (SIPX),33.4,Pine Oil,19.3,64.5,Lime (CaO),1200,0.77,1.78,218,193.7,234.1,24.15,85.81,20.66,0.059
2025-12-11_Shift-A_Bank-3_Cell-05_1219,11-12-2025,Shift-A,Bank-3,Cell-05_1219,2.272,0.787,63.6,34.3,12.15,Sodium Isopropyl Xanthate (SIPX),40.8,Pine Oil,16.5,138.2,Lime (CaO),2248,1.91,2,117,90.7,240.6,9.94,75.01,23.93,0.298
2025-12-11_Shift-B_Bank-4_Cell-05_1220,11-12-2025,Shift-B,Bank-4,Cell-05_1220,2.958,1.024,42.1,32.8,9.89,Sodium Isopropyl Xanthate (SIPX),60.1,Pine Oil,26.8,149.9,Lime (CaO),1078,2.03,1.78,163,193.5,146.4,32.94,93.82,28.17,0.079
2025-12-11_Shift-C_Bank-1_Cell-06_1221,11-12-2025,Shift-C,Bank-1,Cell-06_1221,1.084,0.375,71.2,34.9,9.42,Sodium Isopropyl Xanthate (SIPX),42.2,Pine Oil,21.3,26,Lime (CaO),1178,1.38,1.65,138,105.9,175.6,16.29,88.54,16.81,0.074
2025-12-12_Shift-A_Bank-2_Cell-06_1222,12-12-2025,Shift-A,Bank-2,Cell-06_1222,0.897,0.311,54.9,29.5,8.91,Sodium Isopropyl Xanthate (SIPX),49.1,Pine Oil,7.4,86.1,Lime (CaO),289,1.04,1.81,145,212,207.4,22.34,80.25,17.08,0.082
2025-12-12_Shift-B_Bank-3_Cell-06_1223,12-12-2025,Shift-B,Bank-3,Cell-06_1223,2.089,0.723,63.2,33.3,9.55,Sodium Isopropyl Xanthate (SIPX),62.1,Pine Oil,20.6,76.7,Lime (CaO),1123,0.99,1.84,157,201.2,206.4,24.75,96.43,21.58,0.021
2025-12-12_Shift-C_Bank-4_Cell-06_1224,12-12-2025,Shift-C,Bank-4,Cell-06_1224,1.709,0.592,56.1,34.2,10.18,Sodium Isopropyl Xanthate (SIPX),69.2,Pine Oil,7,91.2,Lime (CaO),896,1.27,1.95,152,205,232.9,23.19,97.19,27.59,0.02
2025-12-12_Shift-A_Bank-1_Cell-07_1225,12-12-2025,Shift-A,Bank-1,Cell-07_1225,2.418,0.837,47,31.6,10.47,Sodium Isopropyl Xanthate (SIPX),39.6,Pine Oil,20.3,59.9,Lime (CaO),1197,1.22,1.85,182,143.7,136,25.17,96.44,25.69,0.038
2025-12-13_Shift-B_Bank-2_Cell-07_1226,13-12-2025,Shift-B,Bank-2,Cell-07_1226,1.322,0.458,63.1,38.1,10.93,Sodium Isopropyl Xanthate (SIPX),40.4,Pine Oil,33.3,98,Lime (CaO),851,1.85,1.47,178,177.7,237.6,22.62,96.38,24.25,0.025
2025-12-13_Shift-C_Bank-3_Cell-07_1227,13-12-2025,Shift-C,Bank-3,Cell-07_1227,1.362,0.472,50.3,33.4,10.65,Sodium Isopropyl Xanthate (SIPX),22.1,Pine Oil,13.8,163.8,Lime (CaO),1384,1.01,1.61,149,140.3,212.4,16.88,83.79,31.02,0.107
2025-12-13_Shift-A_Bank-4_Cell-07_1228,13-12-2025,Shift-A,Bank-4,Cell-07_1228,1.005,0.348,51.4,32.4,10.29,Sodium Isopropyl Xanthate (SIPX),37.8,Pine Oil,31.4,40.6,Lime (CaO),2064,0.76,1.71,149,181.7,192.5,23.19,89.13,19.91,0.061
2025-12-14_Shift-B_Bank-1_Cell-08_1229,14-12-2025,Shift-B,Bank-1,Cell-08_1229,1.662,0.576,63.2,31.4,8.68,Sodium Isopropyl Xanthate (SIPX),48.6,Pine Oil,5,23.1,Lime (CaO),229,1.48,2.05,175,55.2,215.8,6.04,60.02,16.17,0.368
2025-12-14_Shift-C_Bank-2_Cell-08_1230,14-12-2025,Shift-C,Bank-2,Cell-08_1230,0.959,0.332,64.2,34.7,10.07,Sodium Isopropyl Xanthate (SIPX),32.1,Pine Oil,13.5,69.5,Lime (CaO),1039,2.47,2.37,101,124.6,183.9,18.13,68.72,22.7,0.168
2025-12-14_Shift-A_Bank-3_Cell-08_1231,14-12-2025,Shift-A,Bank-3,Cell-08_1231,1.662,0.576,71.6,34.3,10.63,Sodium Isopropyl Xanthate (SIPX),46.4,Pine Oil,21.1,138,Lime (CaO),1762,1.33,1.49,80,184.2,201.2,24.19,93.09,30.37,0.056
2025-12-14_Shift-B_Bank-4_Cell-08_1232,14-12-2025,Shift-B,Bank-4,Cell-08_1232,3.519,1.219,57.5,32.7,9.4,Sodium Isopropyl Xanthate (SIPX),62.1,Pine Oil,37.4,106.1,Lime (CaO),833,1.58,1.29,189,221.2,187.2,29.33,95.83,24.73,0.071
2025-12-15_Shift-C_Bank-1_Cell-09_1233,15-12-2025,Shift-C,Bank-1,Cell-09_1233,0.765,0.265,66.3,34.3,10.3,Sodium Isopropyl Xanthate (SIPX),37.3,Pine Oil,5.6,87.6,Lime (CaO),1591,1.54,1.94,80,197.1,166.5,31.32,86.38,29.4,0.05
2025-12-15_Shift-A_Bank-2_Cell-09_1234,15-12-2025,Shift-A,Bank-2,Cell-09_1234,0.864,0.299,50.8,34.3,10.33,Sodium Isopropyl Xanthate (SIPX),68.1,Pine Oil,28,95.6,Lime (CaO),1020,1.55,1.47,149,73.8,284.2,6.87,79,28.14,0.087
2025-12-15_Shift-B_Bank-3_Cell-09_1235,15-12-2025,Shift-B,Bank-3,Cell-09_1235,3.461,1.198,64.7,26,9.23,Sodium Isopropyl Xanthate (SIPX),37.1,Pine Oil,29.6,260.9,Lime (CaO),584,1.54,1.82,123,198.6,173.8,21.39,87.94,23.63,0.205
2025-12-16_Shift-C_Bank-4_Cell-09_1236,16-12-2025,Shift-C,Bank-4,Cell-09_1236,5.42,1.877,57.8,37.5,9.4,Sodium Isopropyl Xanthate (SIPX),78.6,Pine Oil,12.3,161.4,Lime (CaO),837,1.76,2.05,190,171,233.2,21.76,92.57,24.24,0.168
2025-12-16_Shift-A_Bank-1_Cell-10_1237,16-12-2025,Shift-A,Bank-1,Cell-10_1237,1.371,0.475,55.4,39,11.22,Sodium Isopropyl Xanthate (SIPX),41.2,Pine Oil,17.8,178.3,Lime (CaO),2609,1.13,1.67,254,120,258,14.51,77.83,26.39,0.168
2025-12-16_Shift-B_Bank-2_Cell-10_1238,16-12-2025,Shift-B,Bank-2,Cell-10_1238,3.307,1.145,56.4,25.7,10.88,Sodium Isopropyl Xanthate (SIPX),64.1,Pine Oil,5.7,71.3,Lime (CaO),1829,1.27,2.06,148,146.9,241,11.26,82.72,23.88,0.275
2025-12-16_Shift-C_Bank-3_Cell-10_1239,16-12-2025,Shift-C,Bank-3,Cell-10_1239,1.057,0.366,57.2,38,9.04,Sodium Isopropyl Xanthate (SIPX),35.7,Pine Oil,23.9,95,Lime (CaO),845,1.21,1.65,117,215.7,155.1,41.98,93.95,17.76,0.032
2025-12-17_Shift-A_Bank-4_Cell-10_1240,17-12-2025,Shift-A,Bank-4,Cell-10_1240,1.443,0.5,71.3,31.1,12.1,Sodium Isopropyl Xanthate (SIPX),49.9,Pine Oil,26.8,65.4,Lime (CaO),2100,0.77,1.7,235,108.9,155.9,16.28,74.27,20.22,0.198
2025-12-17_Shift-B_Bank-1_Cell-11_1241,17-12-2025,Shift-B,Bank-1,Cell-11_1241,1.366,0.473,81.3,41.6,11.21,Sodium Isopropyl Xanthate (SIPX),46.2,Pine Oil,26,162.9,Lime (CaO),1919,1.38,1.75,103,184.4,181.8,34.52,88.31,23.63,0.069
2025-12-17_Shift-C_Bank-2_Cell-11_1242,17-12-2025,Shift-C,Bank-2,Cell-11_1242,1.513,0.524,53.2,28.4,9.46,Sodium Isopropyl Xanthate (SIPX),25.9,Pine Oil,19.1,60.3,Lime (CaO),932,1.45,1.82,130,116.3,203.5,11.93,78.5,17.96,0.171
2025-12-17_Shift-A_Bank-3_Cell-11_1243,17-12-2025,Shift-A,Bank-3,Cell-11_1243,0.898,0.311,62.6,31.2,9.88,Sodium Isopropyl Xanthate (SIPX),28.3,Pine Oil,6.6,27.4,Lime (CaO),952,1.63,2.11,189,182.2,217.1,19.69,85.82,21.52,0.062
2025-12-18_Shift-B_Bank-4_Cell-11_1244,18-12-2025,Shift-B,Bank-4,Cell-11_1244,1.95,0.675,53.1,30.4,11.55,Sodium Isopropyl Xanthate (SIPX),46.9,Pine Oil,36.8,116.5,Lime (CaO),1076,2.24,1.43,216,233.3,208.7,25.39,87.13,24.73,0.128
2025-12-18_Shift-C_Bank-1_Cell-12_1245,18-12-2025,Shift-C,Bank-1,Cell-12_1245,1.182,0.409,58.2,38.6,10.59,Sodium Isopropyl Xanthate (SIPX),52.7,Pine Oil,35.1,182,Lime (CaO),1926,1.7,1.45,168,90.5,227.1,12.29,87.81,28.29,0.08
2025-12-18_Shift-A_Bank-2_Cell-12_1246,18-12-2025,Shift-A,Bank-2,Cell-12_1246,1.161,0.402,50.6,38,9.59,Sodium Isopropyl Xanthate (SIPX),59.4,Pine Oil,45,88.8,Lime (CaO),442,1.24,1.23,190,134.3,238.3,17,80.81,21.48,0.114
2025-12-19_Shift-B_Bank-3_Cell-12_1247,19-12-2025,Shift-B,Bank-3,Cell-12_1247,1.787,0.619,74.4,30.9,10.43,Sodium Isopropyl Xanthate (SIPX),8,Pine Oil,27.1,73.8,Lime (CaO),644,0.94,1.5,173,149.7,83.7,41.41,93.37,26.68,0.057
2025-12-19_Shift-C_Bank-4_Cell-12_1248,19-12-2025,Shift-C,Bank-4,Cell-12_1248,1.957,0.678,68.9,42.1,10.07,Sodium Isopropyl Xanthate (SIPX),56.1,Pine Oil,26.4,13.4,Lime (CaO),1141,0.72,1.49,179,77.7,227.4,11.82,80.48,15.04,0.188
2025-12-19_Shift-A_Bank-1_Cell-01_1249,19-12-2025,Shift-A,Bank-1,Cell-01_1249,1.812,0.627,59.2,35.3,10.73,Sodium Isopropyl Xanthate (SIPX),23.5,Pine Oil,18.8,95.5,Lime (CaO),1623,1.45,1.78,117,182.5,139.7,35.79,95.86,29.65,0.024
2025-12-19_Shift-B_Bank-2_Cell-01_1250,19-12-2025,Shift-B,Bank-2,Cell-01_1250,3.305,1.145,61.7,35.9,10.42,Sodium Isopropyl Xanthate (SIPX),74.3,Pine Oil,29.1,137.3,Lime (CaO),1225,1.41,1.46,152,152.4,227.4,18.75,93.54,29.14,0.101
2025-12-20_Shift-C_Bank-3_Cell-01_1251,20-12-2025,Shift-C,Bank-3,Cell-01_1251,1.559,0.54,62.8,45,9.96,Sodium Isopropyl Xanthate (SIPX),63.8,Pine Oil,11.7,109.4,Lime (CaO),1618,1.15,2.23,161,148.5,224,25.19,91.41,16.62,0.069
2025-12-20_Shift-A_Bank-4_Cell-01_1252,20-12-2025,Shift-A,Bank-4,Cell-01_1252,2.624,0.909,45.4,30.4,10.46,Sodium Isopropyl Xanthate (SIPX),56.2,Pine Oil,28.2,243.1,Lime (CaO),1068,0.87,1.46,163,242.7,231.2,23.77,91.07,30.77,0.111
2025-12-20_Shift-B_Bank-1_Cell-02_1253,20-12-2025,Shift-B,Bank-1,Cell-02_1253,2.425,0.84,66.1,38.9,10.95,Sodium Isopropyl Xanthate (SIPX),29.4,Pine Oil,28.2,34.6,Lime (CaO),1713,1.93,1.79,162,139.5,105.8,41.02,95.54,18.61,0.049
2025-12-21_Shift-C_Bank-2_Cell-02_1254,21-12-2025,Shift-C,Bank-2,Cell-02_1254,2.175,0.753,67.7,34.5,9.78,Sodium Isopropyl Xanthate (SIPX),92.2,Pine Oil,23.9,192.1,Lime (CaO),1267,0.87,1.92,188,137.7,142.8,25.63,96.29,22.17,0.034
2025-12-21_Shift-A_Bank-3_Cell-02_1255,21-12-2025,Shift-A,Bank-3,Cell-02_1255,1.045,0.362,65.5,30.9,9.63,Sodium Isopropyl Xanthate (SIPX),13.9,Pine Oil,29,57.9,Lime (CaO),664,1.29,1.34,203,80.1,219.9,8.44,72.27,20.85,0.152
2025-12-21_Shift-B_Bank-4_Cell-02_1256,21-12-2025,Shift-B,Bank-4,Cell-02_1256,1.824,0.632,59.8,35.5,9.43,Sodium Isopropyl Xanthate (SIPX),21.5,Pine Oil,35.3,182.2,Lime (CaO),1261,1.81,1.55,225,136.8,209.2,18.07,84.01,20.96,0.129
2025-12-21_Shift-C_Bank-1_Cell-03_1257,21-12-2025,Shift-C,Bank-1,Cell-03_1257,2.599,0.9,74.6,27.4,11.54,Sodium Isopropyl Xanthate (SIPX),68.6,Pine Oil,26.5,18.6,Lime (CaO),2003,1.08,1.69,199,69.2,212.4,6.49,69.72,19.09,0.435
2025-12-22_Shift-A_Bank-2_Cell-03_1258,22-12-2025,Shift-A,Bank-2,Cell-03_1258,2.066,0.716,54.3,24.5,10.78,Sodium Isopropyl Xanthate (SIPX),46.5,Pine Oil,22,186.5,Lime (CaO),1717,1.56,1.71,130,175.6,179.2,17.13,93.04,23.11,0.072
2025-12-22_Shift-B_Bank-3_Cell-03_1259,22-12-2025,Shift-B,Bank-3,Cell-03_1259,1.248,0.432,62.3,34.3,11.26,Sodium Isopropyl Xanthate (SIPX),52.4,Pine Oil,29.2,106,Lime (CaO),1555,1.13,1.52,182,119,95.6,32.92,94.9,26.53,0.02
2025-12-22_Shift-C_Bank-4_Cell-03_1260,22-12-2025,Shift-C,Bank-4,Cell-03_1260,2.283,0.791,64,35.2,10.21,Sodium Isopropyl Xanthate (SIPX),31.3,Pine Oil,35.2,152.7,Lime (CaO),1246,0.96,1.06,171,200,174,31.37,96.74,33.32,0.047
2025-12-23_Shift-A_Bank-1_Cell-04_1261,23-12-2025,Shift-A,Bank-1,Cell-04_1261,2.252,0.78,67.7,28.8,8.73,Sodium Isopropyl Xanthate (SIPX),35.6,Pine Oil,8.8,91.8,Lime (CaO),740,1.34,1.75,215,224.5,235.7,20.21,81.79,17.95,0.207
2025-12-23_Shift-B_Bank-2_Cell-04_1262,23-12-2025,Shift-B,Bank-2,Cell-04_1262,1.766,0.611,60.6,29.8,9.01,Sodium Isopropyl Xanthate (SIPX),60.5,Pine Oil,25.6,17.4,Lime (CaO),813,1.12,1.63,193,127.9,283.4,9.97,82.08,15.07,0.144
2025-12-23_Shift-C_Bank-3_Cell-04_1263,23-12-2025,Shift-C,Bank-3,Cell-04_1263,1.504,0.521,50.1,33.9,10.19,Sodium Isopropyl Xanthate (SIPX),30.9,Pine Oil,33.2,94.1,Lime (CaO),1061,1.69,1.8,164,65.8,117.8,14.52,87.6,26.8,0.09
2025-12-23_Shift-A_Bank-4_Cell-04_1264,23-12-2025,Shift-A,Bank-4,Cell-04_1264,1.026,0.355,70.7,28.2,10.88,Sodium Isopropyl Xanthate (SIPX),46.6,Pine Oil,20.8,164.8,Lime (CaO),1199,1.76,1.61,198,175.2,187.8,19.25,91.18,27.72,0.031
2025-12-24_Shift-B_Bank-1_Cell-05_1265,24-12-2025,Shift-B,Bank-1,Cell-05_1265,1.518,0.526,64.5,35.5,9.57,Sodium Isopropyl Xanthate (SIPX),36.6,Pine Oil,12.9,180.3,Lime (CaO),1118,1.38,1.81,90,101.6,185.8,15.11,79.69,26.72,0.168
2025-12-24_Shift-C_Bank-2_Cell-05_1266,24-12-2025,Shift-C,Bank-2,Cell-05_1266,2.281,0.79,64,33.6,10.49,Sodium Isopropyl Xanthate (SIPX),75,Pine Oil,23.5,223.1,Lime (CaO),1705,1.18,1.5,162,168.6,207.9,20.89,95.63,32.82,0.044
2025-12-24_Shift-A_Bank-3_Cell-05_1267,24-12-2025,Shift-A,Bank-3,Cell-05_1267,2.796,0.968,57.2,25,10.57,Sodium Isopropyl Xanthate (SIPX),84.2,Pine Oil,22.2,244.9,Lime (CaO),1458,1.5,1.5,186,176,171.5,18.36,95.4,25.2,0.058
2025-12-25_Shift-B_Bank-4_Cell-05_1268,25-12-2025,Shift-B,Bank-4,Cell-05_1268,1.468,0.508,68.2,36.3,11.29,Sodium Isopropyl Xanthate (SIPX),14.1,Pine Oil,20.3,31.7,Lime (CaO),1568,1.96,1.96,174,169.5,190.5,25.23,91.93,19.64,0.053
2025-12-25_Shift-C_Bank-1_Cell-06_1269,25-12-2025,Shift-C,Bank-1,Cell-06_1269,2.773,0.96,74.1,34.7,10.66,Sodium Isopropyl Xanthate (SIPX),29.9,Pine Oil,31.7,104.7,Lime (CaO),1269,1.74,1.69,112,116.5,98,31.84,95.75,28.26,0.048
2025-12-25_Shift-A_Bank-2_Cell-06_1270,25-12-2025,Shift-A,Bank-2,Cell-06_1270,0.946,0.328,62.9,29.5,10.14,Sodium Isopropyl Xanthate (SIPX),24.9,Pine Oil,37.7,16,Lime (CaO),1575,1.88,1.67,143,144.6,203.8,15.52,84.29,15.6,0.059
2025-12-25_Shift-B_Bank-3_Cell-06_1271,25-12-2025,Shift-B,Bank-3,Cell-06_1271,0.817,0.283,44.9,32.6,10.82,Sodium Isopropyl Xanthate (SIPX),55.2,Pine Oil,13.6,75.8,Lime (CaO),1276,1.83,2.24,125,177,199.3,22,81.91,27.71,0.071
2025-12-26_Shift-C_Bank-4_Cell-06_1272,26-12-2025,Shift-C,Bank-4,Cell-06_1272,1.146,0.397,64.3,35.2,10.07,Sodium Isopropyl Xanthate (SIPX),83.3,Pine Oil,10.7,53.5,Lime (CaO),1094,1.72,1.9,228,120.9,182.8,18.07,88.67,22.11,0.068
2025-12-26_Shift-A_Bank-1_Cell-07_1273,26-12-2025,Shift-A,Bank-1,Cell-07_1273,1.797,0.622,48.7,24.9,10.24,Sodium Isopropyl Xanthate (SIPX),36.3,Pine Oil,11.6,130.1,Lime (CaO),772,1.38,2.07,182,197.6,185.2,19.02,86.02,22.74,0.121
2025-12-26_Shift-B_Bank-2_Cell-07_1274,26-12-2025,Shift-B,Bank-2,Cell-07_1274,0.884,0.306,66.6,30.3,11.52,Sodium Isopropyl Xanthate (SIPX),53.6,Pine Oil,29.6,143.5,Lime (CaO),1629,1.36,1.64,161,157.6,154.2,23.11,93.82,26.31,0.022
2025-12-27_Shift-C_Bank-3_Cell-07_1275,27-12-2025,Shift-C,Bank-3,Cell-07_1275,1.762,0.61,65.9,31.6,11.59,Sodium Isopropyl Xanthate (SIPX),23.2,Pine Oil,31.2,157.8,Lime (CaO),1850,1.12,1.63,100,125.5,153.5,19.49,85.02,27.34,0.128
2025-12-27_Shift-A_Bank-4_Cell-07_1276,27-12-2025,Shift-A,Bank-4,Cell-07_1276,0.859,0.297,55.4,21.6,9.66,Sodium Isopropyl Xanthate (SIPX),77.6,Pine Oil,29.4,26.3,Lime (CaO),1104,1.32,1.63,158,102.2,219.4,7.01,69.01,17.72,0.153
2025-12-27_Shift-B_Bank-1_Cell-08_1277,27-12-2025,Shift-B,Bank-1,Cell-08_1277,1.739,0.602,40,33.3,10.5,Sodium Isopropyl Xanthate (SIPX),27.7,Pine Oil,19.7,144.5,Lime (CaO),1262,1.61,1.73,218,226.5,205.8,28.03,90.46,31.46,0.076
2025-12-27_Shift-C_Bank-2_Cell-08_1278,27-12-2025,Shift-C,Bank-2,Cell-08_1278,0.859,0.298,71.6,27.9,9.15,Sodium Isopropyl Xanthate (SIPX),49.7,Pine Oil,8.9,14.8,Lime (CaO),852,1.6,1.83,171,231,205.5,22.94,86.17,15.66,0.068
2025-12-28_Shift-A_Bank-3_Cell-08_1279,28-12-2025,Shift-A,Bank-3,Cell-08_1279,1.953,0.676,58.6,40.3,9.53,Sodium Isopropyl Xanthate (SIPX),49.5,Pine Oil,9.3,11.7,Lime (CaO),1408,1.81,2.17,260,260.8,97.4,87.37,94.84,16.82,0.059
2025-12-28_Shift-B_Bank-4_Cell-08_1280,28-12-2025,Shift-B,Bank-4,Cell-08_1280,1.279,0.443,61.7,29.6,10.64,Sodium Isopropyl Xanthate (SIPX),62.2,Pine Oil,19.1,213.4,Lime (CaO),858,0.81,1.96,138,155.7,328.4,10.41,77.66,28.21,0.152
2025-12-28_Shift-C_Bank-1_Cell-09_1281,28-12-2025,Shift-C,Bank-1,Cell-09_1281,1.216,0.421,56.2,31.5,11.06,Sodium Isopropyl Xanthate (SIPX),60.1,Pine Oil,29.3,107.6,Lime (CaO),1301,0.98,1.34,155,77,132.6,13.77,92.03,27.96,0.036
2025-12-28_Shift-A_Bank-2_Cell-09_1282,28-12-2025,Shift-A,Bank-2,Cell-09_1282,2.786,0.965,43.5,31.1,9.68,Sodium Isopropyl Xanthate (SIPX),44.4,Pine Oil,25.8,105.3,Lime (CaO),974,2.16,2.01,224,132.7,170.4,18.14,75.06,23.62,0.361
2025-12-29_Shift-B_Bank-3_Cell-09_1283,29-12-2025,Shift-B,Bank-3,Cell-09_1283,1.385,0.48,58.8,38.8,10.25,Sodium Isopropyl Xanthate (SIPX),46.6,Pine Oil,22.7,113.3,Lime (CaO),1278,1.4,1.53,183,192,208.2,28.55,96.39,21.95,0.024
2025-12-29_Shift-C_Bank-4_Cell-09_1284,29-12-2025,Shift-C,Bank-4,Cell-09_1284,3.828,1.326,56.4,36.8,8.67,Sodium Isopropyl Xanthate (SIPX),52,Pine Oil,26.9,268.7,Lime (CaO),532,2.05,1.84,188,254.9,109.3,67.29,95.31,19.38,0.072
2025-12-29_Shift-A_Bank-1_Cell-10_1285,29-12-2025,Shift-A,Bank-1,Cell-10_1285,1.122,0.388,51.8,28.1,8.38,Sodium Isopropyl Xanthate (SIPX),50.8,Pine Oil,27,88.5,Lime (CaO),474,0.94,1.77,154,167.4,173.2,19.89,81.66,16.99,0.11
2025-12-30_Shift-B_Bank-2_Cell-10_1286,30-12-2025,Shift-B,Bank-2,Cell-10_1286,1.84,0.637,59.6,31.8,10.98,Sodium Isopropyl Xanthate (SIPX),39.2,Pine Oil,30.1,22.6,Lime (CaO),1260,1.16,1.63,177,166.2,153.6,25.98,95.96,19.5,0.037
2025-12-30_Shift-C_Bank-3_Cell-10_1287,30-12-2025,Shift-C,Bank-3,Cell-10_1287,3.61,1.25,61.2,23.1,9.35,Sodium Isopropyl Xanthate (SIPX),48.6,Pine Oil,29.6,184.7,Lime (CaO),742,0.93,1.57,135,245.4,198.8,20.13,88.82,20.68,0.189
2025-12-30_Shift-A_Bank-4_Cell-10_1288,30-12-2025,Shift-A,Bank-4,Cell-10_1288,1.852,0.641,60,25,10.23,Sodium Isopropyl Xanthate (SIPX),58.8,Pine Oil,24.7,3.5,Lime (CaO),1591,1.61,1.28,210,181.4,261.6,12.37,91.91,16.58,0.07
2025-12-30_Shift-B_Bank-1_Cell-11_1289,30-12-2025,Shift-B,Bank-1,Cell-11_1289,1.42,0.492,62.9,38.7,11.34,Sodium Isopropyl Xanthate (SIPX),48.9,Pine Oil,21.6,47.7,Lime (CaO),1962,1.51,1.29,242,270.3,184.2,45.35,94.87,19.65,0.029
2025-12-31_Shift-C_Bank-2_Cell-11_1290,31-12-2025,Shift-C,Bank-2,Cell-11_1290,2.075,0.719,50.6,26.2,9.98,Sodium Isopropyl Xanthate (SIPX),14.7,Pine Oil,38.2,136.5,Lime (CaO),1463,2.27,1.72,157,130.2,144.5,17.02,69.63,24.67,0.35
2025-12-31_Shift-A_Bank-3_Cell-11_1291,31-12-2025,Shift-A,Bank-3,Cell-11_1291,1.388,0.48,68.5,36.2,9.81,Sodium Isopropyl Xanthate (SIPX),30.3,Pine Oil,22.8,83.1,Lime (CaO),1118,1.77,1.94,233,133.9,88.2,42.95,94.29,24.26,0.025
2025-12-31_Shift-B_Bank-4_Cell-11_1292,31-12-2025,Shift-B,Bank-4,Cell-11_1292,1.757,0.609,63.5,30.4,10.96,Sodium Isopropyl Xanthate (SIPX),42.1,Pine Oil,14.4,79.5,Lime (CaO),1076,2.07,2.19,102,189,140.3,30.56,92.91,27.89,0.061
2026-01-01_Shift-C_Bank-1_Cell-12_1293,01-01-2026,Shift-C,Bank-1,Cell-12_1293,1.562,0.541,55.3,37.5,9.03,Sodium Isopropyl Xanthate (SIPX),57.9,Pine Oil,27.2,40.3,Lime (CaO),867,1.58,1.56,201,175.4,159.6,32.64,97.53,15.17,0.029
2026-01-01_Shift-A_Bank-2_Cell-12_1294,01-01-2026,Shift-A,Bank-2,Cell-12_1294,1.917,0.664,55.5,34.4,10.66,Sodium Isopropyl Xanthate (SIPX),45.5,Pine Oil,23.4,142.5,Lime (CaO),1589,1.67,1.72,161,234.7,259.4,23.96,95.4,28.04,0.041
2026-01-01_Shift-B_Bank-3_Cell-12_1295,01-01-2026,Shift-B,Bank-3,Cell-12_1295,1.405,0.487,62.7,40.5,10.81,Sodium Isopropyl Xanthate (SIPX),48.1,Pine Oil,18.7,38.6,Lime (CaO),2164,1.63,1.65,169,147.2,178.6,27.07,96.15,17.48,0.029
2026-01-01_Shift-C_Bank-4_Cell-12_1296,01-01-2026,Shift-C,Bank-4,Cell-12_1296,0.854,0.296,80.8,36.1,9.55,Sodium Isopropyl Xanthate (SIPX),86.1,Pine Oil,26.2,155.2,Lime (CaO),663,1.41,1.59,176,143.9,211.2,19.21,87.13,23.5,0.057
2026-01-02_Shift-A_Bank-1_Cell-01_1297,02-01-2026,Shift-A,Bank-1,Cell-01_1297,1.921,0.665,52.6,35.3,10.8,Sodium Isopropyl Xanthate (SIPX),47.9,Pine Oil,16.9,71.3,Lime (CaO),1956,0.76,1.72,108,185.6,229.6,22.17,90.64,25.02,0.074
2026-01-02_Shift-B_Bank-2_Cell-01_1298,02-01-2026,Shift-B,Bank-2,Cell-01_1298,2.885,0.999,50.7,28.2,10,Sodium Isopropyl Xanthate (SIPX),49.8,Pine Oil,15.6,112,Lime (CaO),1653,2.01,1.63,144,86.9,125.9,14.27,84.61,25.7,0.223
2026-01-02_Shift-C_Bank-3_Cell-01_1299,02-01-2026,Shift-C,Bank-3,Cell-01_1299,1.783,0.618,63.7,25,11.18,Sodium Isopropyl Xanthate (SIPX),68.9,Pine Oil,25.9,39.6,Lime (CaO),1357,1.44,1.84,232,163.6,152.4,19.17,90.66,17.09,0.092
2026-01-03_Shift-A_Bank-4_Cell-01_1300,03-01-2026,Shift-A,Bank-4,Cell-01_1300,1.325,0.459,67.6,39.8,11.59,Sodium Isopropyl Xanthate (SIPX),66.7,Pine Oil,28.9,224.1,Lime (CaO),2063,1.13,1.57,176,139.3,283.5,15.76,87.72,21.69,0.078
2026-01-03_Shift-B_Bank-1_Cell-02_1301,03-01-2026,Shift-B,Bank-1,Cell-02_1301,0.585,0.203,53.6,37.5,8.83,Sodium Isopropyl Xanthate (SIPX),41.8,Pine Oil,26.5,42,Lime (CaO),528,1.4,1.53,160,147.5,277.6,15.74,82.85,16.43,0.055
2026-01-03_Shift-C_Bank-2_Cell-02_1302,03-01-2026,Shift-C,Bank-2,Cell-02_1302,2.021,0.7,51.6,26.8,10.54,Sodium Isopropyl Xanthate (SIPX),26.5,Pine Oil,31.9,50.6,Lime (CaO),1232,0.91,1.75,255,141.9,250.9,11.01,63.89,17.9,0.395
2026-01-03_Shift-A_Bank-3_Cell-02_1303,03-01-2026,Shift-A,Bank-3,Cell-02_1303,1.102,0.381,52.7,28.7,10.43,Sodium Isopropyl Xanthate (SIPX),43,Pine Oil,36.4,83.4,Lime (CaO),1392,1,1.17,165,204.2,234.1,18.42,89.99,23.53,0.043
2026-01-04_Shift-B_Bank-4_Cell-02_1304,04-01-2026,Shift-B,Bank-4,Cell-02_1304,1.496,0.518,70.2,36.7,8.39,Sodium Isopropyl Xanthate (SIPX),67.1,Pine Oil,27.8,56,Lime (CaO),409,1.28,1.38,132,90.7,213.1,12.28,79.34,15.42,0.173
2026-01-04_Shift-C_Bank-1_Cell-03_1305,04-01-2026,Shift-C,Bank-1,Cell-03_1305,0.984,0.341,65.3,43.7,9.79,Sodium Isopropyl Xanthate (SIPX),38,Pine Oil,15.1,11,Lime (CaO),1650,1.44,1.81,136,118.8,178.5,24.27,90.83,15.8,0.045
2026-01-04_Shift-A_Bank-2_Cell-03_1306,04-01-2026,Shift-A,Bank-2,Cell-03_1306,3.702,1.282,68.6,43.6,11.64,Sodium Isopropyl Xanthate (SIPX),39.4,Pine Oil,23.4,111.2,Lime (CaO),1349,0.95,1.68,161,137.7,167,29.94,94.96,20.44,0.088
2026-01-05_Shift-B_Bank-3_Cell-03_1307,05-01-2026,Shift-B,Bank-3,Cell-03_1307,1.766,0.612,56.7,28.8,9.04,Sodium Isopropyl Xanthate (SIPX),34.4,Pine Oil,28.1,87.9,Lime (CaO),629,1.63,1.76,150,185,235.1,16.72,88.79,19.49,0.098
2026-01-05_Shift-C_Bank-4_Cell-03_1308,05-01-2026,Shift-C,Bank-4,Cell-03_1308,3.438,1.191,63.1,42.4,9.13,Sodium Isopropyl Xanthate (SIPX),60.2,Pine Oil,30.2,56.3,Lime (CaO),1136,1.78,1.81,172,122.6,224.7,19.07,90.2,15.67,0.16
2026-01-05_Shift-A_Bank-1_Cell-04_1309,05-01-2026,Shift-A,Bank-1,Cell-04_1309,1.286,0.445,69.4,30.8,11.42,Sodium Isopropyl Xanthate (SIPX),41.8,Pine Oil,22.1,46.9,Lime (CaO),1581,1.1,1.81,221,111.8,129.2,19.92,87.65,19.31,0.084
2026-01-05_Shift-B_Bank-2_Cell-04_1310,05-01-2026,Shift-B,Bank-2,Cell-04_1310,0.759,0.263,75.1,40.3,9.43,Sodium Isopropyl Xanthate (SIPX),68.8,Pine Oil,40,20.2,Lime (CaO),638,0.83,1.33,130,122.8,238.7,16.77,67.41,17.16,0.128
2026-01-06_Shift-C_Bank-3_Cell-04_1311,06-01-2026,Shift-C,Bank-3,Cell-04_1311,2.008,0.695,57.6,37.2,9.62,Sodium Isopropyl Xanthate (SIPX),21.8,Pine Oil,8.5,85.3,Lime (CaO),976,2.34,2.28,153,95.9,178.5,15.75,69.97,20.6,0.327
2026-01-06_Shift-A_Bank-4_Cell-04_1312,06-01-2026,Shift-A,Bank-4,Cell-04_1312,1.236,0.428,63.8,34.8,9.73,Sodium Isopropyl Xanthate (SIPX),65.9,Pine Oil,11.8,138,Lime (CaO),1202,1.55,1.99,159,150.9,191.7,21.19,94.36,25.56,0.02
2026-01-06_Shift-B_Bank-1_Cell-05_1313,06-01-2026,Shift-B,Bank-1,Cell-05_1313,2.943,1.019,68.6,31.6,11.02,Sodium Isopropyl Xanthate (SIPX),35.4,Pine Oil,30.8,67.8,Lime (CaO),2273,1.47,1.7,188,255.4,154.8,39.29,97.4,25.5,0.033
2026-01-07_Shift-C_Bank-2_Cell-05_1314,07-01-2026,Shift-C,Bank-2,Cell-05_1314,1.35,0.467,58.8,29.6,10.41,Sodium Isopropyl Xanthate (SIPX),37.8,Pine Oil,12.3,49.6,Lime (CaO),1337,1.19,1.56,190,174.9,212.5,18.06,93.11,22.88,0.057
2026-01-07_Shift-A_Bank-3_Cell-05_1315,07-01-2026,Shift-A,Bank-3,Cell-05_1315,1.994,0.691,72.7,26,10.85,Sodium Isopropyl Xanthate (SIPX),58.6,Pine Oil,37.6,128.9,Lime (CaO),1472,1.8,1.52,200,113.6,187.4,11.35,78.48,26.13,0.202
2026-01-07_Shift-B_Bank-4_Cell-05_1316,07-01-2026,Shift-B,Bank-4,Cell-05_1316,0.773,0.268,70,31,9.68,Sodium Isopropyl Xanthate (SIPX),47.7,Pine Oil,21.8,59.2,Lime (CaO),1136,1.51,1.63,140,128.7,170.8,17.48,92.97,20.81,0.02
2026-01-07_Shift-C_Bank-1_Cell-06_1317,07-01-2026,Shift-C,Bank-1,Cell-06_1317,1.714,0.594,58.9,40.1,10.4,Sodium Isopropyl Xanthate (SIPX),28.6,Pine Oil,28,26,Lime (CaO),1613,1.33,1.46,80,129.1,137.8,30.39,93.69,17.99,0.035
2026-01-08_Shift-A_Bank-2_Cell-06_1318,08-01-2026,Shift-A,Bank-2,Cell-06_1318,1.358,0.47,63.1,33.3,9.16,Sodium Isopropyl Xanthate (SIPX),16.1,Pine Oil,29.7,78.7,Lime (CaO),613,0.96,1.4,206,191.7,143.5,33.93,92.13,19.53,0.045
2026-01-08_Shift-B_Bank-3_Cell-06_1319,08-01-2026,Shift-B,Bank-3,Cell-06_1319,0.782,0.271,72.6,24.8,9.74,Sodium Isopropyl Xanthate (SIPX),41.2,Pine Oil,33.7,231.8,Lime (CaO),1263,1.98,1.67,143,274.4,197,24.62,80.05,20.24,0.083
2026-01-08_Shift-C_Bank-4_Cell-06_1320,08-01-2026,Shift-C,Bank-4,Cell-06_1320,1.285,0.445,55.7,24,11.37,Sodium Isopropyl Xanthate (SIPX),44,Pine Oil,11.7,253.9,Lime (CaO),2253,1.62,1.95,169,152.5,207,12.53,76.11,23.11,0.152
2026-01-08_Shift-A_Bank-1_Cell-07_1321,08-01-2026,Shift-A,Bank-1,Cell-07_1321,1.794,0.621,52.8,35.7,10.31,Sodium Isopropyl Xanthate (SIPX),55.3,Pine Oil,17.5,54.2,Lime (CaO),1285,1.12,1.87,146,222.3,152.4,40.6,98.5,23.66,0.02
2026-01-09_Shift-B_Bank-2_Cell-07_1322,09-01-2026,Shift-B,Bank-2,Cell-07_1322,1.853,0.642,62.4,43.3,10.22,Sodium Isopropyl Xanthate (SIPX),34.4,Pine Oil,12.9,31.7,Lime (CaO),1333,2.26,2.17,163,157.7,161.8,35.04,90.09,15.55,0.084
2026-01-09_Shift-C_Bank-3_Cell-07_1323,09-01-2026,Shift-C,Bank-3,Cell-07_1323,2.23,0.772,61,26.7,10.99,Sodium Isopropyl Xanthate (SIPX),60.7,Pine Oil,39.8,20.1,Lime (CaO),1420,1.5,1.43,184,145.3,185,15.18,91.84,17.66,0.087
2026-01-09_Shift-A_Bank-4_Cell-07_1324,09-01-2026,Shift-A,Bank-4,Cell-07_1324,1.339,0.464,66.7,40,9.41,Sodium Isopropyl Xanthate (SIPX),78.8,Pine Oil,25.8,128.4,Lime (CaO),893,1.49,1.41,176,181.1,220.4,26.56,96.14,20.58,0.02
2026-01-10_Shift-B_Bank-1_Cell-08_1325,10-01-2026,Shift-B,Bank-1,Cell-08_1325,0.621,0.215,62.3,26.1,10.94,Sodium Isopropyl Xanthate (SIPX),57.2,Pine Oil,19,21.8,Lime (CaO),1868,0.87,1.93,149,162.5,216.9,14.11,79.93,16.46,0.052
2026-01-10_Shift-C_Bank-2_Cell-08_1326,10-01-2026,Shift-C,Bank-2,Cell-08_1326,1.089,0.377,60.2,27.5,9.83,Sodium Isopropyl Xanthate (SIPX),40.1,Pine Oil,14.7,58.8,Lime (CaO),1787,1.46,1.75,200,168.2,179.8,18.73,91.24,19.79,0.035
2026-01-10_Shift-A_Bank-3_Cell-08_1327,10-01-2026,Shift-A,Bank-3,Cell-08_1327,2.553,0.884,57.4,32.7,10.64,Sodium Isopropyl Xanthate (SIPX),31.9,Pine Oil,27.3,80.4,Lime (CaO),2497,1.95,1.74,204,53.6,230.4,5.79,74.4,29.12,0.344
2026-01-10_Shift-B_Bank-4_Cell-08_1328,10-01-2026,Shift-B,Bank-4,Cell-08_1328,1.062,0.368,59.5,31.8,10.18,Sodium Isopropyl Xanthate (SIPX),46,Pine Oil,20.8,35.2,Lime (CaO),2115,2.41,2.08,190,115.5,89.3,30.99,93.51,18.82,0.024
2026-01-11_Shift-C_Bank-1_Cell-09_1329,11-01-2026,Shift-C,Bank-1,Cell-09_1329,2.023,0.701,65.7,36.1,9.45,Sodium Isopropyl Xanthate (SIPX),39.8,Pine Oil,24.7,133.7,Lime (CaO),726,1.64,1.42,137,207.7,147.8,39.63,96.08,24.2,0.034
2026-01-11_Shift-A_Bank-2_Cell-09_1330,11-01-2026,Shift-A,Bank-2,Cell-09_1330,2.148,0.744,70.3,36.5,11.1,Sodium Isopropyl Xanthate (SIPX),38.7,Pine Oil,22.6,46.7,Lime (CaO),1570,1.84,1.41,153,139.6,203.1,19.64,92.46,21.1,0.07
2026-01-11_Shift-B_Bank-3_Cell-09_1331,11-01-2026,Shift-B,Bank-3,Cell-09_1331,1.036,0.359,73,32.2,9.88,Sodium Isopropyl Xanthate (SIPX),49.3,Pine Oil,29.3,40.7,Lime (CaO),456,1.64,1.56,122,187.9,158.5,28.93,94.95,18.92,0.02
2026-01-12_Shift-C_Bank-4_Cell-09_1332,12-01-2026,Shift-C,Bank-4,Cell-09_1332,1.381,0.478,56.5,35.4,11.24,Sodium Isopropyl Xanthate (SIPX),11.6,Pine Oil,31.5,106.7,Lime (CaO),2628,0.76,1.36,172,70.3,193.9,9.95,71.97,27.22,0.203
2026-01-12_Shift-A_Bank-1_Cell-10_1333,12-01-2026,Shift-A,Bank-1,Cell-10_1333,2.57,0.89,55.5,36.6,8.52,Sodium Isopropyl Xanthate (SIPX),66.2,Pine Oil,18.4,171.3,Lime (CaO),448,1.49,1.98,203,134.2,123,31.35,93.19,19.05,0.082
2026-01-12_Shift-B_Bank-2_Cell-10_1334,12-01-2026,Shift-B,Bank-2,Cell-10_1334,0.614,0.213,62.7,37.9,11.69,Sodium Isopropyl Xanthate (SIPX),35.5,Pine Oil,15.9,120.7,Lime (CaO),1756,1.68,1.98,174,179.5,236.9,22.75,92.54,24.06,0.02
2026-01-12_Shift-C_Bank-3_Cell-10_1335,12-01-2026,Shift-C,Bank-3,Cell-10_1335,2.246,0.778,61.2,41,10.72,Sodium Isopropyl Xanthate (SIPX),64.1,Pine Oil,26.1,33.7,Lime (CaO),1175,1.96,2.07,125,213.9,167.4,42.72,95.74,18.24,0.052
2026-01-13_Shift-A_Bank-4_Cell-10_1336,13-01-2026,Shift-A,Bank-4,Cell-10_1336,1.369,0.474,61.5,29.2,10.71,Sodium Isopropyl Xanthate (SIPX),45.7,Pine Oil,35.8,21.8,Lime (CaO),2178,1.08,1.5,162,141.3,126.9,24.03,94.85,18.57,0.028
2026-01-13_Shift-B_Bank-1_Cell-11_1337,13-01-2026,Shift-B,Bank-1,Cell-11_1337,1.045,0.362,67.7,32.1,12.02,Sodium Isopropyl Xanthate (SIPX),31.6,Pine Oil,19.3,114,Lime (CaO),2204,1.97,2.05,219,168.8,176.9,23.13,83.63,21.75,0.109
2026-01-13_Shift-C_Bank-2_Cell-11_1338,13-01-2026,Shift-C,Bank-2,Cell-11_1338,2.093,0.725,71.2,35.1,8.99,Sodium Isopropyl Xanthate (SIPX),77.2,Pine Oil,25.7,97.3,Lime (CaO),775,1.39,1.59,197,149.8,240.2,16.94,91.62,19.71,0.083
2026-01-14_Shift-A_Bank-3_Cell-11_1339,14-01-2026,Shift-A,Bank-3,Cell-11_1339,2.089,0.724,55.3,36.9,11.26,Sodium Isopropyl Xanthate (SIPX),39,Pine Oil,26.3,65.4,Lime (CaO),871,1.61,1.4,157,237.6,142.7,48.41,95.56,24.96,0.039
2026-01-14_Shift-B_Bank-4_Cell-11_1340,14-01-2026,Shift-B,Bank-4,Cell-11_1340,2.091,0.724,60.3,36.1,10.91,Sodium Isopropyl Xanthate (SIPX),70.9,Pine Oil,25.2,81.7,Lime (CaO),1486,0.4,1.47,231,105.6,200.1,14.86,81.3,26.7,0.2
2026-01-14_Shift-C_Bank-1_Cell-12_1341,14-01-2026,Shift-C,Bank-1,Cell-12_1341,1.267,0.439,60.2,35.3,8.5,Sodium Isopropyl Xanthate (SIPX),45.1,Pine Oil,13.4,41,Lime (CaO),703,0.4,2.22,135,151.6,171.8,24.19,75.35,15.75,0.184
2026-01-14_Shift-A_Bank-2_Cell-12_1342,14-01-2026,Shift-A,Bank-2,Cell-12_1342,1.742,0.603,40,28.1,8.65,Sodium Isopropyl Xanthate (SIPX),65.5,Pine Oil,21.2,7.8,Lime (CaO),475,1.92,1.53,229,191.7,229.2,17.23,68.24,15.59,0.311
2026-01-15_Shift-B_Bank-3_Cell-12_1343,15-01-2026,Shift-B,Bank-3,Cell-12_1343,1.566,0.542,72.5,35,8.95,Sodium Isopropyl Xanthate (SIPX),66.8,Pine Oil,27.6,24.1,Lime (CaO),702,1.12,1.63,170,93.3,143.1,17.63,89.69,15.1,0.09
2026-01-15_Shift-C_Bank-4_Cell-12_1344,15-01-2026,Shift-C,Bank-4,Cell-12_1344,1.17,0.405,65.8,30.5,10.86,Sodium Isopropyl Xanthate (SIPX),59.4,Pine Oil,22.3,52.3,Lime (CaO),907,1.67,1.79,188,114.2,170.7,15.25,93.81,26.09,0.021
2026-01-15_Shift-A_Bank-1_Cell-01_1345,15-01-2026,Shift-A,Bank-1,Cell-01_1345,1.015,0.351,54.4,29.1,9.63,Sodium Isopropyl Xanthate (SIPX),64.9,Pine Oil,18.6,30.9,Lime (CaO),772,1.05,1.9,180,258.7,257.5,21.59,91.63,16.42,0.042
2026-01-16_Shift-B_Bank-2_Cell-01_1346,16-01-2026,Shift-B,Bank-2,Cell-01_1346,2.54,0.879,57.8,20,12.11,Sodium Isopropyl Xanthate (SIPX),37.9,Pine Oil,28.7,24.5,Lime (CaO),2145,0.85,1.68,218,102.9,114,12.43,68.09,16.5,0.436
2026-01-16_Shift-C_Bank-3_Cell-01_1347,16-01-2026,Shift-C,Bank-3,Cell-01_1347,1.514,0.524,78.5,28.7,10.53,Sodium Isopropyl Xanthate (SIPX),65.7,Pine Oil,11.3,164.5,Lime (CaO),1570,1.25,1.86,104,123.6,205.5,12.69,71.85,29.88,0.211
2026-01-16_Shift-A_Bank-4_Cell-01_1348,16-01-2026,Shift-A,Bank-4,Cell-01_1348,1.295,0.448,62.5,31.7,10.23,Sodium Isopropyl Xanthate (SIPX),26.7,Pine Oil,16.7,153.5,Lime (CaO),1313,0.94,1.71,95,148.4,147.8,24.01,88.98,29.85,0.063
2026-01-16_Shift-B_Bank-1_Cell-02_1349,16-01-2026,Shift-B,Bank-1,Cell-02_1349,1.351,0.468,59.5,32.7,11.12,Sodium Isopropyl Xanthate (SIPX),36.3,Pine Oil,28.3,107.9,Lime (CaO),1868,1.64,1.6,167,195.5,168.2,28.85,97.18,28.21,0.02
2026-01-17_Shift-C_Bank-2_Cell-02_1350,17-01-2026,Shift-C,Bank-2,Cell-02_1350,2.927,1.014,72.7,39.4,8.95,Sodium Isopropyl Xanthate (SIPX),27.9,Pine Oil,22.7,152,Lime (CaO),856,1.64,1.65,148,69.5,259.3,8.48,72.95,19.3,0.425
2026-01-17_Shift-A_Bank-3_Cell-02_1351,17-01-2026,Shift-A,Bank-3,Cell-02_1351,0.982,0.34,71.7,32.7,9.78,Sodium Isopropyl Xanthate (SIPX),88.2,Pine Oil,7.3,126.7,Lime (CaO),646,1.41,1.96,141,254.4,243,25.98,92.57,22.14,0.022
2026-01-17_Shift-B_Bank-4_Cell-02_1352,17-01-2026,Shift-B,Bank-4,Cell-02_1352,3.462,1.199,70.9,31.3,10.7,Sodium Isopropyl Xanthate (SIPX),70.9,Pine Oil,10,24.8,Lime (CaO),1493,0.91,2.07,133,133.4,173.5,18.11,88.94,20.31,0.183
2026-01-18_Shift-C_Bank-1_Cell-03_1353,18-01-2026,Shift-C,Bank-1,Cell-03_1353,3.561,1.233,74.6,25.8,10.58,Sodium Isopropyl Xanthate (SIPX),77.9,Pine Oil,34.2,193.2,Lime (CaO),1633,1.84,1.53,219,163.7,221.9,13.7,83.49,23.76,0.302
2026-01-18_Shift-A_Bank-2_Cell-03_1354,18-01-2026,Shift-A,Bank-2,Cell-03_1354,1.539,0.533,60.4,42.6,8.48,Sodium Isopropyl Xanthate (SIPX),44.9,Pine Oil,18.7,126.4,Lime (CaO),700,0.94,1.74,139,123.4,128,33.96,90.49,15.48,0.058
2026-01-18_Shift-B_Bank-3_Cell-03_1355,18-01-2026,Shift-B,Bank-3,Cell-03_1355,1.691,0.585,68.9,33.4,10.32,Sodium Isopropyl Xanthate (SIPX),40.1,Pine Oil,7.6,144.8,Lime (CaO),1445,1.41,1.9,213,147.2,204.1,18.44,87.95,31.29,0.09
2026-01-18_Shift-C_Bank-4_Cell-03_1356,18-01-2026,Shift-C,Bank-4,Cell-03_1356,1.189,0.412,74.8,37.5,10.88,Sodium Isopropyl Xanthate (SIPX),8,Pine Oil,16.4,10.6,Lime (CaO),1918,1.73,1.65,159,119.8,119.6,29.71,88.08,16.32,0.067
2026-01-19_Shift-A_Bank-1_Cell-04_1357,19-01-2026,Shift-A,Bank-1,Cell-04_1357,1.374,0.476,67.5,36.1,9.86,Sodium Isopropyl Xanthate (SIPX),68.1,Pine Oil,26.1,100.4,Lime (CaO),1000,1.95,1.95,154,172.1,172,28.2,94.84,20.72,0.02
2026-01-19_Shift-B_Bank-2_Cell-04_1358,19-01-2026,Shift-B,Bank-2,Cell-04_1358,1.799,0.623,51.9,33.5,10.4,Sodium Isopropyl Xanthate (SIPX),38.4,Pine Oil,17.2,41.9,Lime (CaO),651,1.96,1.94,157,203.1,203.8,25.51,95.49,20.82,0.046
2026-01-19_Shift-C_Bank-3_Cell-04_1359,19-01-2026,Shift-C,Bank-3,Cell-04_1359,1.059,0.367,75.3,26.7,9.92,Sodium Isopropyl Xanthate (SIPX),45.8,Pine Oil,16.6,78.3,Lime (CaO),1151,1.25,1.77,187,141.3,127.2,21.46,89.4,19.33,0.056
2026-01-19_Shift-A_Bank-4_Cell-04_1360,19-01-2026,Shift-A,Bank-4,Cell-04_1360,1.561,0.541,59,26.8,12.23,Sodium Isopropyl Xanthate (SIPX),73.8,Pine Oil,31.9,40,Lime (CaO),2058,1.5,1.5,179,97.9,239,7.98,76.12,15.47,0.196
2026-01-20_Shift-B_Bank-1_Cell-05_1361,20-01-2026,Shift-B,Bank-1,Cell-05_1361,0.703,0.243,41.3,35.1,11.25,Sodium Isopropyl Xanthate (SIPX),59.7,Pine Oil,32.3,96,Lime (CaO),1787,1.27,1.59,158,135.9,80,46.19,94.95,26.69,0.02
2026-01-20_Shift-C_Bank-2_Cell-05_1362,20-01-2026,Shift-C,Bank-2,Cell-05_1362,2.382,0.825,68.7,40.3,9.77,Sodium Isopropyl Xanthate (SIPX),41.8,Pine Oil,23.1,86.4,Lime (CaO),1664,0.8,1.36,165,201.4,177,37.15,96.76,22.53,0.042
2026-01-20_Shift-A_Bank-3_Cell-05_1363,20-01-2026,Shift-A,Bank-3,Cell-05_1363,1.003,0.347,49,34.7,9.76,Sodium Isopropyl Xanthate (SIPX),60.3,Pine Oil,37.1,161.3,Lime (CaO),1113,1.64,1.36,151,243.9,231.1,28.27,91.14,27.6,0.042
2026-01-21_Shift-B_Bank-4_Cell-05_1364,21-01-2026,Shift-B,Bank-4,Cell-05_1364,0.978,0.339,57.6,39.4,10.76,Sodium Isopropyl Xanthate (SIPX),39.2,Pine Oil,16.9,28.1,Lime (CaO),1378,1.29,1.66,116,185.4,153.4,38.31,94.95,20.62,0.035
2026-01-21_Shift-C_Bank-1_Cell-06_1365,21-01-2026,Shift-C,Bank-1,Cell-06_1365,2.486,0.861,52.1,24.7,10.99,Sodium Isopropyl Xanthate (SIPX),30.7,Pine Oil,20.5,57.9,Lime (CaO),878,1.72,1.77,154,188.4,215.3,15.41,90.47,16.96,0.113
2026-01-21_Shift-A_Bank-2_Cell-06_1366,21-01-2026,Shift-A,Bank-2,Cell-06_1366,1.232,0.427,54.6,24.6,10.62,Sodium Isopropyl Xanthate (SIPX),30.9,Pine Oil,25.6,65.7,Lime (CaO),1809,1.45,1.66,111,170.8,207,14.45,84.6,21.06,0.094
2026-01-21_Shift-B_Bank-3_Cell-06_1367,21-01-2026,Shift-B,Bank-3,Cell-06_1367,1.89,0.655,75.4,45,11.62,Sodium Isopropyl Xanthate (SIPX),35.3,Pine Oil,30.2,74.6,Lime (CaO),1408,1.4,1.5,169,93,144.5,24.44,90.66,16.89,0.092
2026-01-22_Shift-C_Bank-4_Cell-06_1368,22-01-2026,Shift-C,Bank-4,Cell-06_1368,2.422,0.839,71.4,21.4,11.69,Sodium Isopropyl Xanthate (SIPX),16.7,Pine Oil,29.9,62.6,Lime (CaO),1417,0.96,1.6,172,151.9,188.8,11.96,67.44,19.59,0.429
2026-01-22_Shift-A_Bank-1_Cell-07_1369,22-01-2026,Shift-A,Bank-1,Cell-07_1369,2.602,0.901,73.5,31.7,8.84,Sodium Isopropyl Xanthate (SIPX),30.8,Pine Oil,21.3,219.3,Lime (CaO),903,0.41,1.8,146,153.3,275.2,13.32,65.06,19.38,0.487
2026-01-22_Shift-B_Bank-2_Cell-07_1370,22-01-2026,Shift-B,Bank-2,Cell-07_1370,1.998,0.692,56.6,29.6,11.31,Sodium Isopropyl Xanthate (SIPX),38.5,Pine Oil,22.4,24.1,Lime (CaO),1397,1.13,1.73,187,107.3,252,9.35,85.49,17.75,0.145
2026-01-23_Shift-C_Bank-3_Cell-07_1371,23-01-2026,Shift-C,Bank-3,Cell-07_1371,1.259,0.436,58.3,36.5,10.36,Sodium Isopropyl Xanthate (SIPX),64.8,Pine Oil,34.7,104.9,Lime (CaO),1119,1.43,1.47,191,164.2,200.7,23.38,95.53,27,0.025
2026-01-23_Shift-A_Bank-4_Cell-07_1372,23-01-2026,Shift-A,Bank-4,Cell-07_1372,1.604,0.555,49.1,27.5,8.97,Sodium Isopropyl Xanthate (SIPX),20.8,Pine Oil,24.7,28.8,Lime (CaO),949,2.23,1.96,248,158.1,186,17.03,60.04,17.93,0.342
2026-01-23_Shift-B_Bank-1_Cell-08_1373,23-01-2026,Shift-B,Bank-1,Cell-08_1373,1.932,0.669,70.7,36.9,10.7,Sodium Isopropyl Xanthate (SIPX),60.6,Pine Oil,25.9,152.7,Lime (CaO),758,1.27,1.51,148,215.6,186.3,33.62,94.56,31.17,0.044
2026-01-23_Shift-C_Bank-2_Cell-08_1374,23-01-2026,Shift-C,Bank-2,Cell-08_1374,2.61,0.904,53.3,34.8,9.37,Sodium Isopropyl Xanthate (SIPX),48.1,Pine Oil,17.7,67.7,Lime (CaO),884,1.63,1.97,153,209.5,173.9,32.44,97.33,23.74,0.047
2026-01-24_Shift-A_Bank-3_Cell-08_1375,24-01-2026,Shift-A,Bank-3,Cell-08_1375,1.822,0.631,59.9,35.1,9.51,Sodium Isopropyl Xanthate (SIPX),71.9,Pine Oil,26.8,33.1,Lime (CaO),824,1.95,1.87,167,139.3,182.2,20.77,94.73,18.58,0.036
2026-01-24_Shift-B_Bank-4_Cell-08_1376,24-01-2026,Shift-B,Bank-4,Cell-08_1376,0.987,0.342,53.6,39.2,9.84,Sodium Isopropyl Xanthate (SIPX),32.9,Pine Oil,30.7,42.3,Lime (CaO),968,1.34,1.66,122,179.4,143.6,39.33,93.95,17.49,0.025
2026-01-24_Shift-C_Bank-1_Cell-09_1377,24-01-2026,Shift-C,Bank-1,Cell-09_1377,2.322,0.804,66.9,31.4,9.14,Sodium Isopropyl Xanthate (SIPX),9.6,Pine Oil,36,315.3,Lime (CaO),931,1.83,1.32,167,80.7,197.5,9.65,61.05,23.58,0.481
2026-01-25_Shift-A_Bank-2_Cell-09_1378,25-01-2026,Shift-A,Bank-2,Cell-09_1378,1.842,0.638,58.8,39.8,8.88,Sodium Isopropyl Xanthate (SIPX),81.2,Pine Oil,36.6,88.5,Lime (CaO),560,1.25,1.51,138,166.1,230.5,23.13,89.97,16.33,0.09
2026-01-25_Shift-B_Bank-3_Cell-09_1379,25-01-2026,Shift-B,Bank-3,Cell-09_1379,0.5,0.173,58.1,22.8,10.37,Sodium Isopropyl Xanthate (SIPX),59.7,Pine Oil,30.6,46,Lime (CaO),1085,0.98,1.57,199,135,290.9,7.42,63.63,19.44,0.102
2026-01-25_Shift-C_Bank-4_Cell-09_1380,25-01-2026,Shift-C,Bank-4,Cell-09_1380,1.879,0.651,68.5,32.7,11.63,Sodium Isopropyl Xanthate (SIPX),70.9,Pine Oil,12.1,93.2,Lime (CaO),2481,1.71,2.02,149,204,212.1,23.9,95.89,25.77,0.027
2026-01-25_Shift-A_Bank-1_Cell-10_1381,25-01-2026,Shift-A,Bank-1,Cell-10_1381,0.5,0.173,69,32.8,10.55,Sodium Isopropyl Xanthate (SIPX),59.8,Pine Oil,42.1,12.6,Lime (CaO),1299,1.57,1.5,152,215,214.9,24.94,91.75,15.9,0.032
2026-01-26_Shift-B_Bank-2_Cell-10_1382,26-01-2026,Shift-B,Bank-2,Cell-10_1382,1.934,0.67,58.6,45,9.57,Sodium Isopropyl Xanthate (SIPX),79.3,Pine Oil,19.4,129.4,Lime (CaO),1220,1.28,1.84,212,162,243.3,25.3,91.73,17.38,0.066
2026-01-26_Shift-C_Bank-3_Cell-10_1383,26-01-2026,Shift-C,Bank-3,Cell-10_1383,4.104,1.421,56.9,38.1,11.61,Sodium Isopropyl Xanthate (SIPX),57.2,Pine Oil,18.9,134.7,Lime (CaO),1513,1.41,1.89,167,92.5,231.7,12.08,93.04,23.37,0.129
2026-01-26_Shift-A_Bank-4_Cell-10_1384,26-01-2026,Shift-A,Bank-4,Cell-10_1384,1.599,0.554,46.3,29.7,10.99,Sodium Isopropyl Xanthate (SIPX),33,Pine Oil,14,64.9,Lime (CaO),1984,1.34,1.91,195,112.1,233,10.61,75.53,22.74,0.199
2026-01-27_Shift-B_Bank-1_Cell-11_1385,27-01-2026,Shift-B,Bank-1,Cell-11_1385,1.53,0.53,58.3,34.1,9.95,Sodium Isopropyl Xanthate (SIPX),71.7,Pine Oil,19.4,181,Lime (CaO),915,1.41,1.77,202,181,214.2,22.18,96.02,30.19,0.02
2026-01-27_Shift-C_Bank-2_Cell-11_1386,27-01-2026,Shift-C,Bank-2,Cell-11_1386,1.033,0.358,62.3,34.5,9.39,Sodium Isopropyl Xanthate (SIPX),12.4,Pine Oil,9.3,77.3,Lime (CaO),832,1.58,1.83,161,216.2,212.3,27.12,88.16,20.51,0.06
2026-01-27_Shift-A_Bank-3_Cell-11_1387,27-01-2026,Shift-A,Bank-3,Cell-11_1387,1.944,0.673,77.4,34.7,11.04,Sodium Isopropyl Xanthate (SIPX),75,Pine Oil,22,7.5,Lime (CaO),1446,0.75,1.67,120,206.8,194.1,28.56,92.07,17.81,0.078
2026-01-27_Shift-B_Bank-4_Cell-11_1388,27-01-2026,Shift-B,Bank-4,Cell-11_1388,0.841,0.291,54.5,31.7,9.89,Sodium Isopropyl Xanthate (SIPX),35.9,Pine Oil,24.9,221,Lime (CaO),1116,2.19,1.86,218,223.1,213.8,24.89,85.01,27.66,0.051
2026-01-28_Shift-C_Bank-1_Cell-12_1389,28-01-2026,Shift-C,Bank-1,Cell-12_1389,1.409,0.488,73.7,39.2,9.46,Sodium Isopropyl Xanthate (SIPX),34.1,Pine Oil,18,88.3,Lime (CaO),783,2.06,2.13,184,156.9,140.8,35.08,90.38,21.79,0.058
2026-01-28_Shift-A_Bank-2_Cell-12_1390,28-01-2026,Shift-A,Bank-2,Cell-12_1390,1.306,0.452,62,28.3,9.71,Sodium Isopropyl Xanthate (SIPX),24.2,Pine Oil,7.6,39.9,Lime (CaO),953,1.75,2.3,163,166.5,246.7,14,75.78,19.19,0.166
2026-01-28_Shift-B_Bank-3_Cell-12_1391,28-01-2026,Shift-B,Bank-3,Cell-12_1391,1.528,0.529,71.3,36.1,11.14,Sodium Isopropyl Xanthate (SIPX),58.5,Pine Oil,20.3,138.1,Lime (CaO),2116,1.3,1.98,220,120.3,198.4,17.13,90.19,31.66,0.079
2026-01-29_Shift-C_Bank-4_Cell-12_1392,29-01-2026,Shift-C,Bank-4,Cell-12_1392,1.846,0.639,69.8,31.4,9.5,Sodium Isopropyl Xanthate (SIPX),58.7,Pine Oil,24.4,90.2,Lime (CaO),1074,1.62,1.73,125,154.9,172.5,21.2,95.2,20.71,0.032
2026-01-29_Shift-A_Bank-1_Cell-01_1393,29-01-2026,Shift-A,Bank-1,Cell-01_1393,2.12,0.734,74.9,31.3,9.91,Sodium Isopropyl Xanthate (SIPX),17.1,Pine Oil,21.4,274.1,Lime (CaO),722,1.46,1.54,178,181.1,248.7,17.15,83.92,30.74,0.179
2026-01-29_Shift-B_Bank-2_Cell-01_1394,29-01-2026,Shift-B,Bank-2,Cell-01_1394,1.042,0.361,57,32.4,10.02,Sodium Isopropyl Xanthate (SIPX),34.1,Pine Oil,6.9,109.7,Lime (CaO),1966,1.91,2.27,184,164.9,171.3,23.65,86.54,24.47,0.061
2026-01-29_Shift-C_Bank-3_Cell-01_1395,29-01-2026,Shift-C,Bank-3,Cell-01_1395,2.073,0.718,46.7,25,11.21,Sodium Isopropyl Xanthate (SIPX),59.8,Pine Oil,20,145.9,Lime (CaO),1640,1.46,1.87,174,198.3,212,16.7,86.88,23.51,0.141
2026-01-30_Shift-A_Bank-4_Cell-01_1396,30-01-2026,Shift-A,Bank-4,Cell-01_1396,1.373,0.475,67.8,28,9.06,Sodium Isopropyl Xanthate (SIPX),72.8,Pine Oil,21.1,84.6,Lime (CaO),1165,2.3,2.07,210,149.6,132.6,23.1,83.64,17.83,0.123
2026-01-30_Shift-B_Bank-1_Cell-02_1397,30-01-2026,Shift-B,Bank-1,Cell-02_1397,1.266,0.438,48.2,32.9,8.3,Sodium Isopropyl Xanthate (SIPX),31.2,Pine Oil,42.3,50,Lime (CaO),274,1.23,1.38,166,102.3,201.7,12.71,63.93,13.72,0.244
2026-01-30_Shift-C_Bank-2_Cell-02_1398,30-01-2026,Shift-C,Bank-2,Cell-02_1398,2.146,0.743,59.3,32.8,10.97,Sodium Isopropyl Xanthate (SIPX),8,Pine Oil,21.7,183.5,Lime (CaO),867,1.34,1.76,198,113.3,138.6,20.42,89.44,34,0.106
2026-01-30_Shift-A_Bank-3_Cell-02_1399,30-01-2026,Shift-A,Bank-3,Cell-02_1399,1.162,0.402,61.6,28,10.34,Sodium Isopropyl Xanthate (SIPX),38.3,Pine Oil,37.4,79.4,Lime (CaO),957,2.13,1.73,224,246.2,246.3,20.48,81.49,25.21,0.111
2026-01-31_Shift-B_Bank-4_Cell-02_1400,31-01-2026,Shift-B,Bank-4,Cell-02_1400,1.071,0.371,47.3,32.1,10.72,Sodium Isopropyl Xanthate (SIPX),50.9,Pine Oil,24.9,194.3,Lime (CaO),1566,0.58,1.72,126,131.4,206.4,15.44,73.03,33.38,0.151
2026-01-31_Shift-C_Bank-1_Cell-03_1401,31-01-2026,Shift-C,Bank-1,Cell-03_1401,4.468,1.547,44.3,30.2,9.8,Sodium Isopropyl Xanthate (SIPX),81.4,Pine Oil,32.5,104.8,Lime (CaO),1236,1.81,1.23,192,176.5,176.3,22.49,94.25,23.88,0.107
2026-01-31_Shift-A_Bank-2_Cell-03_1402,31-01-2026,Shift-A,Bank-2,Cell-03_1402,2.947,1.02,62.4,38.5,12.3,Sodium Isopropyl Xanthate (SIPX),33.6,Pine Oil,33.9,240.6,Lime (CaO),2799,1.12,1.37,144,116.4,188.4,18.99,85.72,23.91,0.203
2026-02-01_Shift-B_Bank-3_Cell-03_1403,01-02-2026,Shift-B,Bank-3,Cell-03_1403,1.321,0.457,73.3,29.6,10.83,Sodium Isopropyl Xanthate (SIPX),57.3,Pine Oil,20,71.8,Lime (CaO),1458,1.49,1.8,212,98,184.3,11.66,84.1,26.44,0.085
2026-02-01_Shift-C_Bank-4_Cell-03_1404,01-02-2026,Shift-C,Bank-4,Cell-03_1404,1.02,0.353,63.7,28.7,11.67,Sodium Isopropyl Xanthate (SIPX),62.8,Pine Oil,25.1,48.8,Lime (CaO),1691,1.57,1.8,179,141.7,240.9,12.43,88.28,18.83,0.053
2026-02-01_Shift-A_Bank-1_Cell-04_1405,01-02-2026,Shift-A,Bank-1,Cell-04_1405,1.002,0.347,67.4,32.2,10.07,Sodium Isopropyl Xanthate (SIPX),63.3,Pine Oil,28.1,92.7,Lime (CaO),1262,1.38,1.4,242,209.7,139.4,36.62,93.67,22.51,0.02
2026-02-01_Shift-B_Bank-2_Cell-04_1406,01-02-2026,Shift-B,Bank-2,Cell-04_1406,1.09,0.378,61.4,26.7,11.47,Sodium Isopropyl Xanthate (SIPX),67.3,Pine Oil,7.2,80.6,Lime (CaO),1982,2,2.35,189,134.4,201.5,12.89,71.41,20.14,0.157
2026-02-02_Shift-C_Bank-3_Cell-04_1407,02-02-2026,Shift-C,Bank-3,Cell-04_1407,2.784,0.964,55.1,20,10.78,Sodium Isopropyl Xanthate (SIPX),56.6,Pine Oil,7.8,22.7,Lime (CaO),937,1.79,2,187,143.3,229.3,8.61,69.39,16.31,0.457
2026-02-02_Shift-A_Bank-4_Cell-04_1408,02-02-2026,Shift-A,Bank-4,Cell-04_1408,1.348,0.467,70.5,32.9,10.55,Sodium Isopropyl Xanthate (SIPX),44.4,Pine Oil,35.1,111,Lime (CaO),1487,1.44,1.3,83,160.5,188,21.36,90.91,29.28,0.038
2026-02-02_Shift-B_Bank-1_Cell-05_1409,02-02-2026,Shift-B,Bank-1,Cell-05_1409,1.215,0.421,48.3,35.9,10.84,Sodium Isopropyl Xanthate (SIPX),51.9,Pine Oil,22.7,64.4,Lime (CaO),1543,1.53,1.59,181,195.5,182.7,29.94,94.28,24.88,0.032
2026-02-03_Shift-C_Bank-2_Cell-05_1410,03-02-2026,Shift-C,Bank-2,Cell-05_1410,1.009,0.349,72,31.2,10.32,Sodium Isopropyl Xanthate (SIPX),42.6,Pine Oil,34.5,42,Lime (CaO),1769,1.76,1.42,202,143,188.4,17.75,87.87,20.3,0.062
2026-02-03_Shift-A_Bank-3_Cell-05_1411,03-02-2026,Shift-A,Bank-3,Cell-05_1411,1.375,0.476,69.9,38.1,10.3,Sodium Isopropyl Xanthate (SIPX),25.4,Pine Oil,5,126,Lime (CaO),1456,1.82,2.23,105,42.2,149.7,8.52,56.2,26.71,0.33
2026-02-03_Shift-B_Bank-4_Cell-05_1412,03-02-2026,Shift-B,Bank-4,Cell-05_1412,1.056,0.366,76.1,29.2,10.85,Sodium Isopropyl Xanthate (SIPX),20.6,Pine Oil,24.2,31.3,Lime (CaO),1564,1.97,2,92,136.6,242.9,12.12,63.7,20.17,0.204
2026-02-03_Shift-C_Bank-1_Cell-06_1413,03-02-2026,Shift-C,Bank-1,Cell-06_1413,1.602,0.555,56.2,36.8,10.58,Sodium Isopropyl Xanthate (SIPX),49,Pine Oil,35.8,183,Lime (CaO),1336,0.88,1.48,139,193.8,211.1,26.55,92.29,31.3,0.062
2026-02-04_Shift-A_Bank-2_Cell-06_1414,04-02-2026,Shift-A,Bank-2,Cell-06_1414,1.603,0.555,57,34.6,10.96,Sodium Isopropyl Xanthate (SIPX),53.6,Pine Oil,17.3,35.1,Lime (CaO),2571,1.61,1.78,182,128.2,250.8,13.64,92.68,20.49,0.043
2026-02-04_Shift-B_Bank-3_Cell-06_1415,04-02-2026,Shift-B,Bank-3,Cell-06_1415,0.604,0.209,61.3,45,8.63,Sodium Isopropyl Xanthate (SIPX),61.2,Pine Oil,39.6,20.4,Lime (CaO),919,0.85,1.55,111,187,181.7,39.1,77,14.91,0.071
2026-02-04_Shift-C_Bank-4_Cell-06_1416,04-02-2026,Shift-C,Bank-4,Cell-06_1416,1.61,0.557,74.3,40.4,11.47,Sodium Isopropyl Xanthate (SIPX),42.2,Pine Oil,28.5,103.5,Lime (CaO),1461,1.82,1.35,172,117.3,201.1,19.09,91.52,23.8,0.064
2026-02-05_Shift-A_Bank-1_Cell-07_1417,05-02-2026,Shift-A,Bank-1,Cell-07_1417,2.455,0.85,64.5,32.4,8.89,Sodium Isopropyl Xanthate (SIPX),63.5,Pine Oil,19.9,4.6,Lime (CaO),1070,0.88,1.71,168,136.3,163.7,20.44,91.09,19.13,0.113
2026-02-05_Shift-B_Bank-2_Cell-07_1418,05-02-2026,Shift-B,Bank-2,Cell-07_1418,1.729,0.599,53,30.9,10.77,Sodium Isopropyl Xanthate (SIPX),38,Pine Oil,23.1,57.7,Lime (CaO),1423,1.99,1.89,176,184.1,243.3,17.53,93.58,22.86,0.04
2026-02-05_Shift-C_Bank-3_Cell-07_1419,05-02-2026,Shift-C,Bank-3,Cell-07_1419,2.397,0.83,45.9,40.6,9.04,Sodium Isopropyl Xanthate (SIPX),57,Pine Oil,37.2,162.8,Lime (CaO),1156,1.63,1.72,219,176,217.8,26.61,79.12,19.81,0.242
2026-02-05_Shift-A_Bank-4_Cell-07_1420,05-02-2026,Shift-A,Bank-4,Cell-07_1420,1.794,0.621,72.9,35,11.14,Sodium Isopropyl Xanthate (SIPX),67.8,Pine Oil,24.3,124,Lime (CaO),1402,1.48,1.59,208,148.8,158.2,25.46,94.27,30.7,0.038
2026-02-06_Shift-B_Bank-1_Cell-08_1421,06-02-2026,Shift-B,Bank-1,Cell-08_1421,1.676,0.58,57,30.1,10.24,Sodium Isopropyl Xanthate (SIPX),61.3,Pine Oil,25.3,21.8,Lime (CaO),1312,0.98,1.76,224,95.7,184.6,11.6,82.4,18.95,0.146
2026-02-06_Shift-C_Bank-2_Cell-08_1422,06-02-2026,Shift-C,Bank-2,Cell-08_1422,3.41,1.181,59.7,27.7,10.22,Sodium Isopropyl Xanthate (SIPX),49,Pine Oil,28.7,86.7,Lime (CaO),828,1.6,1.55,170,113.5,198.3,11.56,93.57,22.88,0.101
2026-02-06_Shift-A_Bank-3_Cell-08_1423,06-02-2026,Shift-A,Bank-3,Cell-08_1423,1.907,0.66,65.9,28.9,11.21,Sodium Isopropyl Xanthate (SIPX),47.3,Pine Oil,26,74.5,Lime (CaO),2019,1.3,1.47,214,212.9,240.4,18.87,94.37,24.49,0.044
2026-02-07_Shift-B_Bank-4_Cell-08_1424,07-02-2026,Shift-B,Bank-4,Cell-08_1424,2.291,0.793,60.1,33.4,12.2,Sodium Isopropyl Xanthate (SIPX),52.1,Pine Oil,30.3,32.6,Lime (CaO),2773,2.49,1.9,179,69.7,133.2,13.35,77.5,18.49,0.276
2026-02-07_Shift-C_Bank-1_Cell-09_1425,07-02-2026,Shift-C,Bank-1,Cell-09_1425,1.143,0.396,70.5,25.6,10.04,Sodium Isopropyl Xanthate (SIPX),38.1,Pine Oil,36.6,41.7,Lime (CaO),716,1.17,1.7,194,110.8,102.7,19.88,85.34,19.68,0.088
2026-02-07_Shift-A_Bank-2_Cell-09_1426,07-02-2026,Shift-A,Bank-2,Cell-09_1426,2.087,0.723,56.1,45,9.57,Sodium Isopropyl Xanthate (SIPX),50.5,Pine Oil,23.8,175.9,Lime (CaO),1326,1.48,1.71,142,153.4,212.9,27.37,94.1,17.42,0.043
2026-02-07_Shift-B_Bank-3_Cell-09_1427,07-02-2026,Shift-B,Bank-3,Cell-09_1427,3.045,1.054,51.1,38.2,12.12,Sodium Isopropyl Xanthate (SIPX),36.5,Pine Oil,15.5,46.8,Lime (CaO),2525,1.21,1.84,182,96.4,225.4,13,79.37,17.4,0.318
2026-02-08_Shift-C_Bank-4_Cell-09_1428,08-02-2026,Shift-C,Bank-4,Cell-09_1428,0.918,0.318,69.3,28.8,10.14,Sodium Isopropyl Xanthate (SIPX),61.2,Pine Oil,11.5,19.7,Lime (CaO),644,1.81,2.09,135,54.1,203.9,5.63,62.83,15.86,0.189
2026-02-08_Shift-A_Bank-1_Cell-10_1429,08-02-2026,Shift-A,Bank-1,Cell-10_1429,1.533,0.531,72.1,44,10.42,Sodium Isopropyl Xanthate (SIPX),47.3,Pine Oil,34.8,57.7,Lime (CaO),1175,0.84,1.27,201,138.7,134.7,37.93,92.45,18.39,0.057
2026-02-08_Shift-B_Bank-2_Cell-10_1430,08-02-2026,Shift-B,Bank-2,Cell-10_1430,1.217,0.422,63.8,40.2,9.45,Sodium Isopropyl Xanthate (SIPX),36.6,Pine Oil,18.6,34.1,Lime (CaO),1195,2.13,1.89,195,108.5,106.7,33.12,91.07,16.42,0.047
2026-02-09_Shift-C_Bank-3_Cell-10_1431,09-02-2026,Shift-C,Bank-3,Cell-10_1431,1.205,0.417,60.5,31.7,10.62,Sodium Isopropyl Xanthate (SIPX),31.3,Pine Oil,19.7,13.4,Lime (CaO),1428,1.23,1.96,143,138.5,236.8,13.95,91.03,17.52,0.047
2026-02-09_Shift-A_Bank-4_Cell-10_1432,09-02-2026,Shift-A,Bank-4,Cell-10_1432,1.106,0.383,40,37.6,10.81,Sodium Isopropyl Xanthate (SIPX),59.8,Pine Oil,29.2,128.3,Lime (CaO),1990,1.27,1.36,196,187.4,172.5,32.33,92.79,26.45,0.028
2026-02-09_Shift-B_Bank-1_Cell-11_1433,09-02-2026,Shift-B,Bank-1,Cell-11_1433,1.813,0.628,61,31.2,9.64,Sodium Isopropyl Xanthate (SIPX),46.7,Pine Oil,19.2,106.3,Lime (CaO),761,2,1.85,143,123.4,160.9,17.98,91.05,23.5,0.083
2026-02-09_Shift-C_Bank-2_Cell-11_1434,09-02-2026,Shift-C,Bank-2,Cell-11_1434,0.525,0.182,60.8,32.4,8.97,Sodium Isopropyl Xanthate (SIPX),28.9,Pine Oil,17.3,85.8,Lime (CaO),973,1.63,1.83,141,148.6,213.2,17.1,82.92,17.62,0.051
2026-02-10_Shift-A_Bank-3_Cell-11_1435,10-02-2026,Shift-A,Bank-3,Cell-11_1435,0.897,0.311,62.6,40.2,10.17,Sodium Isopropyl Xanthate (SIPX),19.4,Pine Oil,35.1,124.6,Lime (CaO),1172,0.9,1.45,149,206.1,167.2,40.06,93.39,24.87,0.034
2026-02-10_Shift-B_Bank-4_Cell-11_1436,10-02-2026,Shift-B,Bank-4,Cell-11_1436,0.622,0.215,63.4,35.5,9.96,Sodium Isopropyl Xanthate (SIPX),39.3,Pine Oil,36.8,121.7,Lime (CaO),956,1.27,1.39,201,119.4,166.6,19.76,90.37,26.44,0.031
2026-02-10_Shift-C_Bank-1_Cell-12_1437,10-02-2026,Shift-C,Bank-1,Cell-12_1437,2.173,0.752,54.3,35.1,8.78,Sodium Isopropyl Xanthate (SIPX),23.3,Pine Oil,35.8,130.3,Lime (CaO),895,1.33,1.18,178,187.1,191.7,26.51,91.84,21.11,0.082
2026-02-11_Shift-A_Bank-2_Cell-12_1438,11-02-2026,Shift-A,Bank-2,Cell-12_1438,1.27,0.44,52.1,39,8.35,Sodium Isopropyl Xanthate (SIPX),39.9,Pine Oil,30,110.4,Lime (CaO),687,1.9,1.3,154,168.3,208.5,25.24,86.26,15.1,0.089
2026-02-11_Shift-B_Bank-3_Cell-12_1439,11-02-2026,Shift-B,Bank-3,Cell-12_1439,2.481,0.859,70.7,34.2,10.89,Sodium Isopropyl Xanthate (SIPX),25.8,Pine Oil,17,99.8,Lime (CaO),1265,1.6,1.82,119,152.2,202.1,19.77,93.5,28.18,0.064
2026-02-11_Shift-C_Bank-4_Cell-12_1440,11-02-2026,Shift-C,Bank-4,Cell-12_1440,1.346,0.466,70.9,34.1,8.67,Sodium Isopropyl Xanthate (SIPX),22.4,Pine Oil,36.7,84.6,Lime (CaO),629,1.87,1.42,190,98.1,264.7,9.72,64.55,15.8,0.255
2026-02-11_Shift-A_Bank-1_Cell-01_1441,11-02-2026,Shift-A,Bank-1,Cell-01_1441,3.025,1.048,58.7,30.7,10.71,Sodium Isopropyl Xanthate (SIPX),37.5,Pine Oil,24,263.1,Lime (CaO),1745,1.71,1.77,124,194.4,148.8,30.04,95.54,34,0.047
2026-02-12_Shift-B_Bank-2_Cell-01_1442,12-02-2026,Shift-B,Bank-2,Cell-01_1442,2.053,0.711,68.5,32,10.54,Sodium Isopropyl Xanthate (SIPX),54.5,Pine Oil,24,200.6,Lime (CaO),714,1.29,1.72,174,127.3,185.1,16.65,94.76,31.86,0.044
2026-02-12_Shift-C_Bank-3_Cell-01_1443,12-02-2026,Shift-C,Bank-3,Cell-01_1443,3.051,1.057,70.2,26.4,11.54,Sodium Isopropyl Xanthate (SIPX),56.2,Pine Oil,20,128.5,Lime (CaO),2443,0.76,2.07,84,176.2,160.3,20.96,78.49,21.67,0.345
2026-02-12_Shift-A_Bank-4_Cell-01_1444,12-02-2026,Shift-A,Bank-4,Cell-01_1444,1.616,0.56,84.4,31,10.7,Sodium Isopropyl Xanthate (SIPX),35.4,Pine Oil,8.5,53.5,Lime (CaO),1634,1.02,1.97,181,146.4,205.3,16.56,73.33,19.32,0.226
2026-02-12_Shift-B_Bank-1_Cell-02_1445,12-02-2026,Shift-B,Bank-1,Cell-02_1445,1.864,0.646,66,31,11.64,Sodium Isopropyl Xanthate (SIPX),32.7,Pine Oil,26.7,55.3,Lime (CaO),2111,1.81,1.73,83,195.7,238.6,19.07,88.97,23.2,0.105
2026-02-13_Shift-C_Bank-2_Cell-02_1446,13-02-2026,Shift-C,Bank-2,Cell-02_1446,0.643,0.223,56.4,20,8.94,Sodium Isopropyl Xanthate (SIPX),37.9,Pine Oil,27.9,129.6,Lime (CaO),1027,1.01,1.79,123,96.4,223.8,5.93,50.93,16.54,0.188
2026-02-13_Shift-A_Bank-3_Cell-02_1447,13-02-2026,Shift-A,Bank-3,Cell-02_1447,1.777,0.616,62.8,41.8,12.08,Sodium Isopropyl Xanthate (SIPX),55.8,Pine Oil,27.8,350,Lime (CaO),2706,1.25,1.72,103,121.9,123.1,33.96,87.8,16.81,0.104
2026-02-13_Shift-B_Bank-4_Cell-02_1448,13-02-2026,Shift-B,Bank-4,Cell-02_1448,2.262,0.783,58.2,35.2,11.71,Sodium Isopropyl Xanthate (SIPX),64.9,Pine Oil,20.9,119.2,Lime (CaO),920,1.07,1.87,145,186.4,220.8,23.01,94.88,25,0.053
2026-02-14_Shift-C_Bank-1_Cell-03_1449,14-02-2026,Shift-C,Bank-1,Cell-03_1449,1.718,0.595,74.6,30.7,11.47,Sodium Isopropyl Xanthate (SIPX),78,Pine Oil,9.9,251.6,Lime (CaO),2215,1.28,1.9,139,129.5,208.4,14.27,78.22,26.96,0.194
2026-02-14_Shift-A_Bank-2_Cell-03_1450,14-02-2026,Shift-A,Bank-2,Cell-03_1450,2.282,0.79,67.7,35.3,10.77,Sodium Isopropyl Xanthate (SIPX),50.9,Pine Oil,36.4,45.1,Lime (CaO),1880,1.32,1.48,140,119.9,153.4,21.45,94.16,24.05,0.063
2026-02-14_Shift-B_Bank-3_Cell-03_1451,14-02-2026,Shift-B,Bank-3,Cell-03_1451,0.5,0.173,64.4,34.7,9.87,Sodium Isopropyl Xanthate (SIPX),32.9,Pine Oil,27.2,116.8,Lime (CaO),1227,1.29,1.61,208,179.8,185.3,26.04,91.82,27.42,0.025
2026-02-14_Shift-C_Bank-4_Cell-03_1452,14-02-2026,Shift-C,Bank-4,Cell-03_1452,1.896,0.657,57.5,34.3,11.24,Sodium Isopropyl Xanthate (SIPX),49.2,Pine Oil,28.8,75,Lime (CaO),2550,1.56,1.58,133,162.9,234.7,18.31,92.01,26.81,0.071
2026-02-15_Shift-A_Bank-1_Cell-04_1453,15-02-2026,Shift-A,Bank-1,Cell-04_1453,1.469,0.509,49.6,36.2,10.66,Sodium Isopropyl Xanthate (SIPX),24.1,Pine Oil,23.2,100.1,Lime (CaO),1389,1.66,1.52,173,151.1,201.6,21.21,95.12,28.22,0.036
2026-02-15_Shift-B_Bank-2_Cell-04_1454,15-02-2026,Shift-B,Bank-2,Cell-04_1454,2.402,0.832,61,30.7,10.88,Sodium Isopropyl Xanthate (SIPX),71,Pine Oil,13.8,54.5,Lime (CaO),2179,2.6,2.35,125,189.3,165.6,26.24,87.88,22.06,0.138
2026-02-15_Shift-C_Bank-3_Cell-04_1455,15-02-2026,Shift-C,Bank-3,Cell-04_1455,0.821,0.284,78.4,35.5,12.3,Sodium Isopropyl Xanthate (SIPX),37.8,Pine Oil,30.3,101.9,Lime (CaO),1084,0.99,1.67,146,190.5,120.2,43.64,89.52,18.62,0.025
2026-02-16_Shift-A_Bank-4_Cell-04_1456,16-02-2026,Shift-A,Bank-4,Cell-04_1456,2.185,0.757,83.2,23.8,9.89,Sodium Isopropyl Xanthate (SIPX),66.6,Pine Oil,30.2,28.8,Lime (CaO),564,2.1,2.19,105,169.6,116.2,24.61,70.37,16.26,0.337
2026-02-16_Shift-B_Bank-1_Cell-05_1457,16-02-2026,Shift-B,Bank-1,Cell-05_1457,0.727,0.252,54.2,42.6,9.35,Sodium Isopropyl Xanthate (SIPX),47.2,Pine Oil,8.9,49.9,Lime (CaO),1016,0.91,1.98,121,185.4,178.7,36.47,82,15.16,0.065
2026-02-16_Shift-C_Bank-2_Cell-05_1458,16-02-2026,Shift-C,Bank-2,Cell-05_1458,2.312,0.801,70.2,40.9,10.59,Sodium Isopropyl Xanthate (SIPX),39.4,Pine Oil,13.5,64.6,Lime (CaO),1266,1.91,1.85,185,231.7,141.4,54.63,95.53,19.2,0.049
2026-02-16_Shift-A_Bank-3_Cell-05_1459,16-02-2026,Shift-A,Bank-3,Cell-05_1459,2.109,0.73,64,30.6,9.67,Sodium Isopropyl Xanthate (SIPX),27.6,Pine Oil,20.3,85.4,Lime (CaO),1066,0.83,1.5,237,134.5,141.7,21.66,90.25,23.01,0.097
2026-02-17_Shift-B_Bank-4_Cell-05_1460,17-02-2026,Shift-B,Bank-4,Cell-05_1460,1.144,0.396,60.6,22.4,9.85,Sodium Isopropyl Xanthate (SIPX),23.9,Pine Oil,6.1,85.7,Lime (CaO),870,1.56,2.12,133,103.3,153.2,10.58,64.59,17.49,0.209
2026-02-17_Shift-C_Bank-1_Cell-06_1461,17-02-2026,Shift-C,Bank-1,Cell-06_1461,1.915,0.663,71.3,38.8,10.13,Sodium Isopropyl Xanthate (SIPX),58,Pine Oil,14.7,92.5,Lime (CaO),568,1.16,1.99,189,99.1,163.4,18.83,90.85,25.15,0.081
2026-02-17_Shift-A_Bank-2_Cell-06_1462,17-02-2026,Shift-A,Bank-2,Cell-06_1462,2.351,0.814,68.7,35.1,10.94,Sodium Isopropyl Xanthate (SIPX),55.6,Pine Oil,27.5,88.3,Lime (CaO),1488,1.3,1.59,150,40,146.2,7.45,86.88,26.97,0.149
2026-02-18_Shift-B_Bank-3_Cell-06_1463,18-02-2026,Shift-B,Bank-3,Cell-06_1463,1.528,0.529,70.3,35.7,10.37,Sodium Isopropyl Xanthate (SIPX),57.2,Pine Oil,37.2,73.7,Lime (CaO),987,1.59,1.27,96,100.7,243.7,11.49,81.15,28.41,0.139
2026-02-18_Shift-C_Bank-4_Cell-06_1464,18-02-2026,Shift-C,Bank-4,Cell-06_1464,3.573,1.237,55,27.7,9.6,Sodium Isopropyl Xanthate (SIPX),49.6,Pine Oil,41.4,67.3,Lime (CaO),1079,1.74,1.34,184,119.9,264.8,9.14,79.44,19.68,0.388
2026-02-18_Shift-A_Bank-1_Cell-07_1465,18-02-2026,Shift-A,Bank-1,Cell-07_1465,1.293,0.448,63.1,31.1,10.38,Sodium Isopropyl Xanthate (SIPX),39.5,Pine Oil,32.5,58.6,Lime (CaO),1456,1.44,1.34,193,139.8,141.8,23.02,95.19,24.91,0.02
2026-02-18_Shift-B_Bank-2_Cell-07_1466,18-02-2026,Shift-B,Bank-2,Cell-07_1466,1.365,0.473,49.5,34.8,11.54,Sodium Isopropyl Xanthate (SIPX),35.9,Pine Oil,37.8,65.3,Lime (CaO),2521,1.6,1.15,127,211.6,211.7,26.92,92.04,23.02,0.042
2026-02-19_Shift-C_Bank-3_Cell-07_1467,19-02-2026,Shift-C,Bank-3,Cell-07_1467,0.773,0.268,55.3,31.1,9.41,Sodium Isopropyl Xanthate (SIPX),37.7,Pine Oil,20.6,82.9,Lime (CaO),602,1.2,1.79,169,201.2,193.4,24.25,93.51,22.04,0.021
2026-02-19_Shift-A_Bank-4_Cell-07_1468,19-02-2026,Shift-A,Bank-4,Cell-07_1468,2.298,0.796,85,29.9,10.86,Sodium Isopropyl Xanthate (SIPX),68.2,Pine Oil,13.7,222.5,Lime (CaO),2258,1.78,1.92,168,247.7,177,31.07,92.07,29.94,0.083
2026-02-19_Shift-B_Bank-1_Cell-08_1469,19-02-2026,Shift-B,Bank-1,Cell-08_1469,1.874,0.649,51.3,38,8.83,Sodium Isopropyl Xanthate (SIPX),47.4,Pine Oil,23.8,83.5,Lime (CaO),736,1.86,1.55,214,174,201.9,26.03,89.69,19.43,0.106
2026-02-20_Shift-C_Bank-2_Cell-08_1470,20-02-2026,Shift-C,Bank-2,Cell-08_1470,0.997,0.345,66.3,35.3,10.13,Sodium Isopropyl Xanthate (SIPX),38.1,Pine Oil,36.6,176.4,Lime (CaO),1701,1.36,1.36,150,105.3,182.2,15.86,88.96,28.77,0.054
2026-02-20_Shift-A_Bank-3_Cell-08_1471,20-02-2026,Shift-A,Bank-3,Cell-08_1471,1.897,0.657,52.9,27.1,10.57,Sodium Isopropyl Xanthate (SIPX),21.2,Pine Oil,7.1,35.2,Lime (CaO),1522,1.76,2.28,222,168.8,201.2,16.51,72.38,19.3,0.28
2026-02-20_Shift-B_Bank-4_Cell-08_1472,20-02-2026,Shift-B,Bank-4,Cell-08_1472,0.5,0.173,69.6,34.6,10.06,Sodium Isopropyl Xanthate (SIPX),31.7,Pine Oil,23.4,134.8,Lime (CaO),980,1.53,2.04,191,178,186.1,25.56,91.51,29.03,0.02
2026-02-20_Shift-C_Bank-1_Cell-09_1473,20-02-2026,Shift-C,Bank-1,Cell-09_1473,1.493,0.517,71.7,29.4,10.34,Sodium Isopropyl Xanthate (SIPX),38.2,Pine Oil,38.2,173.2,Lime (CaO),1549,1.69,1.19,217,137.6,246.7,12.14,81.4,28.73,0.143
2026-02-21_Shift-A_Bank-2_Cell-09_1474,21-02-2026,Shift-A,Bank-2,Cell-09_1474,1.665,0.576,64.6,31,11.88,Sodium Isopropyl Xanthate (SIPX),43.1,Pine Oil,40.2,34.4,Lime (CaO),1813,1.31,1.55,122,139.4,217.7,14.89,83.41,22.05,0.137
2026-02-21_Shift-B_Bank-3_Cell-09_1475,21-02-2026,Shift-B,Bank-3,Cell-09_1475,2.703,0.936,66.3,31.5,10.75,Sodium Isopropyl Xanthate (SIPX),58.5,Pine Oil,22.6,80.2,Lime (CaO),1439,1.01,1.66,180,131.6,202.2,15.44,95.34,27.21,0.04
2026-02-21_Shift-C_Bank-4_Cell-09_1476,21-02-2026,Shift-C,Bank-4,Cell-09_1476,1.207,0.418,55.1,33.9,11.19,Sodium Isopropyl Xanthate (SIPX),23.8,Pine Oil,22.4,110.8,Lime (CaO),723,1.94,1.6,233,106.6,170,16.33,83.31,25.86,0.084
2026-02-22_Shift-A_Bank-1_Cell-10_1477,22-02-2026,Shift-A,Bank-1,Cell-10_1477,1.274,0.441,61.2,27.4,12.3,Sodium Isopropyl Xanthate (SIPX),32.6,Pine Oil,12.9,44.4,Lime (CaO),1209,1.79,1.9,141,161.5,151.8,21.24,85.33,17.09,0.098
2026-02-22_Shift-B_Bank-2_Cell-10_1478,22-02-2026,Shift-B,Bank-2,Cell-10_1478,4.082,1.413,78,32.3,10.59,Sodium Isopropyl Xanthate (SIPX),29.6,Pine Oil,10.1,60.3,Lime (CaO),1360,1.26,1.63,141,77.6,129,14.71,85.24,27.7,0.304
2026-02-22_Shift-C_Bank-3_Cell-10_1479,22-02-2026,Shift-C,Bank-3,Cell-10_1479,1.885,0.653,51.2,25.6,12.3,Sodium Isopropyl Xanthate (SIPX),55.9,Pine Oil,32,106.8,Lime (CaO),1112,0.92,1.77,181,146.4,154.2,17.46,78.25,18.9,0.212
2026-02-22_Shift-A_Bank-4_Cell-10_1480,22-02-2026,Shift-A,Bank-4,Cell-10_1480,2.882,0.998,56.5,29.4,9.26,Sodium Isopropyl Xanthate (SIPX),49.6,Pine Oil,26.8,187.8,Lime (CaO),1107,2.36,2.08,184,132.9,170.5,16.94,83.3,22.86,0.248
2026-02-23_Shift-B_Bank-1_Cell-11_1481,23-02-2026,Shift-B,Bank-1,Cell-11_1481,2.106,0.729,50.5,32,10.96,Sodium Isopropyl Xanthate (SIPX),43,Pine Oil,21.3,18.9,Lime (CaO),1719,1.4,1.27,132,86.5,185.1,11.31,90.4,16.04,0.099
2026-02-23_Shift-C_Bank-2_Cell-11_1482,23-02-2026,Shift-C,Bank-2,Cell-11_1482,1.33,0.461,47,30.8,9.33,Sodium Isopropyl Xanthate (SIPX),65.4,Pine Oil,9.2,69.7,Lime (CaO),1398,1.13,1.71,228,224,263.7,19.57,74.5,21.72,0.173
2026-02-23_Shift-A_Bank-3_Cell-11_1483,23-02-2026,Shift-A,Bank-3,Cell-11_1483,1.21,0.419,76,34.7,8.65,Sodium Isopropyl Xanthate (SIPX),30.5,Pine Oil,5,93.2,Lime (CaO),629,1.78,2.08,101,209.4,226.9,24.76,67.19,17.69,0.209
2026-02-23_Shift-B_Bank-4_Cell-11_1484,23-02-2026,Shift-B,Bank-4,Cell-11_1484,1.807,0.626,63.9,27.4,8.67,Sodium Isopropyl Xanthate (SIPX),65.6,Pine Oil,39.8,178,Lime (CaO),572,1.36,1.41,244,254.9,152.3,33.39,88.36,17.84,0.095
2026-02-24_Shift-C_Bank-1_Cell-12_1485,24-02-2026,Shift-C,Bank-1,Cell-12_1485,3.025,1.048,65.6,33.1,9.56,Sodium Isopropyl Xanthate (SIPX),68.5,Pine Oil,20.7,331.4,Lime (CaO),951,1.01,1.67,237,173.8,186.7,23.49,86.14,26.48,0.199
2026-02-24_Shift-A_Bank-2_Cell-12_1486,24-02-2026,Shift-A,Bank-2,Cell-12_1486,1.247,0.432,71.9,33,12.3,Sodium Isopropyl Xanthate (SIPX),46.1,Pine Oil,34.4,68.9,Lime (CaO),2454,1.51,1.42,177,85.1,246.8,8.68,73.46,20.09,0.178
2026-02-24_Shift-B_Bank-3_Cell-12_1487,24-02-2026,Shift-B,Bank-3,Cell-12_1487,1.396,0.483,52.1,29,8.24,Sodium Isopropyl Xanthate (SIPX),8,Pine Oil,35.7,74.2,Lime (CaO),455,0.97,1.6,174,192.6,129.7,31.77,76.41,16.61,0.162
2026-02-25_Shift-C_Bank-4_Cell-12_1488,25-02-2026,Shift-C,Bank-4,Cell-12_1488,1.355,0.469,40.6,35.1,10.81,Sodium Isopropyl Xanthate (SIPX),18.1,Pine Oil,31.8,104.8,Lime (CaO),2002,0.78,1.61,171,110.9,216.7,13.93,66.76,27.78,0.234
2026-02-25_Shift-A_Bank-1_Cell-01_1489,25-02-2026,Shift-A,Bank-1,Cell-01_1489,1.118,0.387,64.6,38.6,11.92,Sodium Isopropyl Xanthate (SIPX),64.9,Pine Oil,23.3,57.3,Lime (CaO),2081,1.88,1.65,207,151.8,211.8,22.12,88.53,17.75,0.061
2026-02-25_Shift-B_Bank-2_Cell-01_1490,25-02-2026,Shift-B,Bank-2,Cell-01_1490,1.941,0.672,55.7,29.8,10.34,Sodium Isopropyl Xanthate (SIPX),31.6,Pine Oil,10,39.8,Lime (CaO),1073,0.87,1.8,159,116.1,210.4,12.2,79.67,22.55,0.204
2026-02-25_Shift-C_Bank-3_Cell-01_1491,25-02-2026,Shift-C,Bank-3,Cell-01_1491,0.932,0.323,74,32.9,9.64,Sodium Isopropyl Xanthate (SIPX),38.8,Pine Oil,21,144.9,Lime (CaO),1316,1.82,1.57,162,199.7,214.8,23.3,93.28,26.75,0.025
2026-02-26_Shift-A_Bank-4_Cell-01_1492,26-02-2026,Shift-A,Bank-4,Cell-01_1492,0.904,0.313,56.2,31.4,10.32,Sodium Isopropyl Xanthate (SIPX),61.1,Pine Oil,21.3,268.4,Lime (CaO),1009,2.19,2.08,171,188,255.9,17.31,83.6,30.15,0.07
2026-02-26_Shift-B_Bank-1_Cell-02_1493,26-02-2026,Shift-B,Bank-1,Cell-02_1493,0.879,0.304,79.3,45,10.51,Sodium Isopropyl Xanthate (SIPX),48.7,Pine Oil,27.2,92.5,Lime (CaO),1316,1.9,1.64,116,117.6,174.1,25.66,82.19,19.55,0.088
2026-02-26_Shift-C_Bank-2_Cell-02_1494,26-02-2026,Shift-C,Bank-2,Cell-02_1494,1.591,0.551,61.7,42.3,10.21,Sodium Isopropyl Xanthate (SIPX),34.6,Pine Oil,23.4,117.3,Lime (CaO),1288,1.33,1.52,114,127.7,179.3,24.82,95.44,21.01,0.036
2026-02-27_Shift-A_Bank-3_Cell-02_1495,27-02-2026,Shift-A,Bank-3,Cell-02_1495,1.933,0.669,61.2,34.1,9.69,Sodium Isopropyl Xanthate (SIPX),63.3,Pine Oil,28.2,89.8,Lime (CaO),1115,1.92,1.88,136,168.7,198.8,22.26,94.1,24.76,0.049
2026-02-27_Shift-B_Bank-4_Cell-02_1496,27-02-2026,Shift-B,Bank-4,Cell-02_1496,2.027,0.702,75.1,32.8,11.82,Sodium Isopropyl Xanthate (SIPX),43.7,Pine Oil,25.7,104,Lime (CaO),1896,1.05,1.66,201,119.3,199.7,14.88,82.89,23.87,0.164
2026-02-27_Shift-C_Bank-1_Cell-03_1497,27-02-2026,Shift-C,Bank-1,Cell-03_1497,1.837,0.636,63.9,35.2,10.57,Sodium Isopropyl Xanthate (SIPX),42.2,Pine Oil,15,65.6,Lime (CaO),1656,1.52,1.87,178,148.5,247.9,16.37,94.01,27.6,0.07
2026-02-27_Shift-A_Bank-2_Cell-03_1498,27-02-2026,Shift-A,Bank-2,Cell-03_1498,1.379,0.478,57.9,34.7,9.48,Sodium Isopropyl Xanthate (SIPX),26.5,Pine Oil,24.1,80.6,Lime (CaO),1088,1.91,1.9,140,173,307.2,15.08,84.21,22.92,0.105
2026-02-28_Shift-B_Bank-3_Cell-03_1499,28-02-2026,Shift-B,Bank-3,Cell-03_1499,1.832,0.635,51.7,30.5,10.61,Sodium Isopropyl Xanthate (SIPX),41.1,Pine Oil,9.2,70.4,Lime (CaO),1442,2.11,2.04,157,168.9,238.6,16.12,82.53,26.67,0.138
2026-02-28_Shift-C_Bank-4_Cell-03_1500,28-02-2026,Shift-C,Bank-4,Cell-03_1500,0.987,0.342,81.8,21.8,11.93,Sodium Isopropyl Xanthate (SIPX),50,Pine Oil,9.6,31,Lime (CaO),2980,0.92,1.99,176,183.8,173.3,16.14,59.95,18.79,0.216
